0001   0000             ;*****************************************************************************
0002   0000             ;*                                                                           *
0003   0000             ;* PHOENIX (AMSTAR, SET 1).  Amstar Electronics Corp. 1980                   *
0004   0000             ;*                                                                           *
0005   0000             ;*****************************************************************************
0006   0000             ;* This code refers to the "maincpu" section of the ROM region from ROM set. *
0007   0000             ;*                                                                           *
0008   0000             ;* ROM region offsets:                                                       *
0009   0000             ;*  ic45        $0000-$07FF                                                  *
0010   0000             ;*  ic46        $0800-$0FFF                                                  *
0011   0000             ;*  ic47        $1000-$17FF                                                  *
0012   0000             ;*  ic48        $1800-$1FFF                                                  *
0013   0000             ;*  h5-ic49.5a  $2000-$27FF                                                  *
0014   0000             ;*  h6-ic50.6a  $2800-$2FFF                                                  *
0015   0000             ;*  h7-ic51.7a  $3000-$37FF                                                  *
0016   0000             ;*  h8-ic52.8a  $3800-$3FFF                                                  *
0017   0000             ;*****************************************************************************
0018   0000             ;* 20250330                                                                  *
0019   0000             ;* Skipped all unused code and data.                                         *
0020   0000             ;* All code and data at original offsets.                                    *
0021   0000             ;* Assebled with 'Micro Z80 assembler - uz80as' (v2.02).                     *
0022   0000             ;* https://github.com/jorgicor/uz80as                                        *
0023   0000             ;* Usage:                                                                    *
0024   0000             ;* uz80as.exe -x Phoenix.asm                                                 *
0025   0000             ;*****************************************************************************
0026   0000             
0027   0000             ; ForegroundScreen.
0028   0000             ForegroundScreen       .EQU $4000       ;32*26 bytes for the foreground screen
0029   0000             
0030   0000             ; General storage.
0031   0000             ; Alien-formation attack controller data:
0032   0000             ; Drives when and how aliens break out of the base formation to fly their "closed loop" swooping attack patterns.
0033   0000             ; The whole structure (`$4350`–`$437F`) is zeroed at level init by the routine at `$32B0`,
0034   0000             ; and it's serviced every frame by a 7 way state machine dispatched through the jump table `T3018` (indexed by `Counter93`),
0035   0000             ; with each handler reading/updating the behavior state in `$4350`.
0036   0000             M4350                  .EQU $4350       ;Alien behavior state (the state-machine variable, values 0–6)
0037   0000             M4351                  .EQU $4351       ;MSB of next closed loop pattern (into the `T2Exx` / `T3330` pattern tables)
0038   0000             M4352                  .EQU $4352       ;LSB of next closed loop pattern (into the `T2Exx` / `T3330` pattern tables)
0039   0000             M4353                  .EQU $4353       ;Number of aliens doing the closed loop pattern (how many attackers)
0040   0000             M4354                  .EQU $4354       ;LSB pointer to the currently selected lead attacking alien (`$4B50`/`$4B72` grid slot)
0041   0000             M4355                  .EQU $4355       ;Delay counter before the next attack is armed (→ behavior state 1)
0042   0000             M4356                  .EQU $4356       ;Rotating 0–15 "movement start" index (from `$4395`) used to sync aliens
0043   0000             M4357                  .EQU $4357       ;Attack-cycle/escalation counter (0–3); scales attacker count and difficulty
0044   0000             M4358                  .EQU $4358       ;Inter-step timer for the angry downward-push movement pattern
0045   0000             M4359                  .EQU $4359       ;Staggered group countdown timer 1 for phased alien launches
0046   0000             M435A                  .EQU $435A       ;Staggered group countdown timer 2 for phased alien launches
0047   0000             M435B                  .EQU $435B       ;Staggered group countdown timer 3 for phased alien launches
0048   0000             
0049   0000             ; Flags and counter:
0050   0000             M435E                  .EQU $435E       ;Flag for: 'AliensLeft < 5' ($FF)
0051   0000             M435F                  .EQU $435F       ;8 bit counter for alien movement
0052   0000             PlayerMoved            .EQU $4360       ;Flag for: 'Player moved' ($FF)
0053   0000             BulletTriggered        .EQU $4361       ;Flag for: 'Bullet triggered' ($30) and counter
0054   0000             M4362                  .EQU $4362       ;Flag for: 'Player shield active' and animation counter
0055   0000             ParticleExplosion      .EQU $4363       ;Flag for: 'Particle explosion start' and animation counter
0056   0000             M4364                  .EQU $4364       ;Flag for: 'Enemy hit detected' ($FF) and counter
0057   0000             
0058   0000             M4366                  .EQU $4366       ;Flag for: 'Mothership or bird wing hit detected' ($FF)
0059   0000             M4367                  .EQU $4367       ;Flag for: 'Mothership partially faded in' ($FF)
0060   0000             M4368                  .EQU $4368       ;Maturity of the birds. From 'egg' over 'no wings' to 'adult' ($01 to $0F)
0061   0000             M4369                  .EQU $4369       ;Flag for: 'Bonus explosion' ($FF)
0062   0000             M436A                  .EQU $436A       ;Flag for: 'Bonus live added' ($FF) and counter
0063   0000             M436B                  .EQU $436B       ;Flag for: 'Mother ship score display' ($FF) and counter
0064   0000             
0065   0000             ; Shape of the next bird attack:
0066   0000             ; All three are recomputed by `L3560` each time a new bird group is dispatched.
0067   0000             M436D                  .EQU $436D       ;Horizontal start position of the bird group
0068   0000             M436E                  .EQU $436E       ;Bird count / formation-size for the wave
0069   0000             M436F                  .EQU $436F       ;Per-wave random variation seed (keeps successive waves from being identical)
0070   0000             
0071   0000             ;Explosion slots for animation:
0072   0000             M4370                  .EQU $4370       ;Explosion slot0 animation index
0073   0000             M4371                  .EQU $4371       ;Explosion slot0 BCD score value (last digit is ever 0)
0074   0000             M4372                  .EQU $4372       ;Explosion slot0 MSB screen ram
0075   0000             M4373                  .EQU $4373       ;Explosion slot0 LSB screen ram
0076   0000             M4374                  .EQU $4374       ;Explosion slot1 animation index
0077   0000             M4375                  .EQU $4375       ;Explosion slot1 BCD score value (last digit is ever 0)
0078   0000             M4376                  .EQU $4376       ;Explosion slot1 MSB screen ram
0079   0000             M4377                  .EQU $4377       ;Explosion slot1 LSB screen ram
0080   0000             M4378                  .EQU $4378       ;Bonus explosion slot0 animation index
0081   0000             M4379                  .EQU $4379       ;Bonus explosion slot0 BCD score value (last digit is ever 0)
0082   0000             M437A                  .EQU $437A       ;Bonus explosion slot0 MSB screen ram
0083   0000             M437B                  .EQU $437B       ;Bonus explosion slot0 LSB screen ram
0084   0000             M437C                  .EQU $437C       ;Bonus explosion slot1 animation index
0085   0000             M437D                  .EQU $437D       ;Bonus explosion slot1 BCD score value (last digit is ever 0)
0086   0000             M437E                  .EQU $437E       ;Bonus explosion slot1 MSB screen ram
0087   0000             M437F                  .EQU $437F       ;Bonus explosion slot1 LSB screen ram
0088   0000             
0089   0000             ;For the score:
0090   0000             M4380                  .EQU $4380       ;Ever set to 0 (prevents overflow)
0091   0000             Score1high             .EQU $4381       ;Player 1 score BCD (high)
0092   0000             Score1mid              .EQU $4382       ;Player 1 score BCD (mid)
0093   0000             Score1low              .EQU $4383       ;Player 1 score BCD (low)
0094   0000             M4384                  .EQU $4384       ;Ever set to 0 (prevents overflow)
0095   0000             Score2high             .EQU $4385       ;Player 2 score BCD (high)
0096   0000             Score2mid              .EQU $4386       ;Player 2 score BCD (mid)
0097   0000             Score2low              .EQU $4387       ;Player 2 score BCD (low)
0098   0000             M4388                  .EQU $4388       ;Ever set to 0 (prevents overflow)
0099   0000             HiScorehigh            .EQU $4389       ;Hi score BCD (high)
0100   0000             HiScoremid             .EQU $438A       ;Hi score BCD (mid)
0101   0000             HiScorelow             .EQU $438B       ;Hi score BCD (low)
0102   0000             
0103   0000             ;For general purposes:
0104   0000             SoundControlA          .EQU $438C       ;RAM copy of sound device control register A (0x6000)
0105   0000             SoundControlB          .EQU $438D       ;RAM copy of sound device control register B (0x6800)
0106   0000             M438E                  .EQU $438E       ;Bird-wave background-sound phase (advances the melody, low bit drives SoundControlB)
0107   0000             CoinCount              .EQU $438F       ;Number of coins inserted (max is 9)
0108   0000             Player1Lives           .EQU $4390       ;Player 1 number of lives
0109   0000             Player2Lives           .EQU $4391       ;Player 2 number of lives
0110   0000             M4392                  .EQU $4392       ;Ever set to 0 ?
0111   0000             Counter93              .EQU $4393       ;Free running counter during playtime at game level 3
0112   0000             M4394                  .EQU $4394       ;Start value list pointer for alien movement MSB
0113   0000             M4395                  .EQU $4395       ;Start value list pointer for alien movement LSB
0114   0000             M4396                  .EQU $4396       ;Bird-wave background-sound step timer (counts frames per tone vs `T3DE0` duration)
0115   0000             M4397                  .EQU $4397       ;Score "dirty" flag — `0` means score changed this frame -> redraw the digits
0116   0000             M4398                  .EQU $4398       ;16 bit counter (MSB) actual index for slow print at intro splash
0117   0000             M4399                  .EQU $4399       ;16 bit counter (LSB) actual index for slow print at intro splash
0118   0000             Counter9A              .EQU $439A       ;16 bit counter (MSB) for animation
0119   0000             M439B                  .EQU $439B       ;16 bit counter (LSB) for animation and next index for slow print at intro splash
0120   0000             M439C                  .EQU $439C       ;Spiral-fill animation step counter (level 4/6/8 inter-wave fade-in)
0121   0000             M439D                  .EQU $439D       ;Fist two digits of BCD score value for mothership explosion
0122   0000             M439E                  .EQU $439E       ;Mapped player ship position, left part: ($09 to $C0)
0123   0000             M439F                  .EQU $439F       ;Mapped player ship position, right part: ($17 to $C8)
0124   0000             IN0Current             .EQU $43A0       ;Current value of IN0: bit0='coin', bit1='1 player', bit2='2 players', bit4='fire', bit5='right', bit6='left', bit7='shield'
0125   0000             IN0Previous            .EQU $43A1       ;Previous value of IN0
0126   0000             GameOrAttract          .EQU $43A2       ;Attract mode=0, One player game mode=1, Two players game mode=2
0127   0000             GameAndDemoOrSplash    .EQU $43A3       ;Game and demo for player 1=0, Game for player 2=1, Intro splash=2
0128   0000             GameState              .EQU $43A4       ;Game state=0 - 7
0129   0000             CounterA5              .EQU $43A5       ;8 bit counter (e.g.: score flash time)
0130   0000             ShieldCount            .EQU $43A6       ;Counts shield time and controls shield picture. Shields end at C0.
0131   0000             AnimationCounter       .EQU $43A7       ;For mothership's antenna and the alien pilot animation
0132   0000             M43A8                  .EQU $43A8       ;Temporary storage (MSB of pointer to table $1860)
0133   0000             M43A9                  .EQU $43A9       ;Temporary storage (LSB of pointer to table $1860)
0134   0000             M43AA                  .EQU $43AA       ;Mothership-wave frame counter (times antenna/pilot animation and star scroll)
0135   0000             
0136   0000             ; For Background graphic's (stars, planets, galaxies) and scroll control
0137   0000             M43AB                  .EQU $43AB       ;Counter for planet trigger
0138   0000             M43AC                  .EQU $43AC       ;Planet vertical spacing increment (added to trigger `$43AB`)
0139   0000             M43AD                  .EQU $43AD       ;Planet X index -> `T1E60` (screen-RAM LSB), incremented per planet
0140   0000             M43AE                  .EQU $43AE       ;Planet X index -> `T1E20` (screen-RAM MSB), incremented per planet
0141   0000             M43AF                  .EQU $43AF       ;`CounterB9` trigger for the next galaxy
0142   0000             M43B0                  .EQU $43B0       ;Galaxy spacing decrement (subtracted from `$43AF`)
0143   0000             M43B1                  .EQU $43B1       ;Galaxy X index -> `T1E80`, incremented per galaxy
0144   0000             M43B2                  .EQU $43B2       ;MSB pointer into the background pattern tables `T1C00`/`T1D00`/`T1F00`
0145   0000             M43B3                  .EQU $43B3       ;LSB pointer into the background pattern tables `T1C00`/`T1D00`/`T1F00`
0146   0000             CounterB4              .EQU $43B4       ;8 bit counter (stars scrolling down, aliens fade in time)
0147   0000             M43B5                  .EQU $43B5       ;Reserved/unused byte always `$FF`
0148   0000             M43B6                  .EQU $43B6       ;End-of-wave countdown timer that advances the game to the next level/round
0149   0000             
0150   0000             ;For general purposes
0151   0000             LevelAndRound          .EQU $43B8       ;Bit0 - 3: game level, bit4 - 7: game round
0152   0000             CounterB9              .EQU $43B9       ;8 bit backwards counter
0153   0000             AliensLeft             .EQU $43BA       ;Number of aliens left in wave (16 at new)
0154   0000             BirdsLeft              .EQU $43BB       ;Number of birds left in wave (8 at new)
0155   0000             M43BC                  .EQU $43BC       ;Reserved/unused byte
0156   0000             M43BD                  .EQU $43BD       ;Low byte of the bonus extra-life score threshold; rewritten (nibble-swapped `BonusLivesAt`) after a bonus is granted
0157   0000             BonusLivesAt           .EQU $43BE       ;Middle byte of the threshold, set from DIP switches to `$30/$40/$50/$60` = 3000/4000/5000/6000 points
0158   0000             M43BF                  .EQU $43BF       ;High byte of the bonus extra-life score threshold
0159   0000             
0160   0000             ; Player and player bullets, data structure (grid).
0161   0000             PlayerState            .EQU $43C0       ;Player ship control state register
0162   0000             PlayerShape            .EQU $43C1       ;LSB for T1400 player ship character block shapes table
0163   0000             PlayerShipX            .EQU $43C2       ;Player ship, coordinate X ($0C=min.left, $64=default, $C0=max.right)
0164   0000             PlayerShipY            .EQU $43C3       ;Player ship, coordinate Y ($D8)
0165   0000             PlayerBulletState      .EQU $43C4       ;Player bullet, control state register
0166   0000             PlayerBulletShape      .EQU $43C5       ;Player bullet, character code ($50 to $57)
0167   0000             PlayerBulletX          .EQU $43C6       ;Player bullet, coordinate X
0168   0000             PlayerBulletY          .EQU $43C7       ;Player bullet, coordinate Y ($D0=min.bottom, $18=max.top)
0169   0000             AbovePlayerBulletState .EQU $43C8       ;One position above player bullet, control state register
0170   0000             AbovePlayerBulletShape .EQU $43C9       ;One position above player bullet, character code ($50 to $57)
0171   0000             AbovePlayerBulletX     .EQU $43CA       ;One position above player bullet, coordinate X
0172   0000             AbovePlayerBulletY     .EQU $43CB       ;One position above player bullet, coordinate Y
0173   0000             
0174   0000             ; Alien and bird bullets, data structure (grid).
0175   0000             AlienBullet0State      .EQU $43CC       ;Enemy bullet 0, control state register
0176   0000             AlienBullet0Shape      .EQU $43CD       ;Enemy bullet 0, character code ($58 to $5F)
0177   0000             AlienBullet0X          .EQU $43CE       ;Enemy bullet 0, coordinate X
0178   0000             AlienBullet0Y          .EQU $43CF       ;Enemy bullet 0, coordinate Y
0179   0000             AlienBullet1State      .EQU $43D0       ;Enemy bullet 1, control state register
0180   0000             AlienBullet1Shape      .EQU $43D1       ;Enemy bullet 1, character code ($58 to $5F)
0181   0000             AlienBullet1X          .EQU $43D2       ;Enemy bullet 1, coordinate X
0182   0000             AlienBullet1Y          .EQU $43D3       ;Enemy bullet 1, coordinate Y
0183   0000             AlienBullet2State      .EQU $43D4       ;Enemy bullet 2, control state register
0184   0000             AlienBullet2Shape      .EQU $43D5       ;Enemy bullet 2, character code ($58 to $5F)
0185   0000             AlienBullet2X          .EQU $43D6       ;Enemy bullet 2, coordinate X
0186   0000             AlienBullet2Y          .EQU $43D7       ;Enemy bullet 2, coordinate Y
0187   0000             AlienBullet3State      .EQU $43D8       ;Enemy bullet 3, control state register
0188   0000             AlienBullet3Shape      .EQU $43D9       ;Enemy bullet 3, character code ($58 to $5F)
0189   0000             AlienBullet3X          .EQU $43DA       ;Enemy bullet 3, coordinate X
0190   0000             AlienBullet3Y          .EQU $43DB       ;Enemy bullet 3, coordinate Y
0191   0000             AlienBullet4State      .EQU $43DC       ;Enemy bullet 4, control state register
0192   0000             AlienBullet4Shape      .EQU $43DD       ;Enemy bullet 4, character code ($58 to $5F)
0193   0000             AlienBullet4X          .EQU $43DE       ;Enemy bullet 4, coordinate X
0194   0000             AlienBullet4Y          .EQU $43DF       ;Enemy bullet 4, coordinate Y
0195   0000             
0196   0000             ; Player and player bullets, data structure (screen ram).
0197   0000             OldPlayerShipMSB       .EQU $43E0       ;Old MSB screen ram: Upper left character of player ship
0198   0000             OldPlayerShipLSB       .EQU $43E1       ;Old LSB screen ram: Upper left character of player ship
0199   0000             PlayerShipMSB          .EQU $43E2       ;MSB screen ram: Upper left character of player ship
0200   0000             PlayerShipLSB          .EQU $43E3       ;LSB screen ram: Upper left character of player ship
0201   0000             PlayerBulletMSB        .EQU $43E4       ;MSB screen ram: Player bullet
0202   0000             PlayerBulletLSB        .EQU $43E5       ;LSB screen ram: Player bullet
0203   0000             AbovePlayerBulletMSB   .EQU $43E6       ;MSB screen ram: One character above player bullet
0204   0000             AbovePlayerBulletLSB   .EQU $43E7       ;LSB screen ram: One character above player bullet
0205   0000             M43E8                  .EQU $43E8       ;MSB of its previous position (erase pointer, refreshed by `L0886`)
0206   0000             M43E9                  .EQU $43E9       ;LSB of its previous position (erase pointer, refreshed by `L0886`)
0207   0000             M43EA                  .EQU $43EA       ;MSB of its current position (draw + collision pointer, recomputed each frame by `L09A0` from `$43CA:$43CB`)
0208   0000             M43EB                  .EQU $43EB       ;LSB of its current position (draw + collision pointer, recomputed each frame by `L09A0` from `$43CA:$43CB`)
0209   0000             
0210   0000             ; Alien and bird bullets, data structure (screen ram).
0211   0000             OldAlienBullet0MSB     .EQU $43EC       ;Old MSB screen ram: Enemy bullet 0
0212   0000             OldAlienBullet0LSB     .EQU $43ED       ;Old LSB screen ram: Enemy bullet 0
0213   0000             AlienBullet0MSB        .EQU $43EE       ;MSB screen ram: Enemy bullet 0
0214   0000             AlienBullet0LSB        .EQU $43EF       ;LSB screen ram: Enemy bullet 0
0215   0000             OldAlienBullet1MSB     .EQU $43F0       ;Old MSB screen ram: Enemy bullet 1
0216   0000             OldAlienBullet1LSB     .EQU $43F1       ;Old LSB screen ram: Enemy bullet 1
0217   0000             AlienBullet1MSB        .EQU $43F2       ;MSB screen ram: Enemy bullet 1
0218   0000             AlienBullet1LSB        .EQU $43F3       ;LSB screen ram: Enemy bullet 1
0219   0000             OldAlienBullet2MSB     .EQU $43F4       ;Old MSB screen ram: Enemy bullet 2
0220   0000             OldAlienBullet2LSB     .EQU $43F5       ;Old LSB screen ram: Enemy bullet 2
0221   0000             AlienBullet2MSB        .EQU $43F6       ;MSB screen ram: Enemy bullet 2
0222   0000             AlienBullet2LSB        .EQU $43F7       ;LSB screen ram: Enemy bullet 2
0223   0000             OldAlienBullet3MSB     .EQU $43F8       ;Old MSB screen ram: Enemy bullet 3
0224   0000             OldAlienBullet3LSB     .EQU $43F9       ;Old LSB screen ram: Enemy bullet 3
0225   0000             AlienBullet3MSB        .EQU $43FA       ;MSB screen ram: Enemy bullet 3
0226   0000             AlienBullet3LSB        .EQU $43FB       ;LSB screen ram: Enemy bullet 3
0227   0000             OldAlienBullet4MSB     .EQU $43FC       ;Old MSB screen ram: Enemy bullet 4
0228   0000             OldAlienBullet4LSB     .EQU $43FD       ;Old LSB screen ram: Enemy bullet 4
0229   0000             AlienBullet4MSB        .EQU $43FE       ;MSB screen ram: Enemy bullet 4
0230   0000             AlienBullet4LSB        .EQU $43FF       ;LSB screen ram: Enemy bullet 4
0231   0000             
0232   0000             ; Background screen.
0233   0000             BackgroundScreen       .EQU $4800       ;32*26 bytes for the background screen
0234   0000             
0235   0000             ; Pointer to alien movement pattern.
0236   0000             M4B50                  .EQU $4B50       ;Alien0 movement pattern table MSB
0237   0000             M4B51                  .EQU $4B51       ;Alien0 movement pattern table LSB
0238   0000             M4B52                  .EQU $4B52       ;Alien1 movement pattern table MSB
0239   0000             M4B53                  .EQU $4B53       ;Alien1 movement pattern table LSB
0240   0000             M4B54                  .EQU $4B54       ;Alien2 movement pattern table MSB
0241   0000             M4B55                  .EQU $4B55       ;Alien2 movement pattern table LSB
0242   0000             M4B56                  .EQU $4B56       ;Alien3 movement pattern table MSB
0243   0000             M4B57                  .EQU $4B57       ;Alien3 movement pattern table LSB
0244   0000             M4B58                  .EQU $4B58       ;Alien4 movement pattern table MSB
0245   0000             M4B59                  .EQU $4B59       ;Alien4 movement pattern table LSB
0246   0000             M4B5A                  .EQU $4B5A       ;Alien5 movement pattern table MSB
0247   0000             M4B5B                  .EQU $4B5B       ;Alien5 movement pattern table LSB
0248   0000             M4B5C                  .EQU $4B5C       ;Alien6 movement pattern table MSB
0249   0000             M4B5D                  .EQU $4B5D       ;Alien6 movement pattern table LSB
0250   0000             M4B5E                  .EQU $4B5E       ;Alien7 movement pattern table MSB
0251   0000             M4B5F                  .EQU $4B5F       ;Alien7 movement pattern table LSB
0252   0000             M4B60                  .EQU $4B60       ;Alien8 movement pattern table MSB
0253   0000             M4B61                  .EQU $4B61       ;Alien8 movement pattern table LSB
0254   0000             M4B62                  .EQU $4B62       ;Alien9 movement pattern table MSB
0255   0000             M4B63                  .EQU $4B63       ;Alien9 movement pattern table LSB
0256   0000             M4B64                  .EQU $4B64       ;AlienA movement pattern table MSB
0257   0000             M4B65                  .EQU $4B65       ;AlienA movement pattern table LSB
0258   0000             M4B66                  .EQU $4B66       ;AlienB movement pattern table MSB
0259   0000             M4B67                  .EQU $4B67       ;AlienB movement pattern table LSB
0260   0000             M4B68                  .EQU $4B68       ;AlienC movement pattern table MSB
0261   0000             M4B69                  .EQU $4B69       ;AlienC movement pattern table LSB
0262   0000             M4B6A                  .EQU $4B6A       ;AlienD movement pattern table MSB
0263   0000             M4B6B                  .EQU $4B6B       ;AlienD movement pattern table LSB
0264   0000             M4B6C                  .EQU $4B6C       ;AlienE movement pattern table MSB
0265   0000             M4B6D                  .EQU $4B6D       ;AlienE movement pattern table LSB
0266   0000             M4B6E                  .EQU $4B6E       ;AlienF movement pattern table MSB
0267   0000             M4B6F                  .EQU $4B6F       ;AlienF movement pattern table LSB
0268   0000             
0269   0000             ; Alien data structure (grid).
0270   0000             ; Used for all levels with the 16 aliens.
0271   0000             ; Level: 1, 2, 5 (with mothership), 6, 7, 10(with mothership).
0272   0000             ; During 'fade in' phase, the alien control state B is holding the character code!
0273   0000             M4B70                  .EQU $4B70       ;Alien0 control state A
0274   0000             M4B71                  .EQU $4B71       ;Alien0 control state B (LSB for T14xx)
0275   0000             M4B72                  .EQU $4B72       ;Alien0 screen coordinate X
0276   0000             M4B73                  .EQU $4B73       ;Alien0 screen coordinate Y
0277   0000             M4B74                  .EQU $4B74       ;Alien1 control state A
0278   0000             M4B75                  .EQU $4B75       ;Alien1 control state B (LSB for T14xx)
0279   0000             M4B76                  .EQU $4B76       ;Alien1 screen coordinate X
0280   0000             M4B77                  .EQU $4B77       ;Alien1 screen coordinate Y
0281   0000             M4B78                  .EQU $4B78       ;Alien2 control state A
0282   0000             M4B79                  .EQU $4B79       ;Alien2 control state B (LSB for T14xx)
0283   0000             M4B7A                  .EQU $4B7A       ;Alien2 screen coordinate X
0284   0000             M4B7B                  .EQU $4B7B       ;Alien2 screen coordinate Y
0285   0000             M4B7C                  .EQU $4B7C       ;Alien3 control state A
0286   0000             M4B7D                  .EQU $4B7D       ;Alien3 control state B (LSB for T14xx)
0287   0000             M4B7E                  .EQU $4B7E       ;Alien3 screen coordinate X
0288   0000             M4B7F                  .EQU $4B7F       ;Alien3 screen coordinate Y
0289   0000             M4B80                  .EQU $4B80       ;Alien4 control state A
0290   0000             M4B81                  .EQU $4B81       ;Alien4 control state B (LSB for T14xx)
0291   0000             M4B82                  .EQU $4B82       ;Alien4 screen coordinate X
0292   0000             M4B83                  .EQU $4B83       ;Alien4 screen coordinate Y
0293   0000             M4B84                  .EQU $4B84       ;Alien5 control state A
0294   0000             M4B85                  .EQU $4B85       ;Alien5 control state B (LSB for T14xx)
0295   0000             M4B86                  .EQU $4B86       ;Alien5 screen coordinate X
0296   0000             M4B87                  .EQU $4B87       ;Alien5 screen coordinate Y
0297   0000             M4B88                  .EQU $4B88       ;Alien6 control state A
0298   0000             M4B89                  .EQU $4B89       ;Alien6 control state B (LSB for T14xx)
0299   0000             M4B8A                  .EQU $4B8A       ;Alien6 screen coordinate X
0300   0000             M4B8B                  .EQU $4B8B       ;Alien6 screen coordinate Y
0301   0000             M4B8C                  .EQU $4B8C       ;Alien7 control state A
0302   0000             M4B8D                  .EQU $4B8D       ;Alien7 control state B (LSB for T14xx)
0303   0000             M4B8E                  .EQU $4B8E       ;Alien7 screen coordinate X
0304   0000             M4B8F                  .EQU $4B8F       ;Alien7 screen coordinate Y
0305   0000             M4B90                  .EQU $4B90       ;Alien8 control state A
0306   0000             M4B91                  .EQU $4B91       ;Alien8 control state B (LSB for T14xx)
0307   0000             M4B92                  .EQU $4B92       ;Alien8 screen coordinate X
0308   0000             M4B93                  .EQU $4B93       ;Alien8 screen coordinate Y
0309   0000             M4B94                  .EQU $4B94       ;Alien9 control state A
0310   0000             M4B95                  .EQU $4B95       ;Alien9 control state B (LSB for T14xx)
0311   0000             M4B96                  .EQU $4B96       ;Alien9 screen coordinate X
0312   0000             M4B97                  .EQU $4B97       ;Alien9 screen coordinate Y
0313   0000             M4B98                  .EQU $4B98       ;AlienA control state A
0314   0000             M4B99                  .EQU $4B99       ;AlienA control state B (LSB for T14xx)
0315   0000             M4B9A                  .EQU $4B9A       ;AlienA screen coordinate X
0316   0000             M4B9B                  .EQU $4B9B       ;AlienA screen coordinate Y
0317   0000             M4B9C                  .EQU $4B9C       ;AlienB control state A
0318   0000             M4B9D                  .EQU $4B9D       ;AlienB control state B (LSB for T14xx)
0319   0000             M4B9E                  .EQU $4B9E       ;AlienB screen coordinate X
0320   0000             M4B9F                  .EQU $4B9F       ;AlienB screen coordinate Y
0321   0000             M4BA0                  .EQU $4BA0       ;AlienC control state A
0322   0000             M4BA1                  .EQU $4BA1       ;AlienC control state B (LSB for T14xx)
0323   0000             M4BA2                  .EQU $4BA2       ;AlienC screen coordinate X
0324   0000             M4BA3                  .EQU $4BA3       ;AlienC screen coordinate Y
0325   0000             M4BA4                  .EQU $4BA4       ;AlienD control state A
0326   0000             M4BA5                  .EQU $4BA5       ;AlienD control state B (LSB for T14xx)
0327   0000             M4BA6                  .EQU $4BA6       ;AlienD screen coordinate X
0328   0000             M4BA7                  .EQU $4BA7       ;AlienD screen coordinate Y
0329   0000             M4BA8                  .EQU $4BA8       ;AlienE control state A
0330   0000             M4BA9                  .EQU $4BA9       ;AlienE control state B (LSB for T14xx)
0331   0000             M4BAA                  .EQU $4BAA       ;AlienE screen coordinate X
0332   0000             M4BAB                  .EQU $4BAB       ;AlienE screen coordinate Y
0333   0000             M4BAC                  .EQU $4BAC       ;AlienF control state A
0334   0000             M4BAD                  .EQU $4BAD       ;AlienF control state B (LSB for T14xx)
0335   0000             M4BAE                  .EQU $4BAE       ;AlienF screen coordinate X
0336   0000             M4BAF                  .EQU $4BAF       ;AlienF screen coordinate Y
0337   0000             
0338   0000             ; Bird data structure.
0339   0000             ; Used for all levels with the 8 birds.
0340   0000             ; Level: 3, 4, 8, 9.
0341   0000             ; For the bird animation during intro splash, bird0 memory is used.
0342   0000             B4B70                  .EQU $4B70       ;Bird0 index character block shape
0343   0000             B4B71                  .EQU $4B71       ;Bird0 MSB initial screen address  
0344   0000             B4B72                  .EQU $4B72       ;Bird0 LSB initial screen address  
0345   0000             B4B73                  .EQU $4B73       ;Bird0 animation phase / current shape frame
0346   0000             B4B74                  .EQU $4B74       ;Bird0 movement-step countdown timer
0347   0000             B4B75                  .EQU $4B75       ;Bird0 grid coordinate X 
0348   0000             B4B76                  .EQU $4B76       ;Bird0 horizontal movement step (velocity)
0349   0000             B4B77                  .EQU $4B77       ;Bird0 grid coordinate Y 
0350   0000             B4B78                  .EQU $4B78       ;Bird1 index character block shape 
0351   0000             B4B79                  .EQU $4B79       ;Bird1 MSB initial screen address  
0352   0000             B4B7A                  .EQU $4B7A       ;Bird1 LSB initial screen address  
0353   0000             B4B7B                  .EQU $4B7B       ;Bird1 animation phase / current shape frame
0354   0000             B4B7C                  .EQU $4B7C       ;Bird1 movement-step countdown timer
0355   0000             B4B7D                  .EQU $4B7D       ;Bird1 grid coordinate X 
0356   0000             B4B7E                  .EQU $4B7E       ;Bird1 horizontal movement step (velocity)
0357   0000             B4B7F                  .EQU $4B7F       ;Bird1 grid coordinate Y 
0358   0000             B4B80                  .EQU $4B80       ;Bird2 index character block shape 
0359   0000             B4B81                  .EQU $4B81       ;Bird2 MSB initial screen address  
0360   0000             B4B82                  .EQU $4B82       ;Bird2 LSB initial screen address  
0361   0000             B4B83                  .EQU $4B83       ;Bird2 animation phase / current shape frame
0362   0000             B4B84                  .EQU $4B84       ;Bird2 movement-step countdown timer
0363   0000             B4B85                  .EQU $4B85       ;Bird2 grid coordinate X 
0364   0000             B4B86                  .EQU $4B86       ;Bird2 horizontal movement step (velocity)
0365   0000             B4B87                  .EQU $4B87       ;Bird2 grid coordinate Y 
0366   0000             B4B88                  .EQU $4B88       ;Bird3 index character block shape 
0367   0000             B4B89                  .EQU $4B89       ;Bird3 MSB initial screen address  
0368   0000             B4B8A                  .EQU $4B8A       ;Bird3 LSB initial screen address  
0369   0000             B4B8B                  .EQU $4B8B       ;Bird3 animation phase / current shape frame
0370   0000             B4B8C                  .EQU $4B8C       ;Bird3 movement-step countdown timer
0371   0000             B4B8D                  .EQU $4B8D       ;Bird3 grid coordinate X 
0372   0000             B4B8E                  .EQU $4B8E       ;Bird3 horizontal movement step (velocity)
0373   0000             B4B8F                  .EQU $4B8F       ;Bird3 grid coordinate Y 
0374   0000             B4B90                  .EQU $4B90       ;Bird4 index character block shape 
0375   0000             B4B91                  .EQU $4B91       ;Bird4 MSB initial screen address  
0376   0000             B4B92                  .EQU $4B92       ;Bird4 LSB initial screen address  
0377   0000             B4B93                  .EQU $4B93       ;Bird4 animation phase / current shape frame
0378   0000             B4B94                  .EQU $4B94       ;Bird4 movement-step countdown timer
0379   0000             B4B95                  .EQU $4B95       ;Bird4 grid coordinate X 
0380   0000             B4B96                  .EQU $4B96       ;Bird4 horizontal movement step (velocity)
0381   0000             B4B97                  .EQU $4B97       ;Bird4 grid coordinate Y 
0382   0000             B4B98                  .EQU $4B98       ;Bird5 index character block shape 
0383   0000             B4B99                  .EQU $4B99       ;Bird5 MSB initial screen address  
0384   0000             B4B9A                  .EQU $4B9A       ;Bird5 LSB initial screen address  
0385   0000             B4B9B                  .EQU $4B9B       ;Bird5 animation phase / current shape frame
0386   0000             B4B9C                  .EQU $4B9C       ;Bird5 movement-step countdown timer
0387   0000             B4B9D                  .EQU $4B9D       ;Bird5 grid coordinate X 
0388   0000             B4B9E                  .EQU $4B9E       ;Bird5 horizontal movement step (velocity)
0389   0000             B4B9F                  .EQU $4B9F       ;Bird5 grid coordinate Y 
0390   0000             B4BA0                  .EQU $4BA0       ;Bird6 index character block shape 
0391   0000             B4BA1                  .EQU $4BA1       ;Bird6 MSB initial screen address  
0392   0000             B4BA2                  .EQU $4BA2       ;Bird6 LSB initial screen address  
0393   0000             B4BA3                  .EQU $4BA3       ;Bird6 animation phase / current shape frame
0394   0000             B4BA4                  .EQU $4BA4       ;Bird6 movement-step countdown timer
0395   0000             B4BA5                  .EQU $4BA5       ;Bird6 grid coordinate X 
0396   0000             B4BA6                  .EQU $4BA6       ;Bird6 horizontal movement step (velocity)
0397   0000             B4BA7                  .EQU $4BA7       ;Bird6 grid coordinate Y 
0398   0000             B4BA8                  .EQU $4BA8       ;Bird7 index character block shape 
0399   0000             B4BA9                  .EQU $4BA9       ;Bird7 MSB initial screen address  
0400   0000             B4BAA                  .EQU $4BAA       ;Bird7 LSB initial screen address  
0401   0000             B4BAB                  .EQU $4BAB       ;Bird7 animation phase / current shape frame
0402   0000             B4BAC                  .EQU $4BAC       ;Bird7 movement-step countdown timer
0403   0000             B4BAD                  .EQU $4BAD       ;Bird7 grid coordinate X 
0404   0000             B4BAE                  .EQU $4BAE       ;Bird7 horizontal movement step (velocity)
0405   0000             B4BAF                  .EQU $4BAF       ;Bird7 grid coordinate Y 
0406   0000             
0407   0000             ; Alien data structure (screen ram)
0408   0000             M4BB0                  .EQU $4BB0       ;Old MSB screen ram adress alien0
0409   0000             M4BB1                  .EQU $4BB1       ;Old LSB screen ram adress alien0
0410   0000             M4BB2                  .EQU $4BB2       ;MSB screen ram adress alien0
0411   0000             M4BB3                  .EQU $4BB3       ;LSB screen ram adress alien0
0412   0000             M4BB4                  .EQU $4BB4       ;Old MSB screen ram adress alien1
0413   0000             M4BB5                  .EQU $4BB5       ;Old LSB screen ram adress alien1
0414   0000             M4BB6                  .EQU $4BB6       ;MSB screen ram adress alien1
0415   0000             M4BB7                  .EQU $4BB7       ;LSB screen ram adress alien1
0416   0000             M4BB8                  .EQU $4BB8       ;Old MSB screen ram adress alien2
0417   0000             M4BB9                  .EQU $4BB9       ;Old LSB screen ram adress alien2
0418   0000             M4BBA                  .EQU $4BBA       ;MSB screen ram adress alien2
0419   0000             M4BBB                  .EQU $4BBB       ;LSB screen ram adress alien2
0420   0000             M4BBC                  .EQU $4BBC       ;Old MSB screen ram adress alien3
0421   0000             M4BBD                  .EQU $4BBD       ;Old LSB screen ram adress alien3
0422   0000             M4BBE                  .EQU $4BBE       ;MSB screen ram adress alien3
0423   0000             M4BBF                  .EQU $4BBF       ;LSB screen ram adress alien3
0424   0000             M4BC0                  .EQU $4BC0       ;Old MSB screen ram adress alien4
0425   0000             M4BC1                  .EQU $4BC1       ;Old LSB screen ram adress alien4
0426   0000             M4BC2                  .EQU $4BC2       ;MSB screen ram adress alien4
0427   0000             M4BC3                  .EQU $4BC3       ;LSB screen ram adress alien4
0428   0000             M4BC4                  .EQU $4BC4       ;Old MSB screen ram adress alien5
0429   0000             M4BC5                  .EQU $4BC5       ;Old LSB screen ram adress alien5
0430   0000             M4BC6                  .EQU $4BC6       ;MSB screen ram adress alien5
0431   0000             M4BC7                  .EQU $4BC7       ;LSB screen ram adress alien5
0432   0000             M4BC8                  .EQU $4BC8       ;Old MSB screen ram adress alien6
0433   0000             M4BC9                  .EQU $4BC9       ;Old LSB screen ram adress alien6
0434   0000             M4BCA                  .EQU $4BCA       ;MSB screen ram adress alien6
0435   0000             M4BCB                  .EQU $4BCB       ;LSB screen ram adress alien6
0436   0000             M4BCC                  .EQU $4BCC       ;Old MSB screen ram adress alien7
0437   0000             M4BCD                  .EQU $4BCD       ;Old LSB screen ram adress alien7
0438   0000             M4BCE                  .EQU $4BCE       ;MSB screen ram adress alien7
0439   0000             M4BCF                  .EQU $4BCF       ;LSB screen ram adress alien7
0440   0000             M4BD0                  .EQU $4BD0       ;Old MSB screen ram adress alien8
0441   0000             M4BD1                  .EQU $4BD1       ;Old LSB screen ram adress alien8
0442   0000             M4BD2                  .EQU $4BD2       ;MSB screen ram adress alien8
0443   0000             M4BD3                  .EQU $4BD3       ;LSB screen ram adress alien8
0444   0000             M4BD4                  .EQU $4BD4       ;Old MSB screen ram adress alien9
0445   0000             M4BD5                  .EQU $4BD5       ;Old LSB screen ram adress alien9
0446   0000             M4BD6                  .EQU $4BD6       ;MSB screen ram adress alien9
0447   0000             M4BD7                  .EQU $4BD7       ;LSB screen ram adress alien9
0448   0000             M4BD8                  .EQU $4BD8       ;Old MSB screen ram adress alienA
0449   0000             M4BD9                  .EQU $4BD9       ;Old LSB screen ram adress alienA
0450   0000             M4BDA                  .EQU $4BDA       ;MSB screen ram adress alienA
0451   0000             M4BDB                  .EQU $4BDB       ;LSB screen ram adress alienA
0452   0000             M4BDC                  .EQU $4BDC       ;Old MSB screen ram adress alienB
0453   0000             M4BDD                  .EQU $4BDD       ;Old LSB screen ram adress alienB
0454   0000             M4BDE                  .EQU $4BDE       ;MSB screen ram adress alienB
0455   0000             M4BDF                  .EQU $4BDF       ;LSB screen ram adress alienB
0456   0000             M4BE0                  .EQU $4BE0       ;Old MSB screen ram adress alienC
0457   0000             M4BE1                  .EQU $4BE1       ;Old LSB screen ram adress alienC
0458   0000             M4BE2                  .EQU $4BE2       ;MSB screen ram adress alienC
0459   0000             M4BE3                  .EQU $4BE3       ;LSB screen ram adress alienC
0460   0000             M4BE4                  .EQU $4BE4       ;Old MSB screen ram adress alienD
0461   0000             M4BE5                  .EQU $4BE5       ;Old LSB screen ram adress alienD
0462   0000             M4BE6                  .EQU $4BE6       ;MSB screen ram adress alienD
0463   0000             M4BE7                  .EQU $4BE7       ;LSB screen ram adress alienD
0464   0000             M4BE8                  .EQU $4BE8       ;Old MSB screen ram adress alienE
0465   0000             M4BE9                  .EQU $4BE9       ;Old LSB screen ram adress alienE
0466   0000             M4BEA                  .EQU $4BEA       ;MSB screen ram adress alienE
0467   0000             M4BEB                  .EQU $4BEB       ;LSB screen ram adress alienE
0468   0000             M4BEC                  .EQU $4BEC       ;Old MSB screen ram adress alienF
0469   0000             M4BED                  .EQU $4BED       ;Old LSB screen ram adress alienF
0470   0000             M4BEE                  .EQU $4BEE       ;MSB screen ram adress alienF
0471   0000             M4BEF                  .EQU $4BEF       ;LSB screen ram adress alienF
0472   0000             
0473   0000             ; Bird extended storage
0474   0000             ; Used for all levels with the 8 birds.
0475   0000             B4BC0                  .EQU $4BC0       ;saved PlayerBulletState
0476   0000             B4BC1                  .EQU $4BC1       ;saved PlayerBulletShape
0477   0000             B4BC2                  .EQU $4BC2       ;saved PlayerBulletX
0478   0000             B4BC3                  .EQU $4BC3       ;saved PlayerBulletY
0479   0000             B4BC4                  .EQU $4BC4       ;saved AbovePlayerBulletMSB
0480   0000             B4BC5                  .EQU $4BC5       ;saved AbovePlayerBulletLSB
0481   0000             
0482   0000             B4BD1                  .EQU $4BD1       ;Descent turnaround depth threshold (formation reverses when `$4BD2` passes it)
0483   0000             B4BD2                  .EQU $4BD2       ;Vertical scroll phase 0–31 of the bird formation (derived from `CounterB9`; master index) (0..31)
0484   0000             B4BD3                  .EQU $4BD3       ;Countdown timer between bird attack launches
0485   0000             B4BD4                  .EQU $4BD4       ;Attack sub-pattern selector (0–3, from random `$436F`) for one of four attack variants
0486   0000             B4BD5                  .EQU $4BD5       ;Descent step/speed value (feeds the `$3ED0` dither scroll rate)
0487   0000             B4BD6                  .EQU $4BD6       ;Combined scroll-phase + active-bird center index (indexes `$3EE0` curve & `T3DE0` sound)
0488   0000             B4BD7                  .EQU $4BD7       ;Active-bird vertical spread — computed but not consumed (vestigial)
0489   0000             
0490   0000             B4BED                  .EQU $4BED       ;Unused RAM (cleared at level init, never referenced)
0491   0000             B4BEE                  .EQU $4BEE       ;Unused RAM (cleared at level init, never referenced)
0492   0000             B4BEF                  .EQU $4BEF       ;Unused RAM (cleared at level init, never referenced)
0493   0000             
0494   0000             ; Stack
0495   0000             Stack                  .EQU $4BF0       ;Stack space 4BF0:4BFF
0496   0000             
0497   0000             ;HW
0498   0000             videoRegister          .EQU $5000       ;Lower bit selects the RAM bank
0499   0000             scrollRegister         .EQU $5800       ;Screen scrolling
0500   0000             SOUNDCTLA              .EQU $6000       ;Sound control A
0501   0000             SOUNDCTLB              .EQU $6800       ;Sound control B
0502   0000             IN0                    .EQU $7000       ;Player inputs
0503   0000             DSW0                   .EQU $7800       ;DIP switch settings
0504   0000             
0505   0000             ;*****************************************************************************
0506   0000             ; ic45
0507   0000             ;*****************************************************************************
0508   0000                                    .ORG $0000
0509   0000             L0000:
0510   0000 00                                 NOP                         ; Start/restart and interrupts end up at 0008
0511   0001 00                                 NOP                         ;
0512   0002 00                                 NOP                         ;
0513   0003 00                                 NOP                         ;
0514   0004 00                                 NOP                         ;
0515   0005 00                                 NOP                         ;
0516   0006 00                                 NOP                         ;
0517   0007 00                                 NOP                         ;
0518   0008             ; 
0519   0008 31 FF 4B                           LD      SP,$4BFF            ; Top-ish of RAM
0520   000B 26 50                              LD      H,videoRegister >> 8
0521   000D 36 00                              LD      (HL),$00            ; Select the first bank of RAM
0522   000F CD 50 00                           CALL    InitSoundScreen     ; Turn sound off and clear both screen areas
0523   0012 21 00 18                           LD      HL,T1800            ; Screen draw info
0524   0015 0E 03                              LD      C,$03               ; 3 columns (rotated to 3 rows)
0525   0017 CD D0 01                           CALL    PrintTextLines      ; Draw the first 3 rows of the background (scores and coins)
0526   001A             
0527   001A             ;*****************************************************************************
0528   001A             ;* Main loop begin
0529   001A             ;*****************************************************************************
0530   001A             MainLoop:
0531   001A CD 80 00                           CALL    WaitVBlankCoin      ; Wait for VBlank and count any coins
0532   001D 3A A2 43                           LD      A,(GameOrAttract)   ;
0533   0020 A7                                 AND     A                   ; updates the zero flag
0534   0021 CA 2D 00                           JP      Z,L002D             ; if 'Attract mode'
0535   0024             ; Game mode
0536   0024 CD 00 04                           CALL    GameStateMachine    ; controls the flow of the game.
0537   0027 CD 00 27                           CALL    UpdateScoresAndSound
0538   002A C3 1A 00                           JP      MainLoop            ; Back to top of main loop
0539   002D             ; Attract mode (no sound, no scoreing, no manual steering)
0540   002D             L002D:
0541   002D 3E 0F                              LD      A,$0F               ; 0000_1111 mute the sound chip TMS36XX
0542   002F 26 60                              LD      H,SOUNDCTLA >> 8    ; 60xx sound A
0543   0031 77                                 LD      (HL),A              ;
0544   0032 26 68                              LD      H,SOUNDCTLB >> 8    ; 68xx sound B
0545   0034 77                                 LD      (HL),A              ;
0546   0035 CD 77 03                           CALL    UpdateSoundControlRAM
0547   0038 00                                 NOP                         ;
0548   0039 CD E0 17                           CALL    CoinChecking        ; Converts raw `CoinCount` into playable credits, applying the coinage DIP on `DSW0`
0549   003C A7                                 AND     A                   ; updates the zero flag
0550   003D CA 46 00                           JP      Z,L0046             ; No credits ... continue splash
0551   0040 CD 88 02                           CALL    PromptForStartGame  ;
0552   0043 C3 1A 00                           JP      MainLoop            ; Back to top of main loop
0553   0046             ; Continue splash 
0554   0046             L0046:
0555   0046 CD E3 00                           CALL    SplashAndDemo       ;
0556   0049 C3 1A 00                           JP      MainLoop            ; Back to top of main loop
0557   004C             ;*****************************************************************************
0558   004C             ;* Main loop end
0559   004C             ;*****************************************************************************
0560   004C             
0561   0050                                    .ORG $0050
0562   0050             ;*****************************************************************************
0563   0050             ;* Initialize the sound (off) and screen (clear)
0564   0050             ;*****************************************************************************
0565   0050             InitSoundScreen:
0566   0050 26 68                              LD      H,SOUNDCTLB >> 8    ; 68xx sound B
0567   0052 36 00                              LD      (HL),$00            ; Sound off
0568   0054 26 60                              LD      H,SOUNDCTLA >> 8    ; 60xx sound A
0569   0056 36 00                              LD      (HL),$00            ; Sound off
0570   0058 26 58                              LD      H,scrollRegister >> 8
0571   005A 36 00                              LD      (HL),$00            ; First memory bank
0572   005C CD 6B 00                           CALL    ClearRAMBank        ; Clear the bank (includes screen)
0573   005F 26 50                              LD      H,videoRegister >> 8
0574   0061 36 01                              LD      (HL),$01            ; Second memory bank
0575   0063 CD 6B 00                           CALL    ClearRAMBank        ; Clear the bank (includes screen)
0576   0066 26 50                              LD      H,videoRegister >> 8
0577   0068 36 00                              LD      (HL),$00            ; Back to first memory bank
0578   006A C9                                 RET                         ; Done
0579   006B             
0580   006B             ;*****************************************************************************
0581   006B             ;* Clear a RAM Bank (bank 0 or 1)
0582   006B             ;* Set the lower bit of the video register to pick the bank before calling.
0583   006B             ;* 4000 - 4BF8
0584   006B             ;* We call this function, which means we don't want to clear the return on the stack.
0585   006B             ;* That's why we start clearing at 4BF8 instead of 4BFF.
0586   006B             ;* Since screen memory is part of this bank, we are clearing the screen too.
0587   006B             ;*****************************************************************************
0588   006B             ClearRAMBank:
0589   006B 21 F8 4B                           LD      HL,$4BF8            ; Highest point ... skip the top of the stack
0590   006E 3E 3F                              LD      A,$3F               ; Stop when H reaches 3F
0591   0070             L0070:
0592   0070 36 00                              LD      (HL),$00            ; Clear the memory
0593   0072 2B                                 DEC     HL                  ; Point to next
0594   0073 BC                                 CP      H                   ; All done?
0595   0074 C2 70 00                           JP      NZ,L0070            ; No ... go back for all
0596   0077 C9                                 RET                         ; Done
0597   0078             
0598   0078             ;*****************************************************************************
0599   0078             ;* Slow printing the static texts and filling the scroll register
0600   0078             ;* with background tiles.
0601   0078             ;* Only used at attract mode during the intro splash.
0602   0078             ;*****************************************************************************
0603   0078             SlowPrintScrollRegisterUpdate:
0604   0078 CD 96 01                           CALL    SlowPrintScoreAverageTable
0605   007B C3 F0 06                           JP      L06F0               ; update scroll register and fill background
0606   007E             
0607   0080                                    .ORG $0080
0608   0080             ;*****************************************************************************
0609   0080             ;* Wait for the vertical blanking and then handle coin counting
0610   0080             ;*****************************************************************************
0611   0080             WaitVBlankCoin:
0612   0080 26 78                              LD      H,DSW0 >> 8         ; 78xx DSW0 Check ...
0613   0082 7E                                 LD      A,(HL)              ; ... screen blanking flag
0614   0083 E6 80                              AND     $80                 ; Wait for it ...
0615   0085 CA 80 00                           JP      Z,WaitVBlankCoin    ; ... to set
0616   0088             ; 
0617   0088             L0088:
0618   0088 7E                                 LD      A,(HL)              ; Check screen blanking flag
0619   0089 E6 80                              AND     $80                 ; Wait for it ...
0620   008B C2 88 00                           JP      NZ,L0088            ; ... to clear (0=in blanking)
0621   008E 26 70                              LD      H,IN0 >> 8          ; 70xx IN0 Current value ...
0622   0090 7E                                 LD      A,(HL)              ; ... of IN0 inputs
0623   0091 21 A0 43                           LD      HL,IN0Current       ; Value from ...
0624   0094 46                                 LD      B,(HL)              ; ... last read
0625   0095 77                                 LD      (HL),A              ; Store new value
0626   0096 2C                                 INC     L                   ; To 43A1
0627   0097 70                                 LD      (HL),B              ; Store old value
0628   0098 2E 9B                              LD      L,$9B               ; Bump the ...
0629   009A CD 00 02                           CALL    AddOneToMem         ; ... ?? counter
0630   009D 2E 8F                              LD      L,$8F               ; Get number ...
0631   009F 7E                                 LD      A,(HL)              ; ... of coins
0632   00A0             ;
0633   00A0             ; !! There are two digits for "coins" on the screen, but only the one's digit is
0634   00A0             ; !! changed. Once you get to 9, the code stops counting. It takes the coin
0635   00A0             ; !! from you, but it doesn't give you credit.
0636   00A0             ;
0637   00A0 FE 09                              CP      $09                 ; Already 9?
0638   00A2 C8                                 RET     Z                   ; Yes ... nothing more to check
0639   00A3 D2 00 00                           JP      NC,L0000            ; More than 9? OOPS -- soft reset
0640   00A6 06 01                              LD      B,$01               ; Coin bit of the input register
0641   00A8 CD BB 00                           CALL    CheckInputBits      ; Has the coin input gone from 1 to 0?
0642   00AB C8                                 RET     Z                   ; No ... no coins inserted ... done
0643   00AC 2E 8F                              LD      L,$8F               ; Add one ...
0644   00AE 34                                 INC     (HL)                ; ... to coin count
0645   00AF 7E                                 LD      A,(HL)              ; Current value ...
0646   00B0 C6 20                              ADD     $20                 ; ... to number tile
0647   00B2 32 42 41                           LD      ($4142),A           ; Change number of coins on screen
0648   00B5 C9                                 RET                         ; Done
0649   00B6             
0650   00BB                                    .ORG $00BB
0651   00BB             ;*****************************************************************************
0652   00BB             ;* Check to see if a particular bit(s) in the input register has changed
0653   00BB             ;* from 1 to 0 since last we checked. Return NZ if transitioned from 1 to 0.
0654   00BB             ;*****************************************************************************
0655   00BB             CheckInputBits:
0656   00BB 21 A0 43                           LD      HL,IN0Current       ; Get current ...
0657   00BE 7E                                 LD      A,(HL)              ; ... input value
0658   00BF 2F                                 CPL                         ; Flip the current bits
0659   00C0 A0                                 AND     B                   ; Mask off all but the ones we are checking
0660   00C1 2C                                 INC     L                   ; Point to last input value
0661   00C2 A6                                 AND     (HL)                ; Zero unles new bit is 0 and old is 1
0662   00C3 C9                                 RET                         ; Return state
0663   00C4             
0664   00C4             ;*****************************************************************************
0665   00C4             ;* Prints the number pointed to by HL (points to the end of the number) to the screen pointed
0666   00C4             ;* to by DE (points to the end of the screen area). B is the number of digits to print.
0667   00C4             ;*****************************************************************************
0668   00C4             PrintNumber:
0669   00C4 7E                                 LD      A,(HL)              ; Get the two digits
0670   00C5 E6 0F                              AND     $0F                 ; Keep the LSB
0671   00C7 F6 20                              OR      $20                 ; Offset to number tile
0672   00C9 12                                 LD      (DE),A              ; Store the number tile to screen memory
0673   00CA CD 10 02                           CALL    LeftOneColumn       ; next screen position
0674   00CD 05                                 DEC     B                   ; All done?
0675   00CE C8                                 RET     Z                   ; Yes ... out
0676   00CF 7E                                 LD      A,(HL)              ; Keep the ...
0677   00D0 0F                                 RRCA                        ; ...
0678   00D1 0F                                 RRCA                        ; ...
0679   00D2 0F                                 RRCA                        ; ...
0680   00D3 0F                                 RRCA                        ; ...
0681   00D4 E6 0F                              AND     $0F                 ; ... LSB
0682   00D6 F6 20                              OR      $20                 ; Offset to number tile
0683   00D8 12                                 LD      (DE),A              ; Store the number tile to screen memory
0684   00D9 CD 10 02                           CALL    LeftOneColumn       ; next screen position
0685   00DC 2B                                 DEC     HL                  ; Next data position
0686   00DD 05                                 DEC     B                   ; All digits done?
0687   00DE C2 C4 00                           JP      NZ,PrintNumber      ; No ... keep going
0688   00E1 C9                                 RET                         ; Yes ... out
0689   00E2             
0690   00E3                                    .ORG $00E3
0691   00E3             ;*****************************************************************************
0692   00E3             ;* Handles the intro splash and the game demo.
0693   00E3             ;*****************************************************************************
0694   00E3             SplashAndDemo:
0695   00E3 21 99 43                           LD      HL,M4399            ; starts with 0
0696   00E6 CD 00 02                           CALL    AddOneToMem         ; increases it by one
0697   00E9 01 01 00                           LD      BC,$0001            ;
0698   00EC CD 58 02                           CALL    CompareBCtoMem      ;
0699   00EF CA E1 01                           JP      Z,PrintCopyright    ; do if Counter98 is >= 00 01
0700   00F2 01 02 00                           LD      BC,$0002            ;
0701   00F5 11 1F 01                           LD      DE,$011F            ; used as delay counter
0702   00F8 CD 60 02                           CALL    SubtractIfEnough    ;
0703   00FB D2 96 01                           JP      NC,SlowPrintScoreAverageTable    ; do if Counter98 is >= 00 02
0704   00FE 01 20 01                           LD      BC,$0120            ; for a longer break
0705   0101 CD 58 02                           CALL    CompareBCtoMem      ;
0706   0104 CA CA 0B                           JP      Z,DrawScoreAverageTableTiles     ; do if Counter98 is >= 01 20
0707   0107 0E B0                              LD      C,$B0               ; for a short break
0708   0109 CD 58 02                           CALL    CompareBCtoMem      ;
0709   010C CA E1 01                           JP      Z,PrintCopyright    ; do if Counter98 is >= 01 B0
0710   010F 0E B8                              LD      C,$B8               ;
0711   0111 CD 58 02                           CALL    CompareBCtoMem      ;
0712   0114 CA 80 05                           JP      Z,InitBackgroundData            ; do if Counter98 is >= 01 B8
0713   0117 0E C0                              LD      C,$C0               ; for a short break
0714   0119 11 DF 02                           LD      DE,$02DF            ;
0715   011C CD 60 02                           CALL    SubtractIfEnough    ;
0716   011F D2 78 00                           JP      NC,SlowPrintScrollRegisterUpdate ; do if Counter98 is >= 01 C0
0717   0122 01 00 03                           LD      BC,$0300            ;
0718   0125 11 AF 03                           LD      DE,$03AF            ;
0719   0128 CD 60 02                           CALL    SubtractIfEnough    ;
0720   012B D2 DC 21                           JP      NC,DrawIntroBirdAnimationFrame   ; do if Counter98 is >= 03 00
0721   012E 01 E6 03                           LD      BC,$03E6            ;
0722   0131 11 FF FF                           LD      DE,$FFFF            ;
0723   0134 CD 60 02                           CALL    SubtractIfEnough    ;
0724   0137 D2 B0 03                           JP      NC,GameDemo         ; do if Counter98 is >= 03 E6
0725   013A C9                                 RET                         ;
0726   013B             
0727   0140                                    .ORG $0140
0728   0140             ;*****************************************************************************
0729   0140             ;* Clears foreground and background but leaves the 3 score rows.
0730   0140             ;*****************************************************************************
0731   0140             ClearForeAndBackground:
0732   0140 CD A0 03                           CALL    ClearBackground     ; Clear the background
0733   0143 CD 80 00                           CALL    WaitVBlankCoin      ; Wait for VBlank
0734   0146 CD 80 03                           CALL    ClearForeground     ; Clear the foreground (leave the 3 score rows)
0735   0149 21 A3 43                           LD      HL,GameAndDemoOrSplash
0736   014C 36 02                              LD      (HL),$02            ; set to: 'Intro splash'
0737   014E 2C                                 INC     L                   ; GameState
0738   014F 36 00                              LD      (HL),$00            ; to 0
0739   0151 00                                 NOP                         ; Old command removed or space for a future replace patch
0740   0152 00                                 NOP                         ; ..
0741   0153 00                                 NOP                         ; ..
0742   0154 2E B8                              LD      L,$B8               ; LevelAndRound, $43B9, AliensLeft, BirdsLeft, $43BC, $43BD, BonusLivesAt, $43BF to 0
0743   0156 06 08                              LD      B,$08               ; number of bytes to clear
0744   0158 CD D8 05                           CALL    ClearBbytesAtHL     ;
0745   015B 2E BA                              LD      L,$BA               ; Set AliensLeft
0746   015D 36 10                              LD      (HL),$10            ; to 16 aliens left in wave
0747   015F 2E BE                              LD      L,$BE               ;
0748   0161 3A 00 78                           LD      A,(DSW0)            ; 78xx DSW0, get DIP switch settings
0749   0164 E6 0C                              AND     $0C                 ; mask out 0000_1100 the Bonus lives
0750   0166 07                                 RLCA                        ; rotate left ..
0751   0167 07                                 RLCA                        ; .. to 0011_0000
0752   0168 C6 30                              ADD     $30                 ; -> $30,$40,$50,$60
0753   016A 77                                 LD      (HL),A              ; save to BonusLivesAt = 3000/4000/5000/6000 pts (BCD)
0754   016B 26 58                              LD      H,scrollRegister >> 8
0755   016D 36 00                              LD      (HL),$00            ; init screen scrolling
0756   016F CD 80 00                           CALL    WaitVBlankCoin      ;
0757   0172 C9                                 RET                         ;
0758   0173             
0759   0173             ;*****************************************************************************
0760   0173             ;* Used for the game demo during attract mode.
0761   0173             ;* Returning the bits for feeding the IN0Current for the simulated player inputs.
0762   0173             ;* Resulting values are depending on $4398:$4399 .
0763   0173             ;* Counter value goes from $03E6 to $1510 during the demo.
0764   0173             ;* 1010_1110...move left
0765   0173             ;* 1100_1110...move right
0766   0173             ;* 1111_1110...push fire
0767   0173             ;* 0111_1110...push shield
0768   0173             ;*****************************************************************************
0769   0173             GetPlayerInputsForDemo:
0770   0173 7E                                 LD      A,(HL)              ; get $4399 (LSB from 16 bit counter)
0771   0174 E6 7F                              AND     $7F                 ; mask out 0111_1111, (counter goes from 00 to $7F)
0772   0176 06 CE                              LD      B,$CE               ; return : 1100_1110...move right
0773   0178 FE 1F                              CP      $1F                 ; 1st trigger point of demo
0774   017A D8                                 RET     C                   ; return if greater
0775   017B 06 FE                              LD      B,$FE               ; 1111_1110...push fire
0776   017D C8                                 RET     Z                   ; return if equal
0777   017E 06 AE                              LD      B,$AE               ; 1010_1110...move left
0778   0180 FE 5F                              CP      $5F                 ; 2nd trigger point of demo
0779   0182 D8                                 RET     C                   ; return if greater
0780   0183 06 FE                              LD      B,$FE               ; 1111_1110...push fire
0781   0185 C8                                 RET     Z                   ; return if equal
0782   0186 06 CE                              LD      B,$CE               ; 1100_1110...move right
0783   0188 FE 7F                              CP      $7F                 ; 3rd trigger point of demo
0784   018A D8                                 RET     C                   ; return if greater
0785   018B 06 FE                              LD      B,$FE               ; 1111_1110...push fire
0786   018D 2D                                 DEC     L                   ;
0787   018E 7E                                 LD      A,(HL)              ; get $4398 (MSB from 16 bit counter)
0788   018F FE 09                              CP      $09                 ; 4rd trigger point of demo
0789   0191 C0                                 RET     NZ                  ; return if not equal
0790   0192 06 7E                              LD      B,$7E               ; 0111_1110...push shield
0791   0194 C9                                 RET                         ;
0792   0195             
0793   0196                                    .ORG $0196
0794   0196             ;*****************************************************************************
0795   0196             ;* Slow printing the static texts for the score average table
0796   0196             ;* and the big letters of the Phoenix title. Prints ONE character per call,
0797   0196             ;* driven by Counter98 ($4398:$4399). Attract-mode only.
0798   0196             ;* In: HL = $4399 (Counter98 LSB).
0799   0196             ;*****************************************************************************
0800   0196             SlowPrintScoreAverageTable:
0801   0196 7E                                 LD      A,(HL)              ; get actual index for slow print ($4399)
0802   0197 E6 1F                              AND     $1F                 ; mask out 0001_1111
0803   0199 FE 06                              CP      $06                 ; reached state 6 ?
0804   019B D8                                 RET     C                   ; no..return
0805   019C 5F                                 LD      E,A                 ; save the state
0806   019D 7E                                 LD      A,(HL)              ; get actual index for slow print ($4399)
0807   019E E6 E0                              AND     $E0                 ; mask out 1110_0000
0808   01A0 4F                                 LD      C,A                 ; save bits 5,6,7
0809   01A1 2D                                 DEC     L                   ;
0810   01A2 46                                 LD      B,(HL)              ; get zero reference from $4398
0811   01A3 2E A8                              LD      L,$A8               ; ..and..
0812   01A5 70                                 LD      (HL),B              ; save it to $43A8
0813   01A6 2C                                 INC     L                   ;
0814   01A7 71                                 LD      (HL),C              ; save bits 5,6,7 to $43A9
0815   01A8 01 60 18                           LD      BC,T1860            ; data block starting with 'INSERT  COIN' text
0816   01AB CD 06 02                           CALL    AddBCtoMem          ; stores MSB LSB
0817   01AE 7E                                 LD      A,(HL)              ;
0818   01AF 2D                                 DEC     L                   ;
0819   01B0 66                                 LD      H,(HL)              ;
0820   01B1 6F                                 LD      L,A                 ;
0821   01B2 7B                                 LD      A,E                 ;
0822   01B3 56                                 LD      D,(HL)              ; get the data
0823   01B4 2C                                 INC     L                   ;
0824   01B5 5E                                 LD      E,(HL)              ;
0825   01B6 2D                                 DEC     L                   ;
0826   01B7 4F                                 LD      C,A                 ;
0827   01B8 85                                 ADD     A,L                 ;
0828   01B9 6F                                 LD      L,A                 ;
0829   01BA 79                                 LD      A,C                 ;
0830   01BB D6 06                              SUB     $06                 ;
0831   01BD 4F                                 LD      C,A                 ;
0832   01BE CA C8 01                           JP      Z,L01C8             ;
0833   01C1             L01C1:
0834   01C1 CD 17 02                           CALL    RightOneColumn      ; move to next screen position
0835   01C4 0D                                 DEC     C                   ;
0836   01C5 C2 C1 01                           JP      NZ,L01C1            ;
0837   01C8             L01C8:
0838   01C8 7E                                 LD      A,(HL)              ;
0839   01C9 12                                 LD      (DE),A              ; print one character on the screen
0840   01CA C3 E0 14                           JP      L14E0               ; check for coin event
0841   01CD             
0842   01D0                                    .ORG $01D0
0843   01D0             ;*****************************************************************************
0844   01D0             ;* Print the top 3 lines (scores, lives, coins)
0845   01D0             ;*****************************************************************************
0846   01D0             PrintTextLines:
0847   01D0 56                                 LD      D,(HL)              ; Get ...
0848   01D1 2C                                 INC     L                   ; ... the ...
0849   01D2 5E                                 LD      E,(HL)              ; ... screen coord
0850   01D3 7D                                 LD      A,L                 ; Add 5 ...
0851   01D4 C6 05                              ADD     $05                 ; ... go get ...
0852   01D6 6F                                 LD      L,A                 ; ... data
0853   01D7 06 1A                              LD      B,$1A               ; 26 columns
0854   01D9 CD ED 01                           CALL    DrawRow             ; Draw next row
0855   01DC 0D                                 DEC     C                   ; All lines done?
0856   01DD C2 D0 01                           JP      NZ,PrintTextLines   ; No ... draw all rows
0857   01E0 C9                                 RET                         ; Done
0858   01E1             
0859   01E1             ;*****************************************************************************
0860   01E1             ;* Print the copyright lines (bottom 3 lines)
0861   01E1             ;*****************************************************************************
0862   01E1             PrintCopyright:
0863   01E1 CD 40 01                           CALL    ClearForeAndBackground
0864   01E4             L01E4:
0865   01E4 21 60 19                           LD      HL,T1960            ; "PHOENIX ... U.S.A"
0866   01E7 0E 03                              LD      C,$03               ; 3 lines at the bottom
0867   01E9 C3 D0 01                           JP      PrintTextLines      ; Print the copyright
0868   01EC             
0869   01ED                                    .ORG $01ED
0870   01ED             ;*****************************************************************************
0871   01ED             ;* Remember the screen is rotated.
0872   01ED             ;* This draws a column in screen memory (row on the screen)
0873   01ED             ;*****************************************************************************
0874   01ED             DrawRow:
0875   01ED 7E                                 LD      A,(HL)              ; Copy the data ...
0876   01EE 12                                 LD      (DE),A              ; .. to the screen
0877   01EF 23                                 INC     HL                  ; Next in data
0878   01F0 CD 17 02                           CALL    RightOneColumn      ; Move DE to next row
0879   01F3 05                                 DEC     B                   ; All drawn?
0880   01F4 C2 ED 01                           JP      NZ,DrawRow          ; Draw them all
0881   01F7 C9                                 RET                         ; Done
0882   01F8             
0883   0200                                    .ORG $0200
0884   0200             ;*****************************************************************************
0885   0200             ;* Two-byte +1 to (HL-1) : (HL).
0886   0200             ;*****************************************************************************
0887   0200             AddOneToMem:
0888   0200 34                                 INC     (HL)                ; Add one to LSB
0889   0201 C0                                 RET     NZ                  ; We didn't overflow ... done
0890   0202 2D                                 DEC     L                   ; Back up to MSB
0891   0203 34                                 INC     (HL)                ; Carry into the MSB
0892   0204 2C                                 INC     L                   ; Restore point to LSB
0893   0205 C9                                 RET                         ; Done
0894   0206             
0895   0206             ;*****************************************************************************
0896   0206             ;* Two-byte addition. BC is added to (HL-1) : (HL).
0897   0206             ;*****************************************************************************
0898   0206             AddBCtoMem:
0899   0206 7E                                 LD      A,(HL)              ; Get the lower byte
0900   0207 81                                 ADD     A,C                 ; Add C to the lower
0901   0208 77                                 LD      (HL),A              ; Store the new lower
0902   0209 2D                                 DEC     L                   ; Back up to upper byte
0903   020A 7E                                 LD      A,(HL)              ; Add B and carry ...
0904   020B 88                                 ADC     A,B                 ; ... to upper byte
0905   020C 77                                 LD      (HL),A              ; Store the new upper byte
0906   020D 2C                                 INC     L                   ; Restore pointer to LSB
0907   020E C9                                 RET                         ; Done
0908   020F             
0909   0210                                    .ORG $0210
0910   0210             ;*****************************************************************************
0911   0210             ;* Add 32 (left one column on the rotated screen) to DE (two bytes)
0912   0210             ;*****************************************************************************
0913   0210             LeftOneColumn:
0914   0210 7B                                 LD      A,E                 ; Add ...
0915   0211 C6 20                              ADD     $20                 ; ... 32 to ...
0916   0213 5F                                 LD      E,A                 ; ... E
0917   0214 D0                                 RET     NC                  ; No carry ... we are done
0918   0215 14                                 INC     D                   ; Carry into D
0919   0216 C9                                 RET                         ; Done
0920   0217             
0921   0217             ;*****************************************************************************
0922   0217             ;* Subtract 32 (right one column on the rotated screen) from DE (two bytes)
0923   0217             ;*****************************************************************************
0924   0217             RightOneColumn:
0925   0217 7B                                 LD      A,E                 ; Subtract ...
0926   0218 D6 20                              SUB     $20                 ; ... 32 from ...
0927   021A 5F                                 LD      E,A                 ; ... E
0928   021B D0                                 RET     NC                  ; No borrow ... we are done
0929   021C 15                                 DEC     D                   ; Borrow from D
0930   021D C9                                 RET                         ; Done
0931   021E             
0932   0220                                    .ORG $0220
0933   0220             ;*****************************************************************************
0934   0220             ;* 3-byte (6 digit) BCD addition. Add BC*10 to (HL-2):(HL-1):(HL).
0935   0220             ;* The games keeps the lowest digit of the scores to 0.
0936   0220             ;*****************************************************************************
0937   0220             AddToScore:
0938   0220 AF                                 XOR     A                   ; !! Pointless. We are about to change A and the flags
0939   0221 7E                                 LD      A,(HL)              ; Lowest 2 digits
0940   0222 81                                 ADD     A,C                 ; Add C to score
0941   0223 27                                 DAA                         ; Adjust for binary coded decimal
0942   0224 77                                 LD      (HL),A              ; Update lowest 2 digits
0943   0225 2D                                 DEC     L                   ; Point to middle 2 digits
0944   0226 7E                                 LD      A,(HL)              ; Add B to ...
0945   0227 88                                 ADC     A,B                 ; ... score
0946   0228 27                                 DAA                         ; Adjust for BCD
0947   0229 77                                 LD      (HL),A              ; Store the middle 2 digits
0948   022A 2D                                 DEC     L                   ; Point to the upper 2 digits
0949   022B 7E                                 LD      A,(HL)              ; Add in ...
0950   022C CE 00                              ADC     $00                 ; ... any carry
0951   022E 27                                 DAA                         ; Adjust for binary coded decimal
0952   022F 77                                 LD      (HL),A              ; Store the upper 2 digits
0953   0230 2C                                 INC     L                   ; Restore ...
0954   0231 2C                                 INC     L                   ; ... pointer
0955   0232 C9                                 RET                         ; Done
0956   0233             
0957   0258                                    .ORG $0258
0958   0258             ;*****************************************************************************
0959   0258             ;* Two byte compare of BC to memory at (HL-1):(HL)
0960   0258             ;*****************************************************************************
0961   0258             CompareBCtoMem:
0962   0258 7E                                 LD      A,(HL)              ; Value from memory
0963   0259 B9                                 CP      C                   ; Are the lower values the same?
0964   025A C0                                 RET     NZ                  ; No ... return not-zero
0965   025B 2D                                 DEC     L                   ; Point to MSB
0966   025C 7E                                 LD      A,(HL)              ; Get the MSB value
0967   025D 2C                                 INC     L                   ; Restore the pointer
0968   025E B8                                 CP      B                   ; Compare the MSBs
0969   025F C9                                 RET                         ; Return the flags
0970   0260             
0971   0260             ;*****************************************************************************
0972   0260             ;* Subtract DE from memory if memory is greater/equal to BC.
0973   0260             ;*****************************************************************************
0974   0260             SubtractIfEnough:
0975   0260 CD 70 02                           CALL    SubtractFromMemory  ; Try subtraction. Is memory larger (or equal) to BC?
0976   0263 D8                                 RET     C                   ; No ... ignore request
0977   0264 CD 77 02                           CALL    SubtractToMemory    ; Yes ... subtract DE from memory
0978   0267 C9                                 RET                         ; Done
0979   0268             
0980   0270                                    .ORG $0270
0981   0270             ;*****************************************************************************
0982   0270             ;* Two byte subtraction of memory from BC. BC = BC -  (HL-1):(HL)
0983   0270             ;*****************************************************************************
0984   0270             SubtractFromMemory:
0985   0270 7E                                 LD      A,(HL)              ; Get the low byte
0986   0271 91                                 SUB     C                   ; Subtract from C
0987   0272 2D                                 DEC     L                   ; Point to upper byte
0988   0273 7E                                 LD      A,(HL)              ; Get the upper byte
0989   0274 98                                 SBC     B                   ; Subtract from B (with borrow)
0990   0275 2C                                 INC     L                   ; Restore pointer
0991   0276 C9                                 RET                         ; Done
0992   0277             
0993   0277             ;*****************************************************************************
0994   0277             ;* Two byte subtraction of DE from memory. (HL-1):(HL) = (HL-1):(HL) - DE
0995   0277             ;*****************************************************************************
0996   0277             SubtractToMemory:
0997   0277 7B                                 LD      A,E                 ; Lower byte
0998   0278 96                                 SUB     (HL)                ; Subtract it from memory
0999   0279 2D                                 DEC     L                   ; Point to upper byte
1000   027A 7A                                 LD      A,D                 ; Value to A
1001   027B 9E                                 SBC     (HL)                ; Subtract upper byte from memory (with borrow)
1002   027C 2C                                 INC     L                   ; Restore pointer
1003   027D C9                                 RET                         ; Done
1004   027E             
1005   0280                                    .ORG $0280
1006   0280             ;*****************************************************************************
1007   0280             ;* Two byte compare of HL to BC
1008   0280             ;*****************************************************************************
1009   0280             CompareHLtoBC:
1010   0280 7D                                 LD      A,L                 ; Compare lower ...
1011   0281 B9                                 CP      C                   ; ... bytes
1012   0282 C0                                 RET     NZ                  ; Not the same ... return NZ
1013   0283 7C                                 LD      A,H                 ; Compare upper ...
1014   0284 B8                                 CP      B                   ; ... bytes
1015   0285 C9                                 RET                         ; Return the check
1016   0286             
1017   0288                                    .ORG $0288
1018   0288             ;*****************************************************************************
1019   0288             ;* Start game screen
1020   0288             ;*****************************************************************************
1021   0288             PromptForStartGame:
1022   0288 CD 40 01                           CALL    ClearForeAndBackground
1023   028B 21 C0 19                           LD      HL,T19C0            ; 
1024   028E 0E 02                              LD      C,$02               ; print two lines: 'PUSH ONLY...1PLAYER BUTTON'
1025   0290 CD D0 01                           CALL    PrintTextLines      ;
1026   0293 0E 02                              LD      C,$02               ;
1027   0295 CD E0 17                           CALL    CoinChecking        ; Converts raw `CoinCount` into playable credits, applying the coinage DIP on `DSW0`
1028   0298 FE 02                              CP      $02                 ; 2 player mode possible if credit > 1
1029   029A DA A7 02                           JP      C,L02A7             ;
1030   029D 21 A0 1B                           LD      HL,T1BA0            ;
1031   02A0 0E 01                              LD      C,$01               ; print one line: '1 OR 2PLAYERS BUTTON'
1032   02A2 CD D0 01                           CALL    PrintTextLines      ;
1033   02A5 0E 06                              LD      C,$06               ;
1034   02A7             L02A7:
1035   02A7 3A 00 70                           LD      A,(IN0)             ; 70xx IN0  Get the bits...
1036   02AA 2F                                 CPL                         ; ...for the two...
1037   02AB A1                                 AND     C                   ; ...start buttons and...
1038   02AC C8                                 RET     Z                   ; ...ret if no start button was pressed.
1039   02AD CD CB 02                           CALL    DecrementCoins      ; (GameOrAttract will be affected here as well)
1040   02B0 CD F0 02                           CALL    UpdateHiScore       ;
1041   02B3 CD 2E 03                           CALL    ClearAndPrintScores ;
1042   02B6 CD 50 03                           CALL    GetPlayerLivesFromDip
1043   02B9 CD 40 01                           CALL    ClearForeAndBackground
1044   02BC 26 50                              LD      H,videoRegister >> 8
1045   02BE 36 01                              LD      (HL),$01            ;
1046   02C0 CD 40 01                           CALL    ClearForeAndBackground
1047   02C3 26 50                              LD      H,videoRegister >> 8
1048   02C5 36 00                              LD      (HL),$00            ;
1049   02C7 C9                                 RET                         ;
1050   02C8             
1051   02CB                                    .ORG $02CB
1052   02CB             ;*****************************************************************************
1053   02CB             ;* Coin handling
1054   02CB             ;*****************************************************************************
1055   02CB             DecrementCoins:
1056   02CB 0E 01                              LD      C,$01               ; Value for 'one player game mode'
1057   02CD FE 02                              CP      $02                 ; A register holds the value of start buttons
1058   02CF CA D4 02                           JP      Z,L02D4             ; jump if 'start 1' was pressed.
1059   02D2 0E 02                              LD      C,$02               ; Value for 'two players game mode'
1060   02D4             L02D4:
1061   02D4 21 A2 43                           LD      HL,GameOrAttract    ; 
1062   02D7 71                                 LD      (HL),C              ; set it to 1 or 2 and leave the attract mode.
1063   02D8 3A 00 78                           LD      A,(DSW0)            ; 78xx DSW0
1064   02DB E6 10                              AND     $10                 ; mask for coinage 0001_0000
1065   02DD CA E3 02                           JP      Z,L02E3             ;
1066   02E0 79                                 LD      A,C                 ;
1067   02E1 07                                 RLCA                        ; Multiply by 2
1068   02E2 4F                                 LD      C,A                 ;
1069   02E3             L02E3:
1070   02E3 2E 8F                              LD      L,CoinCount & $FF   ; LSB of CoinCount
1071   02E5 7E                                 LD      A,(HL)              ; get CoinCount value
1072   02E6 91                                 SUB     C                   ; decrement coins
1073   02E7 77                                 LD      (HL),A              ; save it
1074   02E8 C6 20                              ADD     $20                 ; map value to character code
1075   02EA 32 42 41                           LD      (ForegroundScreen+$142),A ; updates the number of coins on the screen
1076   02ED C9                                 RET                         ;
1077   02EE             
1078   02F0                                    .ORG $02F0
1079   02F0             ;*****************************************************************************
1080   02F0             ;* Copy the score to hi score if greater
1081   02F0             ;*****************************************************************************
1082   02F0             UpdateHiScore:
1083   02F0 11 83 43                           LD      DE,Score1low        ; score of player 1
1084   02F3 21 8B 43                           LD      HL,HiScorelow       ; current hi score
1085   02F6 CD 14 03                           CALL    L0314               ;
1086   02F9 D4 20 03                           CALL    NC,L0320            ;
1087   02FC 1E 87                              LD      E,Score2low & $FF   ; LSB of Score2low
1088   02FE 2E 8B                              LD      L,HiScorelow & $FF  ; LSB of HiScorelow
1089   0300 CD 14 03                           CALL    L0314               ;
1090   0303 D4 20 03                           CALL    NC,L0320            ;
1091   0306 2E 8B                              LD      L,HiScorelow & $FF  ; LSB of HiScorelow
1092   0308 11 41 41                           LD      DE,$4141            ; High-score Screen coordinates (LSB)
1093   030B 06 06                              LD      B,$06               ; 6 digits
1094   030D CD C4 00                           CALL    PrintNumber         ; Print the 6-digit number
1095   0310 C9                                 RET                         ; Done
1096   0311             
1097   0314                                    .ORG $0314
1098   0314             ;*****************************************************************************
1099   0314             ;* Generic 3 byte BCD comparator
1100   0314             ;*****************************************************************************
1101   0314             L0314:
1102   0314 1A                                 LD      A,(DE)              ;
1103   0315 96                                 SUB     (HL)                ;
1104   0316 1D                                 DEC     E                   ;
1105   0317 2D                                 DEC     L                   ;
1106   0318 1A                                 LD      A,(DE)              ;
1107   0319 9E                                 SBC     (HL)                ;
1108   031A 1D                                 DEC     E                   ;
1109   031B 2D                                 DEC     L                   ;
1110   031C 1A                                 LD      A,(DE)              ;
1111   031D 9E                                 SBC     (HL)                ;
1112   031E C9                                 RET                         ;
1113   031F             
1114   0320                                    .ORG $0320
1115   0320             L0320:
1116   0320 1A                                 LD      A,(DE)              ;
1117   0321 77                                 LD      (HL),A              ;
1118   0322 13                                 INC     DE                  ;
1119   0323 23                                 INC     HL                  ;
1120   0324 1A                                 LD      A,(DE)              ;
1121   0325 77                                 LD      (HL),A              ;
1122   0326 13                                 INC     DE                  ;
1123   0327 23                                 INC     HL                  ;
1124   0328 1A                                 LD      A,(DE)              ;
1125   0329 77                                 LD      (HL),A              ;
1126   032A C9                                 RET                         ;
1127   032B             
1128   032E                                    .ORG $032E
1129   032E             ;*****************************************************************************
1130   032E             ;* Update of the score values on screen.
1131   032E             ;*****************************************************************************
1132   032E             ClearAndPrintScores:
1133   032E 21 80 43                           LD      HL,M4380            ; Clear scores..
1134   0331             L0331:
1135   0331 36 00                              LD      (HL),$00            ; ..from $4380..
1136   0333 23                                 INC     HL                  ;
1137   0334 7D                                 LD      A,L                 ;
1138   0335 FE 88                              CP      $88                 ; ..to $4387
1139   0337 C2 31 03                           JP      NZ,L0331            ;
1140   033A 2E 83                              LD      L,Score1low & $FF   ; print player 1 score
1141   033C 11 61 42                           LD      DE,$4261            ; Score1 screen coordinates (LSB)
1142   033F 06 06                              LD      B,$06               ; 6 digits
1143   0341 CD C4 00                           CALL    PrintNumber         ;
1144   0344 2E 87                              LD      L,Score2low & $FF   ; print player 2 score
1145   0346 11 21 40                           LD      DE,$4021            ; Score2 screen coordinates (LSB)
1146   0349 06 06                              LD      B,$06               ; 6 digits
1147   034B CD C4 00                           CALL    PrintNumber         ;
1148   034E C9                                 RET                         ; Done
1149   034F             
1150   0350                                    .ORG $0350
1151   0350             ;*****************************************************************************
1152   0350             ;* Gets the DIP switch settings for player lives.
1153   0350             ;*****************************************************************************
1154   0350             GetPlayerLivesFromDip:
1155   0350 3A 00 78                           LD      A,(DSW0)            ; 78xx DSW0, get DIP switch settings
1156   0353 E6 03                              AND     $03                 ; mask out 0000_0011 number of lives
1157   0355 C6 03                              ADD     $03                 ; to get : 03, 04, 05 or 06
1158   0357 47                                 LD      B,A                 ;
1159   0358 21 90 43                           LD      HL,Player1Lives     ;
1160   035B 70                                 LD      (HL),B              ; save it
1161   035C 2E A2                              LD      L,GameOrAttract & $FF
1162   035E 7E                                 LD      A,(HL)              ; load GameOrAttract and ..
1163   035F FE 01                              CP      $01                 ; check if one or two players mode
1164   0361 CA 67 03                           JP      Z,UpdateLivesScreen ;
1165   0364 2E 91                              LD      L,Player2Lives & $FF
1166   0366 70                                 LD      (HL),B              ; save it to Player2Lives
1167   0367             
1168   0367             ;*****************************************************************************
1169   0367             ;* Updates the number of lives on the screen
1170   0367             ;*****************************************************************************
1171   0367             UpdateLivesScreen:
1172   0367 2E 90                              LD      L,Player1Lives & $FF
1173   0369 7E                                 LD      A,(HL)              ; load Player1Lives
1174   036A F6 20                              OR      $20                 ; map value to character code
1175   036C 32 A2 42                           LD      (ForegroundScreen+$2A2),A ; number of lives, for player 1 at screen ram
1176   036F 2C                                 INC     L                   ;
1177   0370 7E                                 LD      A,(HL)              ; load Player2Lives
1178   0371 F6 20                              OR      $20                 ; map value to character code
1179   0373 32 62 40                           LD      (ForegroundScreen+$62),A ; number of lives, for player 2 at screen ram
1180   0376 C9                                 RET                         ;
1181   0377             
1182   0377             ;*****************************************************************************
1183   0377             ;* Update the sound control RAM registers
1184   0377             ;*****************************************************************************
1185   0377             UpdateSoundControlRAM:
1186   0377 21 8C 43                           LD      HL,SoundControlA    ;
1187   037A 77                                 LD      (HL),A              ;
1188   037B 2C                                 INC     L                   ; and update ..
1189   037C 77                                 LD      (HL),A              ; .. SoundControlB
1190   037D C9                                 RET                         ;
1191   037E             
1192   0380                                    .ORG $0380
1193   0380             ;*****************************************************************************
1194   0380             ;* Clears the foreground except for the top 3 rows (the scores)
1195   0380             ;*****************************************************************************
1196   0380             ClearForeground:
1197   0380 21 3F 43                           LD      HL,ForegroundScreen+$33F       ; End of foreground screen
1198   0383 11 1F 00                           LD      DE,$001F            ; 00 for clear and 1F for finding end of a column
1199   0386 01 3F 03                           LD      BC,$033F            ; 03 for leaving top 3 rows and 3F for find the beginning of screen memory
1200   0389             L0389:
1201   0389 72                                 LD      (HL),D              ; Clear the screen
1202   038A 2B                                 DEC     HL                  ; Next location
1203   038B 72                                 LD      (HL),D              ; Clear the screen
1204   038C 2B                                 DEC     HL                  ; Next location
1205   038D 7D                                 LD      A,L                 ; Keep lower 5 ...
1206   038E A3                                 AND     E                   ; ... bits (32 bytes in a column)
1207   038F B8                                 CP      B                   ; At the top of the column?
1208   0390 C2 89 03                           JP      NZ,L0389            ; No ... keep clearing the column
1209   0393 72                                 LD      (HL),D              ; Clear the 4th column from the top
1210   0394 2B                                 DEC     HL                  ; To ...
1211   0395 2B                                 DEC     HL                  ; ... top ...
1212   0396 2B                                 DEC     HL                  ; ... of the ...
1213   0397 2B                                 DEC     HL                  ; ... row
1214   0398 7C                                 LD      A,H                 ; Have we reached ...
1215   0399 B9                                 CP      C                   ; ... 3FFF ?
1216   039A C2 89 03                           JP      NZ,L0389            ; No ... clear all columns
1217   039D C9                                 RET                         ; Done
1218   039E             
1219   03A0                                    .ORG $03A0
1220   03A0             ;*****************************************************************************
1221   03A0             ;* Clears the background screen.
1222   03A0             ;*****************************************************************************
1223   03A0             ClearBackground:
1224   03A0 21 3F 4B                           LD      HL,BackgroundScreen+$33F       ; End of background screen memory
1225   03A3 11 47 00                           LD      DE,$0047            ; 00 for clear and 47 to find the beginning of screen memory
1226   03A6             L03A6:
1227   03A6 72                                 LD      (HL),D              ; Clear the screen
1228   03A7 2B                                 DEC     HL                  ; Next location
1229   03A8 72                                 LD      (HL),D              ; Clear the screen
1230   03A9 2B                                 DEC     HL                  ; Next location
1231   03AA 7C                                 LD      A,H                 ; Have we reached ...
1232   03AB BB                                 CP      E                   ; HL = 47FF ?
1233   03AC C2 A6 03                           JP      NZ,L03A6            ; No ... keep clearing
1234   03AF C9                                 RET                         ; Done
1235   03B0             
1236   03B0             ;*****************************************************************************
1237   03B0             ;* The game demo is using the real game code with simulated player inputs.
1238   03B0             ;* The timeline of the game demo, as part of the attract mode,
1239   03B0             ;* is covered by a 16 bit counter $4398:$4399.
1240   03B0             ;* 1st demo from value: $03E6 to $07A0.
1241   03B0             ;* 2nd demo from value: $0800 to $0B60.
1242   03B0             ;* 3rd demo from value: $0C00 to $1510.
1243   03B0             ;*****************************************************************************
1244   03B0             GameDemo:
1245   03B0 01 A0 07                           LD      BC,$07A0            ;
1246   03B3 CD 70 02                           CALL    SubtractFromMemory  ;
1247   03B6 DA CE 03                           JP      C,L03CE             ;
1248   03B9 CD 58 02                           CALL    CompareBCtoMem      ;
1249   03BC CA EB 03                           JP      Z,L03EB             ;
1250   03BF 01 60 0B                           LD      BC,$0B60            ;
1251   03C2 CD 70 02                           CALL    SubtractFromMemory  ;
1252   03C5 DA CE 03                           JP      C,L03CE             ;
1253   03C8 CD 58 02                           CALL    CompareBCtoMem      ;
1254   03CB CA E2 03                           JP      Z,L03E2             ;
1255   03CE             L03CE:
1256   03CE CD 73 01                           CALL    GetPlayerInputsForDemo
1257   03D1 21 A0 43                           LD      HL,IN0Current       ;
1258   03D4 7E                                 LD      A,(HL)              ;
1259   03D5 E6 01                              AND     $01                 ; mask out real button presses, but leave the coin event.
1260   03D7 B0                                 OR      B                   ; feed the IN0Current with movement data
1261   03D8 77                                 LD      (HL),A              ; for the game demo.
1262   03D9 C3 00 04                           JP      GameStateMachine    ;
1263   03DC             
1264   03E2                                    .ORG $03E2
1265   03E2             ;*****************************************************************************
1266   03E2             ;* Changing the game demo level at attract mode.
1267   03E2             ;*****************************************************************************
1268   03E2             L03E2:
1269   03E2 01 08 01                           LD      BC,$0108            ; Next interval game state is 1, set LevelAndRound to 1st round, level 8 (mothership wave)
1270   03E5 11 00 10                           LD      DE,$1000            ; set AliensLeft to 1 and BirdsLeft to 0 ?
1271   03E8 C3 F1 03                           JP      L03F1               ; 
1272   03EB             
1273   03EB             ;*****************************************************************************
1274   03EB             ;* Changing the game demo level at attract mode.
1275   03EB             ;*****************************************************************************
1276   03EB             L03EB:
1277   03EB 01 04 01                           LD      BC,$0104            ;
1278   03EE 11 08 00                           LD      DE,$0008            ;
1279   03F1             L03F1:
1280   03F1 21 A4 43                           LD      HL,GameState        ; Next interval game state ...
1281   03F4 70                                 LD      (HL),B              ; ... is 1 (flashing of score)
1282   03F5 2E B8                              LD      L,$B8               ;
1283   03F7 71                                 LD      (HL),C              ; set LevelAndRound to 1st round, level 4 (blue birds wave)
1284   03F8 2E BA                              LD      L,$BA               ;
1285   03FA 72                                 LD      (HL),D              ; set AliensLeft to 0
1286   03FB 2C                                 INC     L                   ;
1287   03FC 73                                 LD      (HL),E              ; set BirdsLeft to 8
1288   03FD C9                                 RET                         ;
1289   03FE             
1290   0400                                    .ORG $0400
1291   0400             ;*****************************************************************************
1292   0400             ;* Game state machine.
1293   0400             ;* Jump to function by number in GameState.
1294   0400             ;*****************************************************************************
1295   0400             GameStateMachine:
1296   0400 21 0E 04                           LD      HL,T040E            ; Jump table
1297   0403 3A A4 43                           LD      A,(GameState)       ;
1298   0406 07                                 RLCA                        ; *2
1299   0407 85                                 ADD     A,L                 ; Offset ...
1300   0408 6F                                 LD      L,A                 ; ... into the table
1301   0409 7E                                 LD      A,(HL)              ; MSB of destination
1302   040A 2C                                 INC     L                   ; Get the
1303   040B 6E                                 LD      L,(HL)              ; ... LSB of destination
1304   040C 67                                 LD      H,A                 ; Now point to function
1305   040D E9                                 JP      (HL)                ; Jump to function
1306   040E             
1307   040E             ; Notice these addresses are MSB:LSB (backwards from the processor's endianness)
1308   040E             T040E:
1309   040E                                    .MSFIRST
1310   040E 04 30                              .DW L0430                   ; game state 0: called once at 'new game start'
1311   0410 04 AC                              .DW L04AC                   ; game state 1: called for each frame during 'flashing of score1 or 2'
1312   0412 05 15                              .DW L0515                   ; game state 2: called once for initialization of game and level data
1313   0414 08 00                              .DW L0800                   ; game state 3: called for each frame of normal game play
1314   0416 0A EA                              .DW L0AEA                   ; game state 4: called for each frame of 'player ship partikel explosion'
1315   0418 0B 60                              .DW L0B60                   ; game state 5: called for each frame during 'GAME OVER' text
1316   041A 24 00                              .DW L2400                   ; game state 6: called for each frame during 'mother ship partikel explosion'
1317   041C 24 4C                              .DW L244C                   ; game state 7: called for each frame during 'mother ship score display'
1318   041E             
1319   041E             ;*****************************************************************************
1320   041E             ;* Set lower bits of video register,
1321   041E             ;* for the color palette, memory bank, and the screen flipping at cocktail mode.
1322   041E             ;*****************************************************************************
1323   041E             SetBitsVideoRegister:
1324   041E 3A A3 43                           LD      A,(GameAndDemoOrSplash)
1325   0421 E6 01                              AND     $01                 ; mask out 0000_0001 for 'memory bank'
1326   0423 47                                 LD      B,A                 ;
1327   0424 3A B8 43                           LD      A,(LevelAndRound)   ;
1328   0427 E6 02                              AND     $02                 ; masc out 0000_0010 for 'color palette'
1329   0429 B0                                 OR      B                   ; set the bits at...
1330   042A 32 00 50                           LD      (videoRegister),A   ; 50xx video register
1331   042D C9                                 RET                         ;
1332   042E             
1333   0430                                    .ORG $0430
1334   0430             ;*****************************************************************************
1335   0430             ;* Game state 0.
1336   0430             ;* New game start.
1337   0430             ;*****************************************************************************
1338   0430             L0430:
1339   0430 21 A4 43                           LD      HL,GameState        ; Next interval game state ...
1340   0433 36 01                              LD      (HL),$01            ; ... is 1 (flashing of score)
1341   0435 2C                                 INC     L                   ;
1342   0436 36 80                              LD      (HL),$80            ; Set value for CounterA5 (score flash time)
1343   0438 2E A3                              LD      L,GameAndDemoOrSplash & $FF   ; save the value of..
1344   043A 7E                                 LD      A,(HL)              ; .. GameAndDemoOrSplash
1345   043B 36 00                              LD      (HL),$00            ; set it to game demo / game play
1346   043D FE 02                              CP      $02                 ;
1347   043F C8                                 RET     Z                   ; return if it was 'Intro splash' before.
1348   0440 77                                 LD      (HL),A              ; set GameAndDemoOrSplash to 'Game and demo for player 1'
1349   0441 2D                                 DEC     L                   ;
1350   0442 7E                                 LD      A,(HL)              ; get GameOrAttract
1351   0443 FE 01                              CP      $01                 ;
1352   0445 C8                                 RET     Z                   ; return if 'One player game mode'
1353   0446 2C                                 INC     L                   ;
1354   0447 7E                                 LD      A,(HL)              ; get GameAndDemoOrSplash
1355   0448 A7                                 AND     A                   ; updates the zero flag
1356   0449 CA A0 04                           JP      Z,L04A0             ; if 'Game and demo'
1357   044C 2E 90                              LD      L,$90               ;
1358   044E 7E                                 LD      A,(HL)              ; get Player1Lives
1359   044F A7                                 AND     A                   ; updates the zero flag
1360   0450 C8                                 RET     Z                   ; return if no lives left.
1361   0451 2E A3                              LD      L,$A3               ;
1362   0453 36 00                              LD      (HL),$00            ; set GameAndDemoOrSplash to 'Game and demo for player 1'
1363   0455 01 00 01                           LD      BC,$0100            ; from bank 1 to bank 0
1364   0458 CD 60 04                           CALL    CopyMemoryBank      ; to toggle the player
1365   045B C9                                 RET                         ;
1366   045C             
1367   0460                                    .ORG $0460
1368   0460             ;*****************************************************************************
1369   0460             ;* Copy memory bank to bank.
1370   0460             ;* B = from-bank number, C = to-bank number.  Copies three regions:
1371   0460             ;*   1) the foreground playfield (from $4320)
1372   0460             ;*      This loop walks the screen in the display's native (rotated) order:
1373   0460             ;*      It copies a 4 byte group (`E & 3` inner loop), then snaps `E` to
1374   0460             ;*      its `$x0` boundary and subtracts `$20` to jump to the group one screen line earlier,
1375   0460             ;*      when that underflows it decrements the page (`DEC D`).
1376   0460             ;*      It marches through pages `$43 -> $42 -> $41 -> $40` and stops when `D` reaches `$3F`
1377   0460             ;*      (i.e. below `$4000`). Net effect: the visible playfield is transferred between banks.
1378   0460             ;*   2) the game-state/score block  $4380-$43B7
1379   0460             ;*      A straight linear copy (`INC E` until `$B8`). This carries the two players' scores
1380   0460             ;*      (`$4380`–`$4387`) plus the level/round and assorted counters in that block.
1381   0460             ;*   3) the object buffer          $4BC0-$4BFF
1382   0460             ;*      Another linear copy that runs until `E` wraps from `$FF` to `$00`.
1383   0460             ;*      This preserves the in progress object/bird buffer.
1384   0460             ;* Role in the game:
1385   0460             ;* `CopyMemoryBank` is what makes alternating two player play possible:
1386   0460             ;* at each turn boundary the game flips the "current player" flag and calls this routine
1387   0460             ;* to move the departing player's screen and state into their bank while bringing
1388   0460             ;* the incoming player's bank live (the register ends on `C`). The three regions cover
1389   0460             ;* exactly what must persist across turns — the visible screen, the score/level/counter block,
1390   0460             ;* and the object buffer — so each player resumes precisely where they left off.
1391   0460             ;*****************************************************************************
1392   0460             CopyMemoryBank:
1393   0460 21 00 50                           LD      HL,videoRegister    ; 50xx video register
1394   0463 11 20 43                           LD      DE,ForegroundScreen+$320; 1st row 1st line
1395   0466             ;----- Region 1: the visible foreground screen --------------------------------
1396   0466             L0466:
1397   0466 70                                 LD      (HL),B              ;
1398   0467 1A                                 LD      A,(DE)              ;
1399   0468 71                                 LD      (HL),C              ;
1400   0469 12                                 LD      (DE),A              ;
1401   046A 1C                                 INC     E                   ;
1402   046B 7B                                 LD      A,E                 ;
1403   046C E6 03                              AND     $03                 ;
1404   046E C2 66 04                           JP      NZ,L0466            ;
1405   0471 7B                                 LD      A,E                 ;
1406   0472 E6 F0                              AND     $F0                 ;
1407   0474 D6 20                              SUB     $20                 ;
1408   0476 5F                                 LD      E,A                 ;
1409   0477 D2 66 04                           JP      NC,L0466            ;
1410   047A 15                                 DEC     D                   ;
1411   047B 7A                                 LD      A,D                 ;
1412   047C FE 3F                              CP      $3F                 ;
1413   047E C2 66 04                           JP      NZ,L0466            ;
1414   0481 11 80 43                           LD      DE,M4380            ;
1415   0484             ;----- Region 2: game-state + score block $4380-$43B7 -------------------------
1416   0484             L0484:
1417   0484 70                                 LD      (HL),B              ;
1418   0485 1A                                 LD      A,(DE)              ;
1419   0486 71                                 LD      (HL),C              ;
1420   0487 12                                 LD      (DE),A              ;
1421   0488 1C                                 INC     E                   ;
1422   0489 7B                                 LD      A,E                 ;
1423   048A FE B8                              CP      $B8                 ;
1424   048C C2 84 04                           JP      NZ,L0484            ;
1425   048F 11 C0 4B                           LD      DE,M4BC0            ;
1426   0492             ;----- Region 3: object buffer $4BC0-$4BFF ------------------------------------
1427   0492             L0492:
1428   0492 70                                 LD      (HL),B              ;
1429   0493 1A                                 LD      A,(DE)              ;
1430   0494 71                                 LD      (HL),C              ;
1431   0495 12                                 LD      (DE),A              ;
1432   0496 1C                                 INC     E                   ;
1433   0497 7B                                 LD      A,E                 ;
1434   0498 FE 00                              CP      $00                 ;
1435   049A C2 92 04                           JP      NZ,L0492            ;
1436   049D C9                                 RET                         ;
1437   049E             
1438   04A0                                    .ORG $04A0
1439   04A0             ;*****************************************************************************
1440   04A0             ;* Changing the player at attract mode.
1441   04A0             ;*****************************************************************************
1442   04A0             L04A0:
1443   04A0 2E A3                              LD      L,$A3               ; set GameAndDemoOrSplash
1444   04A2 36 01                              LD      (HL),$01            ; to 'Game for player 2'
1445   04A4 01 01 00                           LD      BC,$0001            ; from bank 0 to bank 1
1446   04A7 CD 60 04                           CALL    CopyMemoryBank      ; to toggle the player
1447   04AA C9                                 RET                         ;
1448   04AB             
1449   04AC                                    .ORG $04AC
1450   04AC             ;*****************************************************************************
1451   04AC             ;* Game state 1.
1452   04AC             ;* Flashing of score1 or 2.
1453   04AC             ;*****************************************************************************
1454   04AC             L04AC:
1455   04AC 21 A5 43                           LD      HL,CounterA5        ;
1456   04AF 35                                 DEC     (HL)                ; decrement counter
1457   04B0 7E                                 LD      A,(HL)              ; save value
1458   04B1 2D                                 DEC     L                   ; HL=A3A4 next game state ..
1459   04B2 36 02                              LD      (HL),$02            ; .. is 2
1460   04B4 A7                                 AND     A                   ; ret if ..
1461   04B5 C8                                 RET     Z                   ; counter 0
1462   04B6 36 01                              LD      (HL),$01            ; set game state to 1
1463   04B8 FE 7F                              CP      $7F                 ; 0111_1111
1464   04BA CA F0 07                           JP      Z,L07F0             ;
1465   04BD 2E 9A                              LD      L,$9A               ;
1466   04BF 36 00                              LD      (HL),$00            ; reset Counter9A MSB
1467   04C1 2C                                 INC     L                   ; and ..
1468   04C2 36 00                              LD      (HL),$00            ; LSB
1469   04C4 E6 08                              AND     $08                 ; 0000_1000
1470   04C6 C2 E6 04                           JP      NZ,L04E6            ;
1471   04C9 CD E8 06                           CALL    L06E8               ;
1472   04CC 00                                 NOP                         ;
1473   04CD 21 A3 43                           LD      HL,GameAndDemoOrSplash
1474   04D0 7E                                 LD      A,(HL)              ;
1475   04D1 A7                                 AND     A                   ; updates the zero flag
1476   04D2 2E 83                              LD      L,$83               ; LSB of Score1low adress
1477   04D4 11 61 42                           LD      DE,$4261            ; screen ram addr. of lowest score digit player 1
1478   04D7 CA DF 04                           JP      Z,L04DF             ; 
1479   04DA 2E 87                              LD      L,$87               ; LSB of Score2low adress
1480   04DC 11 21 40                           LD      DE,$4021            ; screen ram addr. of lowest score digit player 2
1481   04DF             L04DF:
1482   04DF 06 06                              LD      B,$06               ; number of digits to print
1483   04E1 CD C4 00                           CALL    PrintNumber         ;
1484   04E4 C9                                 RET                         ;
1485   04E5             
1486   04E6                                    .ORG $04E6
1487   04E6             L04E6:
1488   04E6 21 A3 43                           LD      HL,GameAndDemoOrSplash
1489   04E9 7E                                 LD      A,(HL)              ;
1490   04EA A7                                 AND     A                   ; updates the zero flag
1491   04EB 11 61 42                           LD      DE,$4261            ; screen ram addr. of lowest score digit player 1
1492   04EE CA F4 04                           JP      Z,L04F4             ;
1493   04F1 11 21 40                           LD      DE,$4021            ; screen ram addr. of lowest score digit player 2
1494   04F4             L04F4:
1495   04F4 06 06                              LD      B,$06               ; number of digits to delete
1496   04F6 CD FB 04                           CALL    L04FB               ;
1497   04F9 C9                                 RET                         ;
1498   04FA             
1499   04FB                                    .ORG $04FB
1500   04FB             L04FB:
1501   04FB 3E 00                              LD      A,$00               ; delete ..
1502   04FD 12                                 LD      (DE),A              ; ..one digit
1503   04FE CD 10 02                           CALL    LeftOneColumn       ;
1504   0501 05                                 DEC     B                   ; decrement number of digits
1505   0502 C2 FB 04                           JP      NZ,L04FB            ; ..until
1506   0505 C9                                 RET                         ; ..done
1507   0506             
1508   0506             ;*****************************************************************************
1509   0506             ;* Clear $4392 to $4397 and
1510   0506             ;* init start value list pointer for alien movement MSB $4394
1511   0506             ;*****************************************************************************
1512   0506             L0506:
1513   0506 21 92 43                           LD      HL,M4392            ;
1514   0509 06 06                              LD      B,$06               ; number of bytes to clear
1515   050B CD D8 05                           CALL    ClearBbytesAtHL     ;
1516   050E 3A 50 4B                           LD      A,(M4B50)           ;
1517   0511 32 94 43                           LD      (M4394),A           ;
1518   0514 C9                                 RET                         ;
1519   0515             
1520   0515             ;*****************************************************************************
1521   0515             ;* Game state 2.
1522   0515             ;* Initialization of game and level data.
1523   0515             ;*****************************************************************************
1524   0515             L0515:
1525   0515 CD 1E 04                           CALL    SetBitsVideoRegister; set color palette according to LevelAndRound
1526   0518 21 A4 43                           LD      HL,GameState        ; Next interval game state ...
1527   051B 36 03                              LD      (HL),$03            ; ... is 3 (normal game play)
1528   051D CD 80 05                           CALL    InitBackgroundData ;
1529   0520 CD 47 05                           CALL    InitPlayerDataStructure
1530   0523 CD A0 09                           CALL    L09A0               ; get screen ram adress for player ship position
1531   0526             L0526:
1532   0526 CD 32 05                           CALL    L0532               ; init alien data for a new level and round
1533   0529 CD 6C 0A                           CALL    L0A6C               ; get screen ram adress for all aliens
1534   052C CD 06 05                           CALL    L0506               ; clear 4392 to 4397, init 4394
1535   052F C3 B0 32                           JP      L32B0               ;
1536   0532             
1537   0532             ;*****************************************************************************
1538   0532             ;* Init alien data for a new level and round
1539   0532             ;*****************************************************************************
1540   0532             L0532:
1541   0532 21 50 4B                           LD      HL,M4B50            ;
1542   0535 06 A0                              LD      B,$A0               ; clear $4B50 to $4BEF
1543   0537 CD D8 05                           CALL    ClearBbytesAtHL     ;
1544   053A CD EC 05                           CALL    InitAlienControlStates
1545   053D CD 50 06                           CALL    L0650               ; copy init values for 16 aliens to $4B50-$4B6F
1546   0540 CD 10 06                           CALL    InitAlienPositions  ; load alien screen coordinates (X,Y grid), for a new level and round
1547   0543 C9                                 RET                         ;
1548   0544             
1549   0547                                    .ORG $0547
1550   0547             ;*****************************************************************************
1551   0547             ;* Copy 32 byte from $0560 to $43C0 Player and bullets data structure (grid)
1552   0547             ;* and clear 32 bytes of player and bullets data structure (screen ram).
1553   0547             ;*****************************************************************************
1554   0547             InitPlayerDataStructure:
1555   0547 21 60 05                           LD      HL,T0560            ;
1556   054A 11 C0 43                           LD      DE,PlayerState      ; base of data structure (grid)
1557   054D 06 20                              LD      B,$20               ;
1558   054F CD E0 05                           CALL    CopyBbytesHLtoDE    ;
1559   0552 21 E0 43                           LD      HL,OldPlayerShipMSB ;
1560   0555 06 20                              LD      B,$20               ;
1561   0557 CD D8 05                           CALL    ClearBbytesAtHL     ;
1562   055A C9                                 RET                         ;
1563   055B             
1564   0560                                    .ORG $0560
1565   0560             ; Data copied to $43C0-$43DF
1566   0560             ; Default values for player and bullets data structure (grid).
1567   0560             T0560:
1568   0560 0C 10 64 D8                        .DB $0C, $10, $64, $D8       ; PlayerState, PlayerShape, PlayerShipX, PlayerShipY
1569   0564 00 50 00 D0                        .DB $00, $50, $00, $D0       ; PlayerBulletState, PlayerBulletShape, PlayerBulletX, PlayerBulletY
1570   0568 00 50 00 D0                        .DB $00, $50, $00, $D0       ; AbovePlayerBulletState, AbovePlayerBulletShape, AbovePlayerBulletX, AbovePlayerBulletY
1571   056C 00 58 00 20                        .DB $00, $58, $00, $20       ; AlienBullet0State, AlienBullet0Shape, AlienBullet0X, AlienBullet0Y
1572   0570 00 58 00 20                        .DB $00, $58, $00, $20       ; AlienBullet1State, AlienBullet1Shape, AlienBullet1X, AlienBullet1Y
1573   0574 00 58 00 20                        .DB $00, $58, $00, $20       ; AlienBullet2State, AlienBullet2Shape, AlienBullet2X, AlienBullet2Y
1574   0578 00 58 00 20                        .DB $00, $58, $00, $20       ; AlienBullet3State, AlienBullet3Shape, AlienBullet3X, AlienBullet3Y
1575   057C 00 58 00 20                        .DB $00, $58, $00, $20       ; AlienBullet4State, AlienBullet4Shape, AlienBullet4X, AlienBullet4Y
1576   0580             
1577   0580             ;*****************************************************************************
1578   0580             ;* Init background graphic's data, dependent on level and round.
1579   0580             ;*****************************************************************************
1580   0580             InitBackgroundData:
1581   0580 21 98 05                           LD      HL,T0598            ;
1582   0583 3A B8 43                           LD      A,(LevelAndRound)   ;
1583   0586 E6 0F                              AND     $0F                 ; 0000_1111
1584   0588 85                                 ADD     A,L                 ;
1585   0589 6F                                 LD      L,A                 ;
1586   058A 6E                                 LD      L,(HL)              ;
1587   058B 26 05                              LD      H,T05A8 >> 8        ;
1588   058D 11 AB 43                           LD      DE,M43AB            ; Start of background graphic's data
1589   0590 06 0C                              LD      B,$0C               ; number of bytes to copy
1590   0592 CD E0 05                           CALL    CopyBbytesHLtoDE    ;
1591   0595 C9                                 RET                         ;
1592   0596             
1593   0598                                    .ORG $0598
1594   0598             ; Table for the global level data, over game levels.
1595   0598             ; Bit0 - bit3 of $43B8 is the table index.
1596   0598             ; Data will be fetched two times. Once before and once after the 'spiral fill' animation.
1597   0598             ; The double call is really a side effect of always going through
1598   0598             ; `GameState = 2` on every level entry, including “levels” that are only the spiral transition.
1599   0598             ; So the first fetch is needless.
1600   0598             ; They did not special-case “skip global init until after spiral.”
1601   0598             ; $05A0 should be $CC but it was never fixed and has no side effect.
1602   0598             T0598:
1603   0598 A8 A8                              .DB T05A8 & $FF, T05A8 & $FF    ;init values for 1st alien wave (pointer to $05A8, $05A8)
1604   059A C0 C0                              .DB T05C0 & $FF, T05C0 & $FF    ;init values for 2st alien wave (pointer to $05C0, $05C0)
1605   059C A8 A8                              .DB T05A8 & $FF, T05A8 & $FF    ;init values for blue birds wave (pointer to $05A8, $05A8)
1606   059E A8 A8                              .DB T05A8 & $FF, T05A8 & $FF    ;init values for pink birds wave (pointer to $05A8, $05A8)
1607   05A0 B4 CC                              .DB T05B4 & $FF, T05CC & $FF    ;init values for mothership wave (pointer to $05B4, $05CC)
1608   05A2 B4 B4                              .DB T05B4 & $FF, T05B4 & $FF    ;init values for mothership wave (pointer to $05B4, $05B4)
1609   05A4 A8 A8                              .DB T05A8 & $FF, T05A8 & $FF    ;not used? pointer to $05A8, $05A8
1610   05A6 A8 A8                              .DB T05A8 & $FF, T05A8 & $FF    ;not used? pointer to $05A8, $05A8
1611   05A8             
1612   05A8             ; Data for Background graphic's (stars, planets, galaxies) and scroll control
1613   05A8             ; e.g.:counter values, timer values, T1C00, T1D00, T1F00, ..
1614   05A8             ; Data copied to $43AB-$43B6
1615   05A8             T05A8:
1616   05A8 80 7F 00 00                        .DB $80, $7F, $00, $00, $40, $3F, $00, T1C00 >> 8, T1C00 & $FF, $FF, $FF, $FF    ; alien waves
1616   05AC 40 3F 00 1C 
1616   05B0 00 FF FF FF 
1617   05B4             T05B4:
1618   05B4 60 5F 01 02                        .DB $60, $5F, $01, $02, $30, $2F, $00, T1C00 >> 8, T1C00 & $FF, $C0, $FF, $FF    ; mothership
1618   05B8 30 2F 00 1C 
1618   05BC 00 C0 FF FF 
1619   05C0             T05C0:
1620   05C0 80 7F 03 04                        .DB $80, $7F, $03, $04, $40, $3F, $00, T1F00 >> 8, T1F00 & $FF, $A0, $FF, $FF    ; alien wave 2
1620   05C4 40 3F 00 1F 
1620   05C8 00 A0 FF FF 
1621   05CC             T05CC:
1622   05CC 60 60 05 06                        .DB $60, $60, $05, $06, $50, $30, $00, T1D00 >> 8, T1D00 & $FF, $48, $FF, $FF    ; mothership
1622   05D0 50 30 00 1D 
1622   05D4 00 48 FF FF 
1623   05D8             
1624   05D8             ;*****************************************************************************
1625   05D8             ;* Clears B memories starting at HL.
1626   05D8             ;*****************************************************************************
1627   05D8             ClearBbytesAtHL:
1628   05D8 AF                                 XOR     A                   ; A=0
1629   05D9             L05D9:
1630   05D9 77                                 LD      (HL),A              ; store
1631   05DA 23                                 INC     HL                  ; next
1632   05DB 05                                 DEC     B                   ; decrease counter.
1633   05DC C2 D9 05                           JP      NZ,L05D9            ;
1634   05DF C9                                 RET                         ;
1635   05E0             
1636   05E0             ;*****************************************************************************
1637   05E0             ;* Copy number of bytes (B register) from DE to HL.
1638   05E0             ;*****************************************************************************
1639   05E0             CopyBbytesHLtoDE:
1640   05E0 7E                                 LD      A,(HL)              ; Copy to HL ...
1641   05E1 12                                 LD      (DE),A              ; ... from DE
1642   05E2 23                                 INC     HL                  ; Next destination
1643   05E3 13                                 INC     DE                  ; Next source
1644   05E4 05                                 DEC     B                   ; All done?
1645   05E5 C2 E0 05                           JP      NZ,CopyBbytesHLtoDE ; no ... keep going
1646   05E8 C9                                 RET                         ; Out
1647   05E9             
1648   05EC                                    .ORG $05EC
1649   05EC             ;*****************************************************************************
1650   05EC             ;* Init all alien control states for a given level and round.
1651   05EC             ;*****************************************************************************
1652   05EC             InitAlienControlStates:
1653   05EC 21 00 15                           LD      HL,T1500            ;
1654   05EF 3A B8 43                           LD      A,(LevelAndRound)   ;
1655   05F2 E6 0F                              AND     $0F                 ;
1656   05F4 07                                 RLCA                        ; Multiply by 2
1657   05F5 85                                 ADD     A,L                 ;
1658   05F6 6F                                 LD      L,A                 ;
1659   05F7 56                                 LD      D,(HL)              ;
1660   05F8 23                                 INC     HL                  ;
1661   05F9 5E                                 LD      E,(HL)              ;
1662   05FA             ;
1663   05FA             L05FA:
1664   05FA 21 70 4B                           LD      HL,M4B70            ;
1665   05FD 3A BA 43                           LD      A,(AliensLeft)      ;
1666   0600 47                                 LD      B,A                 ;
1667   0601 A7                                 AND     A                   ; updates the zero flag
1668   0602 C8                                 RET     Z                   ; if no AliensLeft
1669   0603             ;
1670   0603             L0603:
1671   0603 72                                 LD      (HL),D              ; set control state A
1672   0604 2C                                 INC     L                   ;
1673   0605 73                                 LD      (HL),E              ; set control state B
1674   0606 2C                                 INC     L                   ;
1675   0607 2C                                 INC     L                   ;
1676   0608 2C                                 INC     L                   ;
1677   0609 05                                 DEC     B                   ; number of aliens left
1678   060A C2 03 06                           JP      NZ,L0603            ;
1679   060D C9                                 RET                         ;
1680   060E             
1681   0610                                    .ORG $0610
1682   0610             ;*****************************************************************************
1683   0610             ;* Load alien screen coordinates for a given level and round to $4B70 - $4BAF.
1684   0610             ;*****************************************************************************
1685   0610             InitAlienPositions:
1686   0610 21 3A 06                           LD      HL,T063A            ;
1687   0613 3A B8 43                           LD      A,(LevelAndRound)   ;
1688   0616 0F                                 RRCA                        ;
1689   0617 E6 0F                              AND     $0F                 ; mask out 0000_1111
1690   0619 85                                 ADD     A,L                 ;
1691   061A 6F                                 LD      L,A                 ;
1692   061B 00                                 NOP                         ; Old command removed or space for a future replace patch
1693   061C 00                                 NOP                         ; ..
1694   061D 00                                 NOP                         ; ..
1695   061E 6E                                 LD      L,(HL)              ;
1696   061F 26 15                              LD      H,T1540 >> 8        ; MSB for T1540-T15E0
1697   0621 11 72 4B                           LD      DE,M4B72            ;
1698   0624 3A BA 43                           LD      A,(AliensLeft)      ;
1699   0627 47                                 LD      B,A                 ;
1700   0628 A7                                 AND     A                   ; updates the zero flag
1701   0629 C8                                 RET     Z                   ; if no AliensLeft
1702   062A             ;
1703   062A             L062A:
1704   062A 7E                                 LD      A,(HL)              ; get value from table
1705   062B 12                                 LD      (DE),A              ; save to alien screen coordinate
1706   062C 23                                 INC     HL                  ;
1707   062D 13                                 INC     DE                  ;
1708   062E 7E                                 LD      A,(HL)              ;
1709   062F 12                                 LD      (DE),A              ;
1710   0630 23                                 INC     HL                  ;
1711   0631 13                                 INC     DE                  ;
1712   0632 13                                 INC     DE                  ;
1713   0633 13                                 INC     DE                  ;
1714   0634 05                                 DEC     B                   ;
1715   0635 C2 2A 06                           JP      NZ,L062A            ; loop for all AliensLeft
1716   0638 C9                                 RET                         ;
1717   0639             
1718   063A                                    .ORG $063A
1719   063A             ; Init data for 1st game round.
1720   063A             ; LSB's for T1560, T1540, T15E0.
1721   063A             T063A:
1722   063A 60 40 E0 E0                        .DB T1560 & $FF, T1540 & $FF, T15E0 & $FF, T15E0 & $FF, T15E0 & $FF, T15E0 & $FF, $FF, $FF
1722   063E E0 E0 FF FF 
1723   0642             ; Init data for 2nd game round.
1724   0642             ; LSB's for T15C0, T15A0, T1580.
1725   0642 C0 A0 80 80                        .DB T15C0 & $FF, T15A0 & $FF, T1580 & $FF, T1580 & $FF, T1580 & $FF, T1580 & $FF, $FF, $FF
1725   0646 80 80 FF FF 
1726   064A             
1727   0650                                    .ORG $0650
1728   0650             ;*****************************************************************************
1729   0650             ;* Copy init values for 16 aliens to $4B50-$4B6F (Pointer to alien movement pattern)
1730   0650             ;*****************************************************************************
1731   0650             L0650:
1732   0650 21 20 15                           LD      HL,T1520            ;
1733   0653 3A B8 43                           LD      A,(LevelAndRound)   ;
1734   0656 E6 0F                              AND     $0F                 ; mask out 0000_1111
1735   0658 07                                 RLCA                        ; Multiply by 2
1736   0659 85                                 ADD     A,L                 ;
1737   065A 6F                                 LD      L,A                 ;
1738   065B 56                                 LD      D,(HL)              ;
1739   065C 23                                 INC     HL                  ;
1740   065D 5E                                 LD      E,(HL)              ;
1741   065E 21 50 4B                           LD      HL,M4B50            ;
1742   0661 3A BA 43                           LD      A,(AliensLeft)      ;
1743   0664 47                                 LD      B,A                 ;
1744   0665 A7                                 AND     A                   ; updates the zero flag
1745   0666 C8                                 RET     Z                   ; if no AliensLeft
1746   0667             L0667:
1747   0667 72                                 LD      (HL),D              ;
1748   0668 2C                                 INC     L                   ;
1749   0669 73                                 LD      (HL),E              ;
1750   066A 2C                                 INC     L                   ;
1751   066B 05                                 DEC     B                   ;
1752   066C C2 67 06                           JP      NZ,L0667            ; loop for all AliensLeft
1753   066F C9                                 RET                         ;
1754   0670             
1755   067A                                    .ORG $067A
1756   067A             ;*****************************************************************************
1757   067A             ;* Scroll down the background screen one pixel.
1758   067A             ;*****************************************************************************
1759   067A             StarsScrollDown:
1760   067A 21 B9 43                           LD      HL,CounterB9        ;
1761   067D 7E                                 LD      A,(HL)              ;
1762   067E 35                                 DEC     (HL)                ; decrement the backwards counter
1763   067F 32 00 58                           LD      (scrollRegister),A  ; 58xx scroll register
1764   0682 E6 07                              AND     $07                 ; mask out 0000_0111
1765   0684 C0                                 RET     NZ                  ; continue after 8 pixels...
1766   0685             ; Fill the background with stars or mothership.
1767   0685 01 47 20                           LD      BC,$2047            ;
1768   0688 11 21 4B                           LD      DE,$4B21            ; get character from the background screen (1st row, 2nd line)
1769   068B 7E                                 LD      A,(HL)              ; get $43B9 free running 8 bit backwards counter value
1770   068C 0F                                 RRCA                        ;
1771   068D 0F                                 RRCA                        ;
1772   068E 0F                                 RRCA                        ;
1773   068F E6 1F                              AND     $1F                 ; mask out 0001_1111
1774   0691 83                                 ADD     A,E                 ;
1775   0692 5F                                 LD      E,A                 ;
1776   0693 2E B2                              LD      L,$B2               ;
1777   0695 7E                                 LD      A,(HL)              ; get $43B2 (MSB of T1C00 or T1D00 or T1F00)
1778   0696 2C                                 INC     L                   ;
1779   0697 6E                                 LD      L,(HL)              ; get $43B3 (LSB of T1C00 or T1D00 or T1F00)
1780   0698 67                                 LD      H,A                 ;
1781   0699             L0699:
1782   0699 7E                                 LD      A,(HL)              ;
1783   069A 12                                 LD      (DE),A              ; to background screen
1784   069B 2C                                 INC     L                   ;
1785   069C 7B                                 LD      A,E                 ;
1786   069D 90                                 SUB     B                   ;
1787   069E 5F                                 LD      E,A                 ;
1788   069F D2 99 06                           JP      NC,L0699            ;
1789   06A2 15                                 DEC     D                   ;
1790   06A3 7A                                 LD      A,D                 ;
1791   06A4 B9                                 CP      C                   ;
1792   06A5 C2 99 06                           JP      NZ,L0699            ;
1793   06A8 7D                                 LD      A,L                 ;
1794   06A9 32 B3 43                           LD      (M43B3),A           ;
1795   06AC C9                                 RET                         ;
1796   06AD             
1797   06B0                                    .ORG $06B0
1798   06B0             ;*****************************************************************************
1799   06B0             ;* Fill the background with (2x2) planets.
1800   06B0             ;* Reads the MSB from `T1E20`, then reaches `T1E40` simply by adding `$20`
1801   06B0             ;* to the same pointer (`$1E20 + $20 = $1E40`) — which is the clearest proof that `T1E40` is the LSB companion of `T1E20`.
1802   06B0             ;* So `DE = (T1E20[i] << 8) | T1E40[i]`, then the LSB gets a scroll dependent offset added (derived from `CounterB9 >> 3`)
1803   06B0             ;* so the planet drifts down as the star background scrolls. `DE` ends up somewhere in `$4800`–`$4BFF` (the background screen).
1804   06B0             ;* The graphic itself is then chosen via `T1E60 -> T1E00` and drawn by `L07DC`.
1805   06B0             ;* The routine only fires when `CounterB9` matches the planet counter (`$43AB`),
1806   06B0             ;* so as the background scrolls a new planet is dropped in at successive slots,
1807   06B0             ;* the slot index (masked to `$1F`) cycles through all 32 `T1E20`/`T1E40` positions.
1808   06B0             ;*****************************************************************************
1809   06B0             AddPlanetsToBackground:
1810   06B0 21 AB 43                           LD      HL,M43AB            ; counter value for (2x2) planets
1811   06B3 3A B9 43                           LD      A,(CounterB9)       ;
1812   06B6 4F                                 LD      C,A                 ;
1813   06B7 BE                                 CP      (HL)                ;
1814   06B8 C0                                 RET     NZ                  ;
1815   06B9 7E                                 LD      A,(HL)              ;
1816   06BA 2C                                 INC     L                   ;
1817   06BB 86                                 ADD     A,(HL)              ;
1818   06BC 2D                                 DEC     L                   ;
1819   06BD 77                                 LD      (HL),A              ;
1820   06BE 2C                                 INC     L                   ;
1821   06BF 2C                                 INC     L                   ;
1822   06C0 34                                 INC     (HL)                ;
1823   06C1 46                                 LD      B,(HL)              ;
1824   06C2 2C                                 INC     L                   ;
1825   06C3 34                                 INC     (HL)                ;
1826   06C4 7E                                 LD      A,(HL)              ;
1827   06C5 21 20 1E                           LD      HL,T1E20            ; MSB's of screen ram for planets
1828   06C8 E6 1F                              AND     $1F                 ;
1829   06CA 85                                 ADD     A,L                 ;
1830   06CB 6F                                 LD      L,A                 ;
1831   06CC 56                                 LD      D,(HL)              ;
1832   06CD C6 20                              ADD     $20                 ;
1833   06CF 6F                                 LD      L,A                 ;
1834   06D0 5E                                 LD      E,(HL)              ;
1835   06D1 79                                 LD      A,C                 ;
1836   06D2 0F                                 RRCA                        ;
1837   06D3 0F                                 RRCA                        ;
1838   06D4 0F                                 RRCA                        ;
1839   06D5 E6 1E                              AND     $1E                 ;
1840   06D7 83                                 ADD     A,E                 ;
1841   06D8 C6 02                              ADD     $02                 ;
1842   06DA 5F                                 LD      E,A                 ;
1843   06DB 21 60 1E                           LD      HL,T1E60            ; LSB's of screen ram for planets
1844   06DE 78                                 LD      A,B                 ;
1845   06DF E6 1F                              AND     $1F                 ;
1846   06E1 85                                 ADD     A,L                 ;
1847   06E2 6F                                 LD      L,A                 ;
1848   06E3 6E                                 LD      L,(HL)              ;
1849   06E4 CD DC 07                           CALL    L07DC               ; draw the characters at background
1850   06E7 C9                                 RET                         ;
1851   06E8             
1852   06E8             ;*****************************************************************************
1853   06E8             ;* Print score column
1854   06E8             ;*****************************************************************************
1855   06E8             L06E8:
1856   06E8 21 00 18                           LD      HL,T1800            ; base addr. table for 'screen ram adresses and static texts'
1857   06EB 0E 01                              LD      C,$01               ; 1 column (rotated to 1 row)
1858   06ED C3 D0 01                           JP      PrintTextLines      ;
1859   06F0             
1860   06F0             ;*****************************************************************************
1861   06F0             ;* Update scroll register and fill background
1862   06F0             ;*****************************************************************************
1863   06F0             L06F0:
1864   06F0 CD 7A 06                           CALL    StarsScrollDown     ;
1865   06F3 CD 40 20                           CALL    AddGalaxiesToBackground
1866   06F6 C3 B0 06                           JP      AddPlanetsToBackground
1867   06F9             
1868   0700                                    .ORG $0700
1869   0700             ;*****************************************************************************
1870   0700             ;* Controller for player data structure.
1871   0700             ;* Handles: PlayerState, OldPlayerShipMSB, PlayerBulletState, PlayerBulletMSB, AbovePlayerBulletState, $43E8
1872   0700             ;*****************************************************************************
1873   0700             PlayerDataController:
1874   0700 01 C0 43                           LD      BC,PlayerState      ; Player data structure (grid)
1875   0703 11 E0 43                           LD      DE,OldPlayerShipMSB ; Player data structure (screen ram)
1876   0706             L0706:
1877   0706 CD 18 07                           CALL    UpdateScreenObjects ;
1878   0709 79                                 LD      A,C                 ;
1879   070A C6 04                              ADD     $04                 ;
1880   070C 4F                                 LD      C,A                 ;
1881   070D C6 20                              ADD     $20                 ;
1882   070F 5F                                 LD      E,A                 ;
1883   0710 50                                 LD      D,B                 ;
1884   0711 FE EC                              CP      $EC                 ;
1885   0713 C2 06 07                           JP      NZ,L0706            ; loop until $43EC
1886   0716 C9                                 RET                         ;
1887   0717             
1888   0718                                    .ORG $0718
1889   0718             ;*****************************************************************************
1890   0718             ;* Draw or delete screen objects dep. on control state of player, alien and bullet.
1891   0718             ;*****************************************************************************
1892   0718             UpdateScreenObjects:
1893   0718 CD 20 07                           CALL    Bit4Controller      ; for deleting screen objects
1894   071B C3 40 07                           JP      Bit3Controller      ; for drawing screen objects
1895   071E             
1896   0720                                    .ORG $0720
1897   0720             ;*****************************************************************************
1898   0720             ;* Handles the bit4 actions for deleting screen objects.
1899   0720             ;*****************************************************************************
1900   0720             Bit4Controller:
1901   0720 0A                                 LD      A,(BC)              ; get value from data structure (grid)
1902   0721 67                                 LD      H,A                 ; save the bits
1903   0722 E6 10                              AND     $10                 ; mask out 0001_0000 (bit4 of control state A)
1904   0724 C8                                 RET     Z                   ; ret if bit not set.
1905   0725 7C                                 LD      A,H                 ; restore the bits
1906   0726 E6 EF                              AND     $EF                 ; mask out 1110_1111
1907   0728 02                                 LD      (BC),A              ; save to control state A
1908   0729 07                                 RLCA                        ; Multiply by 8 ..
1909   072A 07                                 RLCA                        ; ..
1910   072B 07                                 RLCA                        ; ..
1911   072C E6 07                              AND     $07                 ; mask out 0000_0111
1912   072E C6 38                              ADD     $38                 ; add to base for jump table
1913   0730 6F                                 LD      L,A                 ;
1914   0731 26 07                              LD      H,T0735 >> 8        ; MSB for jump table
1915   0733 6E                                 LD      L,(HL)              ;
1916   0734 E9                                 JP      (HL)                ; jump to control function
1917   0735             
1918   0735             ; LSB jump table:
1919   0735             ;.....not used
1920   0735             ;........not used
1921   0735             ;...........not used
1922   0735             ;..............0763..................control state A: 0001_xxxx...Delete 1x1 screen objects.
1923   0735             ;.................0779...............control state A: 0011_xxxx...Delete 2x1 screen objects.
1924   0735             ;....................not used
1925   0735             ;.......................079E.........control state A: 0111_xxxx...Delete 1x2 screen objects.
1926   0735             ;..........................07BE......control state A: 1001_xxxx...Delete 2x2 screen objects.
1927   0735             T0735:
1928   0735 00 00 00 63                        .DB $00, $00, $00, L0763 & $FF, L0779 & $FF, $00, L079E & $FF, L07BE & $FF
1928   0739 79 00 9E BE 
1929   073D             
1930   0740                                    .ORG $0740
1931   0740             ;*****************************************************************************
1932   0740             ;* Handles the bit3 actions for drawing screen objects.
1933   0740             ;*****************************************************************************
1934   0740             Bit3Controller:
1935   0740 0A                                 LD      A,(BC)              ; get value from data structure (grid)
1936   0741 67                                 LD      H,A                 ; save it
1937   0742 E6 08                              AND     $08                 ; mask out 0000_1000 (bit3 of control state A)
1938   0744 C8                                 RET     Z                   ; ret if bit not set.
1939   0745 7C                                 LD      A,H                 ; restore the bits
1940   0746 E6 07                              AND     $07                 ; mask out 0000_0111
1941   0748 67                                 LD      H,A                 ; save it
1942   0749 0F                                 RRCA                        ; Divide by 8 ..
1943   074A 0F                                 RRCA                        ; ..
1944   074B 0F                                 RRCA                        ; ..
1945   074C B4                                 OR      H                   ; add original bits
1946   074D F6 18                              OR      $18                 ; set 0001_1000 flag
1947   074F 02                                 LD      (BC),A              ; set the bits at control state A
1948   0750 03                                 INC     BC                  ; go to control state B
1949   0751 7C                                 LD      A,H                 ;
1950   0752 C6 5B                              ADD     $5B                 ; add to base for jump table
1951   0754 6F                                 LD      L,A                 ;
1952   0755 26 07                              LD      H,T0759 >> 8        ; MSB for jump table
1953   0757 6E                                 LD      L,(HL)              ;
1954   0758 E9                                 JP      (HL)                ; jump to control function
1955   0759             
1956   0759             ; LSB jump table:
1957   0759             ;.....not used
1958   0759             ;........not used
1959   0759             ;...........076D.....................control state A: xxxx_1000...Draw 1x1 screen objects.
1960   0759             ;..............0788..................control state A: xxxx_1001...Draw 2x1 screen objects.
1961   0759             ;.................not used
1962   0759             ;....................07AA............control state A: xxxx_1011...Draw 1x2 screen objects.
1963   0759             ;.......................07D2.........control state A: xxxx_1100...Draw 2x2 screen objects.
1964   0759             ;..........................not used
1965   0759             T0759:
1966   0759 00 00 6D 88                        .DB $00, $00, L076D & $FF, L0788 & $FF, $00, L07AA & $FF, L07D2 & $FF
1966   075D 00 AA D2 
1967   0760             
1968   0763                                    .ORG $0763
1969   0763             ;*****************************************************************************
1970   0763             ;* Bit4 control function 63:
1971   0763             ;* If control state A: 0001_xxxx
1972   0763             ;* Delete 1x1 screen objects (bullet, alien).
1973   0763             ;*****************************************************************************
1974   0763             L0763:
1975   0763 EB                                 EX      DE,HL               ;
1976   0764 56                                 LD      D,(HL)              ; get screen ram adress MSB
1977   0765 23                                 INC     HL                  ;
1978   0766 5E                                 LD      E,(HL)              ; get screen ram adress LSB
1979   0767 2B                                 DEC     HL                  ; restore pointer
1980   0768 AF                                 XOR     A                   ; A=0
1981   0769 12                                 LD      (DE),A              ; delete at screen
1982   076A EB                                 EX      DE,HL               ;
1983   076B C9                                 RET                         ;
1984   076C             
1985   076D                                    .ORG $076D
1986   076D             ;*****************************************************************************
1987   076D             ;* Bit3 control function 6D:
1988   076D             ;* If control state A: xxxx_1000
1989   076D             ;* Set alien control state B value to screen ram.
1990   076D             ;* Draw 1x1 screen objects (used at 'fade in' animation).
1991   076D             ;*****************************************************************************
1992   076D             L076D:
1993   076D EB                                 EX      DE,HL               ;
1994   076E 23                                 INC     HL                  ;
1995   076F 23                                 INC     HL                  ;
1996   0770 56                                 LD      D,(HL)              ; get MSB screen ram adress of alien
1997   0771 23                                 INC     HL                  ;
1998   0772 5E                                 LD      E,(HL)              ; get LSB screen ram adress of alien
1999   0773 0A                                 LD      A,(BC)              ; get alien control state B
2000   0774 12                                 LD      (DE),A              ; set at screen ram
2001   0775 0B                                 DEC     BC                  ; move to alien control state A
2002   0776 C9                                 RET                         ;
2003   0777             
2004   0779                                    .ORG $0779
2005   0779             ;*****************************************************************************
2006   0779             ;* Bit4 control function 79:
2007   0779             ;* If control state A: 0011_xxxx
2008   0779             ;* Delete 2x1 screen objects (alien).
2009   0779             ;*****************************************************************************
2010   0779             L0779:
2011   0779 EB                                 EX      DE,HL               ;
2012   077A 56                                 LD      D,(HL)              ;
2013   077B 23                                 INC     HL                  ;
2014   077C 5E                                 LD      E,(HL)              ;
2015   077D 2B                                 DEC     HL                  ; restore pointer
2016   077E AF                                 XOR     A                   ; A=0
2017   077F 12                                 LD      (DE),A              ; delete at screen, left part
2018   0780 CD 17 02                           CALL    RightOneColumn      ; 
2019   0783 AF                                 XOR     A                   ; A=0
2020   0784 12                                 LD      (DE),A              ; delete at screen, right part
2021   0785 EB                                 EX      DE,HL               ;
2022   0786 C9                                 RET                         ;
2023   0787             
2024   0788                                    .ORG $0788
2025   0788             ;*****************************************************************************
2026   0788             ;* Bit3 control function 88:
2027   0788             ;* If control state A: xxxx_1001
2028   0788             ;* Map alien control state B to shape and draw it.
2029   0788             ;* Draw 2x1 screen objects (alien).
2030   0788             ;*****************************************************************************
2031   0788             L0788:
2032   0788 EB                                 EX      DE,HL               ;
2033   0789 23                                 INC     HL                  ;
2034   078A 23                                 INC     HL                  ;
2035   078B 56                                 LD      D,(HL)              ;
2036   078C 23                                 INC     HL                  ;
2037   078D 5E                                 LD      E,(HL)              ;
2038   078E 0A                                 LD      A,(BC)              ; get alien control state B
2039   078F 6F                                 LD      L,A                 ; as offset for...
2040   0790 26 14                              LD      H,T1420 >> 8        ; get alien character block shapes table
2041   0792 7E                                 LD      A,(HL)              ;
2042   0793 12                                 LD      (DE),A              ; draw alien character left part
2043   0794 23                                 INC     HL                  ; next character
2044   0795 CD 17 02                           CALL    RightOneColumn      ;
2045   0798 7E                                 LD      A,(HL)              ;
2046   0799 12                                 LD      (DE),A              ; draw alien character right part
2047   079A 0B                                 DEC     BC                  ;
2048   079B C9                                 RET                         ;
2049   079C             
2050   079E                                    .ORG $079E
2051   079E             ;*****************************************************************************
2052   079E             ;* Bit4 control function 9E:
2053   079E             ;* If control state A: 0111_xxxx
2054   079E             ;* Delete 1x2 screen objects (alien).
2055   079E             ;*****************************************************************************
2056   079E             L079E:
2057   079E EB                                 EX      DE,HL               ;
2058   079F 56                                 LD      D,(HL)              ; get MSB of screen ram
2059   07A0 23                                 INC     HL                  ;
2060   07A1 5E                                 LD      E,(HL)              ; get LSB of screen ram
2061   07A2 2B                                 DEC     HL                  ; restore pointer
2062   07A3 AF                                 XOR     A                   ; A=0
2063   07A4 12                                 LD      (DE),A              ; delete at screen, upper part
2064   07A5 13                                 INC     DE                  ;
2065   07A6 12                                 LD      (DE),A              ; delete at screen, lower part
2066   07A7 EB                                 EX      DE,HL               ;
2067   07A8 C9                                 RET                         ;
2068   07A9             
2069   07AA                                    .ORG $07AA
2070   07AA             ;*****************************************************************************
2071   07AA             ;* Bit3 control function AA:
2072   07AA             ;* If control state A: xxxx_1011
2073   07AA             ;* Draw 1x2 screen objects (alien).
2074   07AA             ;*****************************************************************************
2075   07AA             L07AA:
2076   07AA EB                                 EX      DE,HL               ;
2077   07AB 23                                 INC     HL                  ;
2078   07AC 23                                 INC     HL                  ;
2079   07AD 56                                 LD      D,(HL)              ;
2080   07AE 23                                 INC     HL                  ;
2081   07AF 5E                                 LD      E,(HL)              ;
2082   07B0 0A                                 LD      A,(BC)              ;
2083   07B1 6F                                 LD      L,A                 ;
2084   07B2 26 14                              LD      H,T1420 >> 8        ; get alien character block shapes table
2085   07B4 7E                                 LD      A,(HL)              ;
2086   07B5 12                                 LD      (DE),A              ; draw upper part on screen
2087   07B6 23                                 INC     HL                  ;
2088   07B7 13                                 INC     DE                  ;
2089   07B8 7E                                 LD      A,(HL)              ;
2090   07B9 12                                 LD      (DE),A              ; draw lower part on screen
2091   07BA 0B                                 DEC     BC                  ;
2092   07BB C9                                 RET                         ;
2093   07BC             
2094   07BE                                    .ORG $07BE
2095   07BE             ;*****************************************************************************
2096   07BE             ;* Bit4 control function BE:
2097   07BE             ;* If control state A: 1001_xxxx
2098   07BE             ;* Delete 2x2 screen objects (player ship, alien).
2099   07BE             ;*****************************************************************************
2100   07BE             L07BE:
2101   07BE EB                                 EX      DE,HL               ;
2102   07BF 56                                 LD      D,(HL)              ;
2103   07C0 23                                 INC     HL                  ;
2104   07C1 5E                                 LD      E,(HL)              ;
2105   07C2 2B                                 DEC     HL                  ;
2106   07C3 AF                                 XOR     A                   ; A=0
2107   07C4 12                                 LD      (DE),A              ; delete upper left part
2108   07C5 13                                 INC     DE                  ;
2109   07C6 12                                 LD      (DE),A              ; delete upper right part
2110   07C7 CD 17 02                           CALL    RightOneColumn      ;
2111   07CA AF                                 XOR     A                   ; A=0
2112   07CB 12                                 LD      (DE),A              ; delete lower left part
2113   07CC 1B                                 DEC     DE                  ;
2114   07CD 12                                 LD      (DE),A              ; delete lower right part
2115   07CE EB                                 EX      DE,HL               ;
2116   07CF C9                                 RET                         ;
2117   07D0             
2118   07D2                                    .ORG $07D2
2119   07D2             ;*****************************************************************************
2120   07D2             ;* Bit3 control function D2:
2121   07D2             ;* If control state A: xxxx_1100
2122   07D2             ;* Draw 2x2 screen objects (player ship, alien, planets).
2123   07D2             ;*****************************************************************************
2124   07D2             L07D2:
2125   07D2 EB                                 EX      DE,HL               ;
2126   07D3 23                                 INC     HL                  ;
2127   07D4 23                                 INC     HL                  ;
2128   07D5 56                                 LD      D,(HL)              ; get MSB from player data structure (screen ram)
2129   07D6 23                                 INC     HL                  ;
2130   07D7 5E                                 LD      E,(HL)              ; get LSB from player data structure (screen ram)
2131   07D8 0A                                 LD      A,(BC)              ; get value from player data structure (grid)
2132   07D9 6F                                 LD      L,A                 ;
2133   07DA 26 14                              LD      H,T1400 >> 8        ; get player ship character block shapes table
2134   07DC             L07DC:
2135   07DC 7E                                 LD      A,(HL)              ; Entry point for general draw
2136   07DD 12                                 LD      (DE),A              ; draw upper left part
2137   07DE 23                                 INC     HL                  ;
2138   07DF 13                                 INC     DE                  ;
2139   07E0 7E                                 LD      A,(HL)              ;
2140   07E1 12                                 LD      (DE),A              ; draw upper right part
2141   07E2 23                                 INC     HL                  ;
2142   07E3 1B                                 DEC     DE                  ;
2143   07E4 CD 17 02                           CALL    RightOneColumn      ;
2144   07E7 7E                                 LD      A,(HL)              ;
2145   07E8 12                                 LD      (DE),A              ; draw lower left part
2146   07E9 23                                 INC     HL                  ;
2147   07EA 13                                 INC     DE                  ;
2148   07EB 7E                                 LD      A,(HL)              ;
2149   07EC 12                                 LD      (DE),A              ; draw lower right part
2150   07ED 0B                                 DEC     BC                  ;
2151   07EE C9                                 RET                         ;
2152   07EF             
2153   07F0                                    .ORG $07F0
2154   07F0             ;*****************************************************************************
2155   07F0             ;* Reset scroll register for background at score flash
2156   07F0             ;*****************************************************************************
2157   07F0             L07F0:
2158   07F0 3A B9 43                           LD      A,(CounterB9)       ;
2159   07F3 32 00 58                           LD      (scrollRegister),A  ; 58xx scroll register
2160   07F6 CD 80 03                           CALL    ClearForeground     ;
2161   07F9 C3 1E 04                           JP      SetBitsVideoRegister
2162   07FC             
2163   07FC             ;*****************************************************************************
2164   07FC             ; ic46
2165   07FC             ;*****************************************************************************
2166   0800                                    .ORG $0800
2167   0800             ;*****************************************************************************
2168   0800             ;* Game state 3.
2169   0800             ;* Normal game play.
2170   0800             ;*****************************************************************************
2171   0800             L0800:
2172   0800 21 14 08                           LD      HL,T0814            ;
2173   0803 3A B8 43                           LD      A,(LevelAndRound)   ; bit0 - 3: game level, bit4 - 7: game round
2174   0806 07                                 RLCA                        ; Multiply by 2 to get a 2 byte offset
2175   0807 E6 1E                              AND     $1E                 ; mask out 0001_1110 game level
2176   0809 85                                 ADD     A,L                 ; add offset ...
2177   080A 6F                                 LD      L,A                 ; ... to base of table
2178   080B 7E                                 LD      A,(HL)              ; MSB of destination
2179   080C 2C                                 INC     L                   ; Get the
2180   080D 6E                                 LD      L,(HL)              ; ... LSB of destination
2181   080E 67                                 LD      H,A                 ; Now point to function
2182   080F E9                                 JP      (HL)                ; jump to corresponding function according to LevelAndRound.
2183   0810             
2184   0814                                    .ORG $0814
2185   0814             T0814:
2186   0814                                    .MSFIRST
2187   0814 08 34                              .DW L0834       ;Game level 0: called for each frame during stars scrolling down and 'aliens fade in'
2188   0816 20 00                              .DW L2000       ;Game level 1: called for each frame during 'player alife' with aliens, after 'fade in'
2189   0818 08 34                              .DW L0834       ;Game level 2: called for each frame during stars scrolling down and 'aliens fade in'
2190   081A 20 00                              .DW L2000       ;Game level 3: called for each frame during 'player alife' with aliens, after 'fade in'
2191   081C 22 30                              .DW L2230       ;Game level 4: called for each frame during 'spiral fill'
2192   081E 34 00                              .DW L3400       ;Game level 5: called for each frame during birds level including 'fade in'
2193   0820 22 30                              .DW L2230       ;Game level 6: called for each frame during 'spiral fill'
2194   0822 34 00                              .DW L3400       ;Game level 7: called for each frame during birds level including 'fade in'
2195   0824 22 30                              .DW L2230       ;Game level 8: called for each frame during 'spiral fill'
2196   0826 22 B4                              .DW L22B4       ;Game level 9: called for each frame during mothership 'fade in'
2197   0828 22 CA                              .DW L22CA       ;Game level A: called for each frame during mothership and aliens 'fade in'
2198   082A 20 00                              .DW L2000       ;Game level B: called for each frame during 'player alife' with aliens and mothership, after 'fade in'
2199   082C             
2200   0834                                    .ORG $0834
2201   0834             ;*****************************************************************************
2202   0834             ;* Game level 0 and 2:
2203   0834             ;* Stars scrolling down and 'aliens fade in'
2204   0834             ;*****************************************************************************
2205   0834             L0834:
2206   0834 CD F0 06                           CALL    L06F0               ; update scroll register and fill background
2207   0837 21 B4 43                           LD      HL,CounterB4        ; 
2208   083A 35                                 DEC     (HL)                ; decrement the counter
2209   083B 7E                                 LD      A,(HL)              ;
2210   083C FE 15                              CP      $15                 ;
2211   083E D0                                 RET     NC                  ;
2212   083F CD 5A 08                           CALL    GetAnimationChrs    ; for 'aliens fade in'
2213   0842 CD FA 05                           CALL    L05FA               ; init all alien control states
2214   0845 CD 50 0A                           CALL    AlienDataController ;
2215   0848             L0848:
2216   0848 21 B4 43                           LD      HL,CounterB4        ;
2217   084B 7E                                 LD      A,(HL)              ;
2218   084C A7                                 AND     A                   ; updates the zero flag
2219   084D C0                                 RET     NZ                  ; if CounterB4 is 0.
2220   084E 2E B8                              LD      L,$B8               ;
2221   0850 34                                 INC     (HL)                ; increment game level $43B8
2222   0851 2E A4                              LD      L,$A4               ; Next interval game state ...
2223   0853 36 02                              LD      (HL),$02            ; .. is 2
2224   0855 C9                                 RET                         ;
2225   0856             
2226   085A                                    .ORG $085A
2227   085A             ;*****************************************************************************
2228   085A             ;* The 'aliens fade in' animation sequence is:
2229   085A             ;* 6C, 6D, 6E, 6F, 68, from foreground tiles.
2230   085A             ;*****************************************************************************
2231   085A             GetAnimationChrs:
2232   085A 11 6C 08                           LD      DE,$086C            ;
2233   085D FE 11                              CP      $11                 ;
2234   085F D0                                 RET     NC                  ;
2235   0860 1E 6D                              LD      E,$6D               ;
2236   0862 FE 0D                              CP      $0D                 ;
2237   0864 D0                                 RET     NC                  ;
2238   0865 1E 6E                              LD      E,$6E               ;
2239   0867 FE 09                              CP      $09                 ;
2240   0869 D0                                 RET     NC                  ;
2241   086A 1E 6F                              LD      E,$6F               ;
2242   086C FE 05                              CP      $05                 ;
2243   086E D0                                 RET     NC                  ;
2244   086F 1E 68                              LD      E,$68               ;
2245   0871 C9                                 RET                         ;
2246   0872             
2247   0876                                    .ORG $0876
2248   0876             ;*****************************************************************************
2249   0876             ; Updates the player ship, player bullet and the shield.
2250   0876             ;*****************************************************************************
2251   0876             PlayerUpdate:
2252   0876 CD 00 07                           CALL    PlayerDataController     ; draw new / delete old objects
2253   0879 CD 86 08                           CALL    L0886               ; copy current player data to old player data ?
2254   087C CD A0 08                           CALL    L08A0               ; update player position, bullet and shield
2255   087F CD A0 09                           CALL    L09A0               ; get screen ram adress for player ship position
2256   0882 CD 7A 09                           CALL    L097A               ; map player ship position to $439E $439F
2257   0885 C9                                 RET                         ;
2258   0886             
2259   0886             ;*****************************************************************************
2260   0886             ; Copy current player data to old player data.
2261   0886             ;*****************************************************************************
2262   0886             L0886:
2263   0886 21 EB 43                           LD      HL,M43EB            ;
2264   0889 06 03                              LD      B,$03               ;
2265   088B             L088B:
2266   088B 56                                 LD      D,(HL)              ;
2267   088C 2B                                 DEC     HL                  ;
2268   088D 5E                                 LD      E,(HL)              ;
2269   088E 2B                                 DEC     HL                  ;
2270   088F 72                                 LD      (HL),D              ;
2271   0890 2B                                 DEC     HL                  ;
2272   0891 73                                 LD      (HL),E              ;
2273   0892 2B                                 DEC     HL                  ;
2274   0893 05                                 DEC     B                   ;
2275   0894 C2 8B 08                           JP      NZ,L088B            ;
2276   0897 C9                                 RET                         ;
2277   0898             
2278   08A0                                    .ORG $08A0
2279   08A0             ;*****************************************************************************
2280   08A0             ;* Update player position, bullet and shield
2281   08A0             ;*****************************************************************************
2282   08A0             L08A0:
2283   08A0 CD C4 08                           CALL    MovePlayer          ;
2284   08A3 21 C4 43                           LD      HL,PlayerBulletState
2285   08A6 CD 30 09                           CALL    L0930               ; get the assigned player bullet tile if fire button was pressed
2286   08A9 3A B8 43                           LD      A,(LevelAndRound)   ;
2287   08AC E6 0F                              AND     $0F                 ; 0000_1111
2288   08AE FE 03                              CP      $03                 ;
2289   08B0 C0                                 RET     NZ                  ; return if not game level 3 (2nd alien wave)
2290   08B1 21 C8 43                           LD      HL,AbovePlayerBulletState
2291   08B4 CD 30 09                           CALL    L0930               ; get the assigned player bullet tile if fire button was pressed
2292   08B7 C9                                 RET                         ;
2293   08B8             
2294   08C4                                    .ORG $08C4
2295   08C4             ;*****************************************************************************
2296   08C4             ;* Player ship, shield and bullets handler.
2297   08C4             ;*****************************************************************************
2298   08C4             MovePlayer:
2299   08C4 21 C0 43                           LD      HL,PlayerState      ;
2300   08C7 7E                                 LD      A,(HL)              ;
2301   08C8 E6 08                              AND     $08                 ; mask out 0000_1000
2302   08CA CA A0 0A                           JP      Z,DrawShields       ; Draw shields
2303   08CD 2E A6                              LD      L,$A6               ;
2304   08CF 7E                                 LD      A,(HL)              ; get ShieldCount
2305   08D0 A7                                 AND     A                   ; updates the zero flag
2306   08D1 C2 EA 08                           JP      NZ,L08EA            ; if ShieldCount not 0.
2307   08D4 06 80                              LD      B,$80               ; 1000_0000 (bit7='shield')
2308   08D6 CD BB 00                           CALL    CheckInputBits      ;
2309   08D9 CA EB 08                           JP      Z,L08EB             ;
2310   08DC 2E 62                              LD      L,$62               ;
2311   08DE 36 40                              LD      (HL),$40            ; set bit6 at $4362
2312   08E0 2E C0                              LD      L,$C0               ;
2313   08E2 7E                                 LD      A,(HL)              ; get $43C0 PlayerState
2314   08E3 E6 F7                              AND     $F7                 ; mask out 1111_0111
2315   08E5 77                                 LD      (HL),A              ;
2316   08E6 2E A6                              LD      L,$A6               ;
2317   08E8 36 FF                              LD      (HL),$FF            ;
2318   08EA             L08EA:
2319   08EA 35                                 DEC     (HL)                ; decrement ShieldCount
2320   08EB             L08EB:
2321   08EB 2E C2                              LD      L,PlayerShipX & $FF ; LSB of $43C2 PlayerShipX
2322   08ED CD 00 09                           CALL    L0900               ; Update the player ship x coordinate.
2323   08F0 01 00 16                           LD      BC,T1600            ;
2324   08F3 C3 26 09                           JP      L0926               ; get player ship animation frame values, mapped with T1600/T1620
2325   08F6             
2326   0900                                    .ORG $0900
2327   0900             ;*****************************************************************************
2328   0900             ;* Update the player ship x coordinate.
2329   0900             ;*****************************************************************************
2330   0900             L0900:
2331   0900 3A A0 43                           LD      A,(IN0Current)      ;
2332   0903 2F                                 CPL                         ; flip the current bits
2333   0904 E6 60                              AND     $60                 ; mask out 0110_0000
2334   0906 C8                                 RET     Z                   ; if no button pressed
2335   0907 E6 40                              AND     $40                 ; mask out 0100_0000
2336   0909 CA 17 09                           JP      Z,L0917             ;
2337   090C 7E                                 LD      A,(HL)              ; get $43C2 PlayerShipX
2338   090D FE 0D                              CP      $0D                 ;
2339   090F D8                                 RET     C                   ; if left boundary reached
2340   0910 35                                 DEC     (HL)                ; 'left' button: dec $43C2 PlayerShipX
2341   0911 3E FF                              LD      A,$FF               ;
2342   0913 32 60 43                           LD      (PlayerMoved),A     ; set 'player moved' flag
2343   0916 C9                                 RET                         ;
2344   0917             L0917:
2345   0917 7E                                 LD      A,(HL)              ; get $43C2 PlayerShipX
2346   0918 FE C0                              CP      $C0                 ;
2347   091A D0                                 RET     NC                  ; if right boundary reached
2348   091B 34                                 INC     (HL)                ; 'right' button: inc $43C2 PlayerShipX
2349   091C 3E FF                              LD      A,$FF               ;
2350   091E 32 60 43                           LD      (PlayerMoved),A     ; set 'player moved' flag
2351   0921 C9                                 RET                         ;
2352   0922             
2353   0926                                    .ORG $0926
2354   0926             ;*****************************************************************************
2355   0926             ;* Get player ship animation frame values, mapped with T1600/T1620.
2356   0926             ;*****************************************************************************
2357   0926             L0926:
2358   0926 7E                                 LD      A,(HL)              ;
2359   0927 E6 07                              AND     $07                 ; mask out 0000_0111
2360   0929 81                                 ADD     A,C                 ;
2361   092A 4F                                 LD      C,A                 ;
2362   092B 0A                                 LD      A,(BC)              ; get data from table
2363   092C 2D                                 DEC     L                   ;
2364   092D 77                                 LD      (HL),A              ;
2365   092E C9                                 RET                         ;
2366   092F             
2367   0930                                    .ORG $0930
2368   0930             ;*****************************************************************************
2369   0930             ;* Get the assigned player bullet tile if fire button was pressed.
2370   0930             ;*****************************************************************************
2371   0930             L0930:
2372   0930 7E                                 LD      A,(HL)              ;
2373   0931 E6 08                              AND     $08                 ; mask out 0000_1000
2374   0933 C2 64 09                           JP      NZ,L0964            ; update PlayerBulletY (grid) and PlayerBulletState
2375   0936 EB                                 EX      DE,HL               ;
2376   0937 06 10                              LD      B,$10               ; 0001_0000 (bit4='fire')
2377   0939 CD BB 00                           CALL    CheckInputBits      ;
2378   093C C8                                 RET     Z                   ; return if button not pressed
2379   093D 7E                                 LD      A,(HL)              ;
2380   093E E6 EF                              AND     $EF                 ; mask out 1110_1111
2381   0940 77                                 LD      (HL),A              ;
2382   0941 1A                                 LD      A,(DE)              ;
2383   0942 F6 08                              OR      $08                 ; set bit3 at..
2384   0944 12                                 LD      (DE),A              ; $43C4 PlayerBulletState
2385   0945 13                                 INC     DE                  ;
2386   0946 13                                 INC     DE                  ;
2387   0947 3A C2 43                           LD      A,(PlayerShipX)     ;
2388   094A C6 04                              ADD     $04                 ; mask out 0000_0100
2389   094C 12                                 LD      (DE),A              ;
2390   094D 13                                 INC     DE                  ;
2391   094E 3A C3 43                           LD      A,(PlayerShipY)     ; $D8
2392   0951 D6 08                              SUB     $08                 ;
2393   0953 12                                 LD      (DE),A              ;
2394   0954 1B                                 DEC     DE                  ;
2395   0955 EB                                 EX      DE,HL               ;
2396   0956 01 20 16                           LD      BC,T1620            ; get character for player bullets
2397   0959 CD 26 09                           CALL    L0926               ; get player ship animation frame values, mapped with T1600/T1620
2398   095C 3E 30                              LD      A,$30               ; 0011_0000
2399   095E 32 61 43                           LD      (BulletTriggered),A ; set 'bullet triggered' flag
2400   0961 C9                                 RET                         ;
2401   0962             
2402   0964                                    .ORG $0964
2403   0964             ;*****************************************************************************
2404   0964             ;* Update PlayerBulletY (grid) and PlayerBulletState.
2405   0964             ;*****************************************************************************
2406   0964             L0964:
2407   0964 2C                                 INC     L                   ;
2408   0965 2C                                 INC     L                   ;
2409   0966 2C                                 INC     L                   ;
2410   0967 7E                                 LD      A,(HL)              ; get $43C7 PlayerBulletY (grid)
2411   0968 D6 08                              SUB     $08                 ; move bullet ($08 represents the bullet speed)
2412   096A 77                                 LD      (HL),A              ;
2413   096B FE 1F                              CP      $1F                 ; top of the screen reached?
2414   096D D0                                 RET     NC                  ; if not reached
2415   096E             L096E:
2416   096E 2D                                 DEC     L                   ;
2417   096F 2D                                 DEC     L                   ;
2418   0970 2D                                 DEC     L                   ;
2419   0971 7E                                 LD      A,(HL)              ; get $43C4 PlayerBulletState
2420   0972 E6 F7                              AND     $F7                 ; 1111_0111
2421   0974 77                                 LD      (HL),A              ; del bit3 at PlayerBulletState
2422   0975 C9                                 RET                         ;
2423   0976             
2424   097A                                    .ORG $097A
2425   097A             ;*****************************************************************************
2426   097A             ;* Player ship X position mapping.
2427   097A             ;*****************************************************************************
2428   097A             L097A:
2429   097A 3A C2 43                           LD      A,(PlayerShipX)     ;
2430   097D 47                                 LD      B,A                 ; save it
2431   097E E6 07                              AND     $07                 ; mask out 0000_0111
2432   0980 07                                 RLCA                        ;
2433   0981 21 38 0B                           LD      HL,T0B38            ; mapping table
2434   0984 85                                 ADD     A,L                 ;
2435   0985 6F                                 LD      L,A                 ;
2436   0986 78                                 LD      A,B                 ; restore it
2437   0987 96                                 SUB     (HL)                ;
2438   0988 32 9E 43                           LD      (M439E),A           ; Mapped player ship position, left part
2439   098B 23                                 INC     HL                  ;
2440   098C 78                                 LD      A,B                 ;
2441   098D 86                                 ADD     A,(HL)              ;
2442   098E 32 9F 43                           LD      (M439F),A           ; Mapped player ship position, right part
2443   0991 C9                                 RET                         ;
2444   0992             
2445   09A0                                    .ORG $09A0
2446   09A0             ;*****************************************************************************
2447   09A0             ;* Get screen ram adress for player and bullet positions.
2448   09A0             ;* from: 43C2:43C3, 43C6:43C7, 43CA:43CB
2449   09A0             ;* ......PlayerShipX
2450   09A0             ;* ...........PlayerShipY
2451   09A0             ;* .................PlayerBulletX
2452   09A0             ;* ......................PlayerBulletY
2453   09A0             ;* ............................AbovePlayerBulletX
2454   09A0             ;* .................................AbovePlayerBulletY
2455   09A0             ;* to:   43E2:43E3, 43E6:43E7, 43EA:43EB
2456   09A0             ;*****************************************************************************
2457   09A0             L09A0:
2458   09A0 01 C2 43                           LD      BC,PlayerShipX      ;
2459   09A3 11 E2 43                           LD      DE,PlayerShipMSB    ;
2460   09A6             L09A6:
2461   09A6 CD BA 09                           CALL    GetScreenRamAddress ;
2462   09A9 03                                 INC     BC                  ;
2463   09AA 03                                 INC     BC                  ;
2464   09AB 03                                 INC     BC                  ;
2465   09AC 13                                 INC     DE                  ;
2466   09AD 13                                 INC     DE                  ;
2467   09AE 13                                 INC     DE                  ;
2468   09AF 79                                 LD      A,C                 ;
2469   09B0 FE CE                              CP      $CE                 ; end of data structure
2470   09B2 C2 A6 09                           JP      NZ,L09A6            ;
2471   09B5 C9                                 RET                         ;
2472   09B6             
2473   09BA                                    .ORG $09BA
2474   09BA             ;*****************************************************************************
2475   09BA             ;* Mapping of 'grid values' to screen ram address.
2476   09BA             ;*****************************************************************************
2477   09BA             GetScreenRamAddress:
2478   09BA 21 00 0A                           LD      HL,T0A00            ; Screen ram addresses for the top row (left to right)
2479   09BD 0A                                 LD      A,(BC)              ; get the coordinate
2480   09BE E6 F8                              AND     $F8                 ; 1111_1000
2481   09C0 0F                                 RRCA                        ; 0111_1100
2482   09C1 0F                                 RRCA                        ; 0011_1110
2483   09C2 85                                 ADD     A,L                 ;
2484   09C3 6F                                 LD      L,A                 ;
2485   09C4 7E                                 LD      A,(HL)              ; get MSB of screen ram address for row
2486   09C5 12                                 LD      (DE),A              ; save it
2487   09C6 03                                 INC     BC                  ;
2488   09C7 13                                 INC     DE                  ;
2489   09C8 23                                 INC     HL                  ; move to LSB for T0A00
2490   09C9 0A                                 LD      A,(BC)              ; get the coordinate
2491   09CA E6 F8                              AND     $F8                 ; 1111_1000
2492   09CC 0F                                 RRCA                        ; 0111_1100
2493   09CD 0F                                 RRCA                        ; 0011_1110
2494   09CE 0F                                 RRCA                        ; 0001_1111
2495   09CF 86                                 ADD     A,(HL)              ; add to LSB of screen ram address for row
2496   09D0 12                                 LD      (DE),A              ; save it
2497   09D1 C9                                 RET                         ;
2498   09D2             
2499   0A00                                    .ORG $0A00
2500   0A00             ; Screen ram addresses for the top row (left to right)
2501   0A00             ; Notice these addresses are MSB:LSB (backwards from the processors endianness)
2502   0A00             ; The offset is `(X & $F8) >> 2`, which ranges `$00`…`$3E`.
2503   0A00             ; The 26 valid columns use offsets `$00`–`$32` (`$0A00`–`$0A33`).
2504   0A00             ; Any X coordinate large enough to produce offset `$34`–`$3E` lands in your range and reads `$0000`.
2505   0A00             ; Because the entry is `$0000` for both MSB and the row base LSB,
2506   0A00             ; the computed destination collapses to address `$0000` (plus a tiny Y offset),
2507   0A00             ; i.e. low ROM, where writes are simply ignored.
2508   0A00             ; The result is that an object pushed past the right edge is "drawn" to a harmless null address
2509   0A00             ; instead of corrupting screen RAM or wrapping onto a visible tile.
2510   0A00             T0A00:
2511   0A00                                    .MSFIRST
2512   0A00 43 20                              .DW ForegroundScreen+$320  ; Upper left corner of rotated screen
2513   0A02 43 00                              .DW ForegroundScreen+$300
2514   0A04 42 E0                              .DW ForegroundScreen+$2E0
2515   0A06 42 C0                              .DW ForegroundScreen+$2C0
2516   0A08 42 A0                              .DW ForegroundScreen+$2A0
2517   0A0A 42 80                              .DW ForegroundScreen+$280
2518   0A0C 42 60                              .DW ForegroundScreen+$260
2519   0A0E 42 40                              .DW ForegroundScreen+$240
2520   0A10 42 20                              .DW ForegroundScreen+$220
2521   0A12 42 00                              .DW ForegroundScreen+$200
2522   0A14 41 E0                              .DW ForegroundScreen+$1E0
2523   0A16 41 C0                              .DW ForegroundScreen+$1C0
2524   0A18 41 A0                              .DW ForegroundScreen+$1A0
2525   0A1A 41 80                              .DW ForegroundScreen+$180
2526   0A1C 41 60                              .DW ForegroundScreen+$160
2527   0A1E 41 40                              .DW ForegroundScreen+$140
2528   0A20 41 20                              .DW ForegroundScreen+$120
2529   0A22 41 00                              .DW ForegroundScreen+$100
2530   0A24 40 E0                              .DW ForegroundScreen+$E0
2531   0A26 40 C0                              .DW ForegroundScreen+$C0
2532   0A28 40 A0                              .DW ForegroundScreen+$A0
2533   0A2A 40 80                              .DW ForegroundScreen+$80
2534   0A2C 40 60                              .DW ForegroundScreen+$60
2535   0A2E 40 40                              .DW ForegroundScreen+$40
2536   0A30 40 20                              .DW ForegroundScreen+$20
2537   0A32 40 00                              .DW ForegroundScreen       ; Upper right corner of rotated screen
2538   0A34             
2539   0A34             ; Mapping the 'out of screen' objects,
2540   0A34             ; that catch coordinates mapping beyond the 26 columns, returning a null (`$0000`) address
2541   0A34             ; so off screen objects are written to a safe, ignored location rather than drawn as garbage.
2542   0A34 00 00                              .DB $00, $00
2543   0A36 00 00                              .DB $00, $00
2544   0A38 00 00                              .DB $00, $00
2545   0A3A 00 00                              .DB $00, $00
2546   0A3C 00 00                              .DB $00, $00
2547   0A3E 00 00                              .DB $00, $00
2548   0A40             ;
2549   0A40             T0A40:
2550   0A40 AA BA AB BB                        .DB $AA, $BA, $AB, $BB     ;alien shape #37 (set A)
2551   0A44 80 90 81 91                        .DB $80, $90, $81, $91     ;alien shape #34 (set A)
2552   0A48             T0A48:
2553   0A48 74 7C 75 7D                        .DB $74, $7C, $75, $7D     ;alien pilot shape (set B)
2554   0A4C             
2555   0A50                                    .ORG $0A50
2556   0A50             ;*****************************************************************************
2557   0A50             ;* Handle alien control states for all aliens.
2558   0A50             ;* This routine has a bug!
2559   0A50             ;* Loop goes 20 times for 16 aliens. But bit 3 or 4 is not set at
2560   0A50             ;* UpdateScreenObjects. So luckily no effect.
2561   0A50             ;* Possible fix would be: 'CP $F0' at $0A63.
2562   0A50             ;*****************************************************************************
2563   0A50             AlienDataController:
2564   0A50 01 70 4B                           LD      BC,M4B70            ; alien data structure (grid)
2565   0A53 11 B0 4B                           LD      DE,M4BB0            ; alien data structure (screen ram)
2566   0A56             L0A56:
2567   0A56 C5                                 PUSH    BC                  ;
2568   0A57 CD 18 07                           CALL    UpdateScreenObjects ;
2569   0A5A C1                                 POP     BC                  ;
2570   0A5B 79                                 LD      A,C                 ;
2571   0A5C C6 04                              ADD     $04                 ;
2572   0A5E 4F                                 LD      C,A                 ;
2573   0A5F C6 40                              ADD     $40                 ;
2574   0A61 5F                                 LD      E,A                 ;
2575   0A62 50                                 LD      D,B                 ;
2576   0A63 A7                                 AND     A                   ; updates the zero flag (bug)
2577   0A64 C2 56 0A                           JP      NZ,L0A56            ;
2578   0A67 C9                                 RET                         ;
2579   0A68             
2580   0A6C                                    .ORG $0A6C
2581   0A6C             ;*****************************************************************************
2582   0A6C             ;* Get screen ram adress for all aliens.
2583   0A6C             ;*****************************************************************************
2584   0A6C             L0A6C:
2585   0A6C 01 70 4B                           LD      BC,M4B70            ; data structure for alien control and screen coordinate
2586   0A6F 11 B3 4B                           LD      DE,M4BB3            ; data structure for alien screen ram address
2587   0A72             L0A72:
2588   0A72 C5                                 PUSH    BC                  ;
2589   0A73 D5                                 PUSH    DE                  ;
2590   0A74 0A                                 LD      A,(BC)              ;
2591   0A75 E6 18                              AND     $18                 ; mask out 0001_1000
2592   0A77 CA 8A 0A                           JP      Z,L0A8A             ; if 0 then skip the mapping
2593   0A7A EB                                 EX      DE,HL               ;
2594   0A7B 56                                 LD      D,(HL)              ;
2595   0A7C 2B                                 DEC     HL                  ;
2596   0A7D 5E                                 LD      E,(HL)              ;
2597   0A7E 2B                                 DEC     HL                  ;
2598   0A7F 72                                 LD      (HL),D              ;
2599   0A80 2B                                 DEC     HL                  ;
2600   0A81 73                                 LD      (HL),E              ;
2601   0A82 EB                                 EX      DE,HL               ;
2602   0A83 13                                 INC     DE                  ;
2603   0A84 13                                 INC     DE                  ;
2604   0A85 03                                 INC     BC                  ;
2605   0A86 03                                 INC     BC                  ;
2606   0A87 CD BA 09                           CALL    GetScreenRamAddress ;
2607   0A8A             L0A8A:
2608   0A8A D1                                 POP     DE                  ;
2609   0A8B C1                                 POP     BC                  ;
2610   0A8C 79                                 LD      A,C                 ;
2611   0A8D C6 04                              ADD     $04                 ;
2612   0A8F 4F                                 LD      C,A                 ;
2613   0A90 7B                                 LD      A,E                 ;
2614   0A91 C6 04                              ADD     $04                 ;
2615   0A93 5F                                 LD      E,A                 ;
2616   0A94 FE 03                              CP      $03                 ;
2617   0A96 C2 72 0A                           JP      NZ,L0A72            ;
2618   0A99 C9                                 RET                         ;
2619   0A9A             
2620   0AA0                                    .ORG $0AA0
2621   0AA0             ;*****************************************************************************
2622   0AA0             ;* Handler for the player shield.
2623   0AA0             ;*****************************************************************************
2624   0AA0             DrawShields:
2625   0AA0 2E E2                              LD      L,PlayerShipMSB & $FF     ; HL=43E2 Player's screen memory location
2626   0AA2 56                                 LD      D,(HL)              ; Get the PlayerScreenRamMSB
2627   0AA3 23                                 INC     HL                  ; Get the ... PlayerScreenRamLSB
2628   0AA4 5E                                 LD      E,(HL)              ; ... LSB (ignore any fine bit shifting of the player)
2629   0AA5 CD 10 02                           CALL    LeftOneColumn       ; Shield pictures begin one column to the left of the ship
2630   0AA8 1B                                 DEC     DE                  ; Shield pictures begin one row above the ship
2631   0AA9 01 04 04                           LD      BC,$0404            ; Shiled images are 4x4
2632   0AAC 2E A6                              LD      L,ShieldCount & $FF ; Decrement the ...
2633   0AAE 35                                 DEC     (HL)                ; ... shield counter
2634   0AAF 7E                                 LD      A,(HL)              ; Current shield counter value
2635   0AB0 21 F0 17                           LD      HL,FourByFourEmpty  ; Blank 4x4
2636   0AB3 FE C0                              CP      $C0                 ; Shield time done?
2637   0AB5 CA 48 0B                           JP      Z,ShieldsExpired    ; Yes ... turn shields off
2638   0AB8 21 70 17                           LD      HL,T1770            ; Four shield-active pictures
2639   0ABB E6 0C                              AND     $0C                 ; Drop lower 2 bits (0000_1100). Images change every 4 ticks.
2640   0ABD 07                                 RLCA                        ; Multiply by 4 ...
2641   0ABE 07                                 RLCA                        ; ... to get a 16-byte offest (4x4 pictures)
2642   0ABF 85                                 ADD     A,L                 ; Point to the ...
2643   0AC0 6F                                 LD      L,A                 ; ... correct image
2644   0AC1 C3 D6 0A                           JP      DrawImageCbyB       ; Draw the new shield image
2645   0AC4             
2646   0AD6                                    .ORG $0AD6
2647   0AD6             ;*****************************************************************************
2648   0AD6             ; B is number of rows
2649   0AD6             ; C is number of columns
2650   0AD6             ; HL is the data
2651   0AD6             ; DE is the pointer to the screen
2652   0AD6             ;*****************************************************************************
2653   0AD6             DrawImageCbyB:
2654   0AD6 D5                                 PUSH    DE                  ; Hold screen pointer
2655   0AD7 C5                                 PUSH    BC                  ; Hold width/Height
2656   0AD8             L0AD8:
2657   0AD8 7E                                 LD      A,(HL)              ; Character to ...
2658   0AD9 12                                 LD      (DE),A              ; ... the screen
2659   0ADA 23                                 INC     HL                  ; Next in data
2660   0ADB 13                                 INC     DE                  ; Next column on screen
2661   0ADC 05                                 DEC     B                   ; All rows done in this column?
2662   0ADD C2 D8 0A                           JP      NZ,L0AD8            ; No ... finish the rows
2663   0AE0 C1                                 POP     BC                  ; Restore the counters
2664   0AE1 D1                                 POP     DE                  ; Restore the screen pointer
2665   0AE2 CD 17 02                           CALL    RightOneColumn      ; Move over one column
2666   0AE5 0D                                 DEC     C                   ; All columns done?
2667   0AE6 C2 D6 0A                           JP      NZ,DrawImageCbyB    ; No ... do all columns
2668   0AE9 C9                                 RET                         ; Done
2669   0AEA             
2670   0AEA             ;*****************************************************************************
2671   0AEA             ;* Game state 4.
2672   0AEA             ;* Player ship partikel explosion.
2673   0AEA             ;*****************************************************************************
2674   0AEA             L0AEA:
2675   0AEA 21 B9 43                           LD      HL,CounterB9        ;
2676   0AED 7E                                 LD      A,(HL)              
2677   0AEE E6 F8                              AND     $F8                 
2678   0AF0 77                                 LD      (HL),A              
2679   0AF1 32 00 58                           LD      (scrollRegister),A  ; 58xx scroll register
2680   0AF4 2E E2                              LD      L,$E2               
2681   0AF6 56                                 LD      D,(HL)              
2682   0AF7 2C                                 INC     L                   
2683   0AF8 5E                                 LD      E,(HL)              
2684   0AF9 CD 10 02                           CALL    LeftOneColumn       ;
2685   0AFC 1B                                 DEC     DE                  
2686   0AFD 00                                 NOP                         
2687   0AFE 2E A5                              LD      L,$A5               
2688   0B00 35                                 DEC     (HL)                
2689   0B01 7E                                 LD      A,(HL)              
2690   0B02 CA 15 0B                           JP      Z,L0B15             ;
2691   0B05 FE 20                              CP      $20                 
2692   0B07 DA A0 0B                           JP      C,L0BA0             ;
2693   0B0A CA 80 03                           JP      Z,ClearForeground   ;
2694   0B0D C3 BA 0B                           JP      L0BBA               ;
2695   0B10             
2696   0B15                                    .ORG $0B15
2697   0B15             ;*****************************************************************************
2698   0B15             ;* The explosion is over — it reloads `CounterA5=5`, decrements that player's life count,
2699   0B15             ;* refreshes the lives display, and sets `GameState = 0` (new turn / next player start).
2700   0B15             ;*****************************************************************************
2701   0B15             L0B15:
2702   0B15 2D                                 DEC     L                   ;
2703   0B16 36 05                              LD      (HL),$05            ;
2704   0B18 2D                                 DEC     L                   ;
2705   0B19 7E                                 LD      A,(HL)              ;
2706   0B1A C6 90                              ADD     $90                 ; -> Player1Lives / Player2Lives slot                 
2707   0B1C 6F                                 LD      L,A                 ;
2708   0B1D 7E                                 LD      A,(HL)              ;
2709   0B1E A7                                 AND     A                   ; updates the zero flag
2710   0B1F C8                                 RET     Z                   ;
2711   0B20 35                                 DEC     (HL)                ; lose a life
2712   0B21 E5                                 PUSH    HL                  ;
2713   0B22 CD 67 03                           CALL    UpdateLivesScreen   ;
2714   0B25 E1                                 POP     HL                  ;
2715   0B26 7E                                 LD      A,(HL)              ;
2716   0B27 A7                                 AND     A                   ; updates the zero flag
2717   0B28 C8                                 RET     Z                   ;
2718   0B29 2E A4                              LD      L,$A4               ; GameState
2719   0B2B 36 00                              LD      (HL),$00            ; set to: 'new game start'
2720   0B2D C9                                 RET                         ;
2721   0B2E             
2722   0B38                                    .ORG $0B38
2723   0B38             ; Player ship X position mapping table
2724   0B38             T0B38:
2725   0B38 00 08                              .DB $00, $08
2726   0B3A 01 09                              .DB $01, $09
2727   0B3C 02 0A                              .DB $02, $0A
2728   0B3E 03 0B                              .DB $03, $0B
2729   0B40 03 0B                              .DB $03, $0B
2730   0B42 02 0A                              .DB $02, $0A
2731   0B44 01 09                              .DB $01, $09
2732   0B46 00 08                              .DB $00, $08
2733   0B48             
2734   0B48             ;*****************************************************************************
2735   0B48             ;* The player shield is expired.
2736   0B48             ;* Shield and player gets removed from screen.
2737   0B48             ;* PlayerShipX position is reset.
2738   0B48             ;*****************************************************************************
2739   0B48             ShieldsExpired:
2740   0B48 CD D6 0A                           CALL    DrawImageCbyB       ;
2741   0B4B 21 C0 43                           LD      HL,PlayerState      ;
2742   0B4E 36 0C                              LD      (HL),$0C            
2743   0B50 2C                                 INC     L                   
2744   0B51 36 0C                              LD      (HL),$0C            
2745   0B53 2C                                 INC     L                   
2746   0B54 7E                                 LD      A,(HL)              
2747   0B55 E6 F8                              AND     $F8                 
2748   0B57 F6 03                              OR      $03                 
2749   0B59 77                                 LD      (HL),A              
2750   0B5A C9                                 RET                         
2751   0B5B             
2752   0B60                                    .ORG $0B60
2753   0B60             ;*****************************************************************************
2754   0B60             ;* Game state 5.
2755   0B60             ;* 'GAME OVER'.
2756   0B60             ;*****************************************************************************
2757   0B60             L0B60:
2758   0B60 21 A5 43                           LD      HL,CounterA5        ;
2759   0B63 34                                 INC     (HL)                
2760   0B64 7E                                 LD      A,(HL)              
2761   0B65 FE 40                              CP      $40                 
2762   0B67 CA A0 03                           JP      Z,ClearBackground   ;
2763   0B6A 21 00 1A                           LD      HL,T1A00            ; "        GAME  OVER        "
2764   0B6D 0E 01                              LD      C,$01               
2765   0B6F FE 80                              CP      $80                 
2766   0B71 C2 95 0B                           JP      NZ,L0B95            ; 
2767   0B74 21 A4 43                           LD      HL,GameState        ; Next interval game state ...
2768   0B77 36 00                              LD      (HL),$00            ; ... is 0 (new game start)
2769   0B79 2E 90                              LD      L,$90               
2770   0B7B 7E                                 LD      A,(HL)              
2771   0B7C 2C                                 INC     L                   
2772   0B7D B6                                 OR      (HL)                
2773   0B7E C0                                 RET     NZ                  
2774   0B7F AF                                 XOR     A                   ; A=0
2775   0B80 2E 98                              LD      L,$98               
2776   0B82 77                                 LD      (HL),A              
2777   0B83 2C                                 INC     L                   
2778   0B84 77                                 LD      (HL),A              
2779   0B85 2E A2                              LD      L,$A2               
2780   0B87 77                                 LD      (HL),A              
2781   0B88 2C                                 INC     L                   
2782   0B89 7E                                 LD      A,(HL)              
2783   0B8A A7                                 AND     A                   ; updates the zero flag
2784   0B8B C8                                 RET     Z                   
2785   0B8C 36 00                              LD      (HL),$00            
2786   0B8E 01 00 01                           LD      BC,$0100            ; from bank 1 to bank 0
2787   0B91 CD 60 04                           CALL    CopyMemoryBank      ;
2788   0B94 C9                                 RET                         
2789   0B95             ;
2790   0B95             L0B95:
2791   0B95 CD D0 01                           CALL    PrintTextLines      ;
2792   0B98 CD E4 01                           CALL    L01E4               ; Print the copyright lines
2793   0B9B C3 F0 1D                           JP      L1DF0               ;
2794   0B9E             
2795   0BA0                                    .ORG $0BA0
2796   0BA0             ;*****************************************************************************
2797   0BA0             ;* Late cleanup: clear background, reset scroll on non‑mothership levels.
2798   0BA0             ;*****************************************************************************
2799   0BA0             L0BA0:
2800   0BA0 21 B8 43                           LD      HL,LevelAndRound    ;
2801   0BA3 7E                                 LD      A,(HL)              ;
2802   0BA4 E6 0F                              AND     $0F                 ; mask out 0000_1111
2803   0BA6 FE 04                              CP      $04                 ;
2804   0BA8 D8                                 RET     C                   ; return if < game level 4 (alien waves)
2805   0BA9 FE 09                              CP      $09                 ;
2806   0BAB D0                                 RET     NC                  ; return if > game level 9 (mothership)
2807   0BAC 2C                                 INC     L                   ; CounterB9
2808   0BAD AF                                 XOR     A                   ; A=0
2809   0BAE 77                                 LD      (HL),A              ; CounterB9 to 0
2810   0BAF 32 00 58                           LD      (scrollRegister),A  ; reset the 58xx scroll register
2811   0BB2 C3 A0 03                           JP      ClearBackground     ;
2812   0BB5             
2813   0BBA                                    .ORG $0BBA
2814   0BBA             ;*****************************************************************************
2815   0BBA             ;* Player-ship explosion:
2816   0BBA             ;* Per-frame visual dispatcher.
2817   0BBA             ;* Entered from L0AEA (game state 4) with A = CounterA5 (explosion phase),
2818   0BBA             ;* when CounterA5 >= $20. Selects one task per frame from the low 2 bits,
2819   0BBA             ;* so the three effects are interleaved as the counter runs down:
2820   0BBA             ;*   CounterA5 & 1 == 0   -> L0FC0  killed-alien animation upkeep
2821   0BBA             ;*   CounterA5 & 3 == 01  -> L20E8  draw a 4x4 ship-fragment sprite
2822   0BBA             ;*   CounterA5 & 3 == 11  -> L2070  render the particle field (T2800/T2900)
2823   0BBA             ;* So across consecutive frames the three low bit patterns rotate through the three tasks,
2824   0BBA             ;* letting the game advance the debris field, the fragment sprites,
2825   0BBA             ;* and any in progress killed alien effects without doing all of them in a single frame.
2826   0BBA             ;*****************************************************************************
2827   0BBA             L0BBA:
2828   0BBA 47                                 LD      B,A                 ;
2829   0BBB 0F                                 RRCA                        ;
2830   0BBC D2 C0 0F                           JP      NC,L0FC0            ; Handle animations for killed aliens
2831   0BBF 0F                                 RRCA                        ;
2832   0BC0 78                                 LD      A,B                 ;
2833   0BC1 DA 70 20                           JP      C,L2070             ;
2834   0BC4 C3 E8 20                           JP      L20E8               ;
2835   0BC7             
2836   0BCA                                    .ORG $0BCA
2837   0BCA             ;*****************************************************************************
2838   0BCA             ;* Draws the character tiles for the score average table.
2839   0BCA             ;*****************************************************************************
2840   0BCA             DrawScoreAverageTableTiles:
2841   0BCA 21 D0 42                           LD      HL,$42D0            ; upper left corner screen ram position
2842   0BCD 01 DF FF                           LD      BC,$FFDF            ; Screen offset constant -33 right one column (-1), up one row (-32)
2843   0BD0 36 64                              LD      (HL),$64            ; left part of alien shape #3
2844   0BD2 09                                 ADD     HL,BC               ;
2845   0BD3 23                                 INC     HL                  ;
2846   0BD4 36 65                              LD      (HL),$65            ; right part of alien shape #3
2847   0BD6 21 F2 42                           LD      HL,$42F2            ; screen ram position for
2848   0BD9 11 40 0A                           LD      DE,T0A40            ; T0A40 alien shape #37 and alien shape #34
2849   0BDC CD 38 35                           CALL    Draw4x2             ;
2850   0BDF 21 15 4B                           LD      HL,$4B15            ; screen ram position for
2851   0BE2 11 00 3C                           LD      DE,T3C00            ; bird shape #24 (Object 3C00)
2852   0BE5 CD 28 35                           CALL    Draw6x2             ;
2853   0BE8 21 D8 4A                           LD      HL,$4AD8            ; screen ram position for
2854   0BEB 11 48 0A                           LD      DE,T0A48            ; T0A48 alien pilot shape
2855   0BEE CD 48 35                           CALL    Draw2x2             ;
2856   0BF1 C9                                 RET                         ;
2857   0BF2             
2858   0C00                                    .ORG $0C00
2859   0C00             ;*****************************************************************************
2860   0C00             ;* Score/bonus selector for a shot flying alien:
2861   0C00             ;* A flying alien was hit. Choose its explosion / score from its current
2862   0C00             ;* movement-pattern phase.
2863   0C00             ;* Entry: HL -> struck alien's screen-X field ($4B72 + 4*index).
2864   0C00             ;* Per-alien movement-pattern pointers live at $4B50 (2 bytes: MSB,LSB each).
2865   0C00             ;* Pattern value 7 or 8 (attack/dive apex) -> 200-pt bonus + bonus explosion;
2866   0C00             ;* any other value -> normal kill.  All paths finish in L0EA4.
2867   0C00             ;* This routine is the mechanic that rewards shooting an alien at the peak of its swoop/dive,
2868   0C00             ;* only when the enemy's movement pattern is in phase 7–8 do you get the 200 point bonus
2869   0C00             ;* and the special bonus explosion, hitting it at any other point in its flight
2870   0C00             ;* gives the ordinary kill value.
2871   0C00             ;*****************************************************************************
2872   0C00             L0C00:
2873   0C00 E5                                 PUSH    HL                  ; save the alien entry pointer
2874   0C01 7D                                 LD      A,L                 ; L = $72,$76,$7A,... (screen-X field of this alien)
2875   0C02 D6 72                              SUB     $72                 ; -> 0,4,8,... = 4 * alien index
2876   0C04 0F                                 RRCA                        ; /2 -> 0,2,4,... = 2 * alien index
2877   0C05 C6 50                              ADD     $50                 ; -> $50 + 2*index
2878   0C07 6F                                 LD      L,A                 ; HL = $4B50 + 2*index (this alien's pattern pointer)
2879   0C08 7E                                 LD      A,(HL)              ; get MSB pointer of alien movement pattern
2880   0C09 2C                                 INC     L                   ; 
2881   0C0A 6E                                 LD      L,(HL)              ; get LSB pointer of alien movement pattern
2882   0C0B 67                                 LD      H,A                 ; HL = alien's current position in its pattern list
2883   0C0C 11 04 0C                           LD      DE,$0C04            ; default: D=$0C anim index, E=$04 normal-kill score
2884   0C0F 7E                                 LD      A,(HL)              ; get movement pattern value (current phase)
2885   0C10 E1                                 POP     HL                  ; restore the alien entry pointer
2886   0C11 FE 07                              CP      $07                 ; 
2887   0C13 DA A4 0E                           JP      C,L0EA4             ; phase < $07: normal kill
2888   0C16 FE 09                              CP      $09                 ; 
2889   0C18 D2 A4 0E                           JP      NC,L0EA4            ; phase >= $09: normal kill
2890   0C1B             ; Else phase is $07 or $08 -> BONUS
2891   0C1B 11 20 10                           LD      DE,$1020            ; D=$10 anim index, E=$20 bonus explosion score 200
2892   0C1E 3E FF                              LD      A,$FF               ; set bonus explosion flag
2893   0C20 32 69 43                           LD      (M4369),A           ; $4369 = 'bonus explosion'
2894   0C23 C3 A4 0E                           JP      L0EA4               ; kill with the bonus values
2895   0C26             
2896   0C40                                    .ORG $0C40
2897   0C40             ;*****************************************************************************
2898   0C40             ; Updates the enemy bullets.
2899   0C40             ;*****************************************************************************
2900   0C40             L0C40:
2901   0C40 21 FF 43                           LD      HL,AlienBullet4LSB  ; 
2902   0C43 06 05                              LD      B,$05               ; 5 bullet slots
2903   0C45 CD 8B 08                           CALL    L088B               ; Copy current enemy bullet data to old enemy bullet data
2904   0C48 CD 56 0C                           CALL    L0C56               ; Enemy bullets movement and animation
2905   0C4B CD 6B 0C                           CALL    L0C6B               ; Get the screen ram address for all enemy bullets
2906   0C4E CD D8 0C                           CALL    L0CD8               ; Draw or delete the screen objects
2907   0C51 C9                                 RET                         ; 
2908   0C52             
2909   0C56                                    .ORG $0C56
2910   0C56             ;*****************************************************************************
2911   0C56             ;* Enemy bullets movement and animation.
2912   0C56             ;* Handles all 5 bullet slots.
2913   0C56             ;*****************************************************************************
2914   0C56             L0C56:
2915   0C56 21 CC 43                           LD      HL,AlienBullet0State; 
2916   0C59             L0C59:
2917   0C59 E5                                 PUSH    HL                  ; 
2918   0C5A CD 84 0C                           CALL    L0C84               ; movement and animation of enemy bullet
2919   0C5D E1                                 POP     HL                  ; 
2920   0C5E 7D                                 LD      A,L                 ; 
2921   0C5F C6 04                              ADD     $04                 ; 
2922   0C61 6F                                 LD      L,A                 ; 
2923   0C62 FE E0                              CP      $E0                 ; 
2924   0C64 C2 59 0C                           JP      NZ,L0C59            ; loop for 5 enemy bullet slots
2925   0C67 C9                                 RET                         ; 
2926   0C68             
2927   0C6B                                    .ORG $0C6B
2928   0C6B             ;*****************************************************************************
2929   0C6B             ;* Get the screen ram address for all enemy bullets.
2930   0C6B             ;*****************************************************************************
2931   0C6B             L0C6B:
2932   0C6B 01 CE 43                           LD      BC,AlienBullet0X    ; 
2933   0C6E 11 EE 43                           LD      DE,AlienBullet0MSB  ; 
2934   0C71             L0C71:
2935   0C71 CD BA 09                           CALL    GetScreenRamAddress ; 
2936   0C74 03                                 INC     BC                  
2937   0C75 03                                 INC     BC                  
2938   0C76 03                                 INC     BC                  
2939   0C77 13                                 INC     DE                  
2940   0C78 13                                 INC     DE                  
2941   0C79 13                                 INC     DE                  
2942   0C7A 79                                 LD      A,C                 
2943   0C7B FE E2                              CP      $E2                 
2944   0C7D C2 71 0C                           JP      NZ,L0C71            ; 
2945   0C80 C9                                 RET                         
2946   0C81             
2947   0C84                                    .ORG $0C84
2948   0C84             ;*****************************************************************************
2949   0C84             ;* Movement and animation of enemy bullet.
2950   0C84             ;* They have half the speed of player bullets and a simple animation.
2951   0C84             ;*****************************************************************************
2952   0C84             L0C84:
2953   0C84 7E                                 LD      A,(HL)              
2954   0C85 E6 08                              AND     $08                 
2955   0C87 C8                                 RET     Z                   
2956   0C88 00                                 NOP                         
2957   0C89 00                                 NOP                         
2958   0C8A 2C                                 INC     L                   
2959   0C8B 7E                                 LD      A,(HL)              
2960   0C8C EE 04                              XOR     $04                 
2961   0C8E 77                                 LD      (HL),A              
2962   0C8F 2C                                 INC     L                   
2963   0C90 2C                                 INC     L                   
2964   0C91 7E                                 LD      A,(HL)              
2965   0C92 C6 04                              ADD     $04                 
2966   0C94 77                                 LD      (HL),A              
2967   0C95 FE F9                              CP      $F9                 
2968   0C97 D2 6E 09                           JP      NC,L096E            ; 
2969   0C9A 2D                                 DEC     L                   
2970   0C9B CD B4 0C                           CALL    L0CB4               ; 
2971   0C9E 54                                 LD      D,H                 
2972   0C9F 7D                                 LD      A,L                 
2973   0CA0 C6 20                              ADD     $20                 
2974   0CA2 5F                                 LD      E,A                 
2975   0CA3 EB                                 EX      DE,HL               
2976   0CA4 46                                 LD      B,(HL)              
2977   0CA5 23                                 INC     HL                  
2978   0CA6 4E                                 LD      C,(HL)              
2979   0CA7 0A                                 LD      A,(BC)              
2980   0CA8 EB                                 EX      DE,HL               
2981   0CA9 2C                                 INC     L                   
2982   0CAA FE E8                              CP      $E8                 
2983   0CAC D2 6E 09                           JP      NC,L096E            ; 
2984   0CAF C9                                 RET                         
2985   0CB0             
2986   0CB4                                    .ORG $0CB4
2987   0CB4             ;
2988   0CB4             L0CB4:
2989   0CB4 FE DC                              CP      $DC                 ; lower part of screen
2990   0CB6 D8                                 RET     C                   ; if not reached
2991   0CB7 FE E9                              CP      $E9                 
2992   0CB9 D0                                 RET     NC                  
2993   0CBA 3A 9F 43                           LD      A,(M439F)           ; Mapped player ship position, right part: ($17 to $C8)
2994   0CBD BE                                 CP      (HL)                
2995   0CBE D8                                 RET     C                   
2996   0CBF 3A 9E 43                           LD      A,(M439E)           ; Mapped player ship position, left part: ($09 to $C0)
2997   0CC2 BE                                 CP      (HL)                
2998   0CC3 D0                                 RET     NC                  
2999   0CC4             
3000   0CC4             ;*****************************************************************************
3001   0CC4             ;* The player ship was hit.
3002   0CC4             ;* MAME cheat code "Invincibility": Set $0CC4 to $C9 (RET).
3003   0CC4             ;*****************************************************************************
3004   0CC4             L0CC4:
3005   0CC4 3E 04                              LD      A,$04               ; Next interval game state is 4 (player ship partikel explosion)
3006   0CC6 32 A4 43                           LD      (GameState),A       ; 
3007   0CC9 3E 60                              LD      A,$60               ; set a new counter value for ...
3008   0CCB 32 A5 43                           LD      (CounterA5),A       ; 
3009   0CCE 3E 10                              LD      A,$10               ; set flag and counter for ..
3010   0CD0 32 63 43                           LD      (ParticleExplosion),A
3011   0CD3 C9                                 RET                         ;
3012   0CD4             
3013   0CD8                                    .ORG $0CD8
3014   0CD8             ;*****************************************************************************
3015   0CD8             ;* Handle enemy bullet control states for 5 bullet slots,
3016   0CD8             ;* and draw or delete the screen object.
3017   0CD8             ;*****************************************************************************
3018   0CD8             L0CD8:
3019   0CD8 01 CC 43                           LD      BC,AlienBullet0State; data structure (grid)
3020   0CDB 11 EC 43                           LD      DE,OldAlienBullet0MSB; screen ram
3021   0CDE             L0CDE:
3022   0CDE C5                                 PUSH    BC                  
3023   0CDF CD 18 07                           CALL    UpdateScreenObjects ; 
3024   0CE2 C1                                 POP     BC                  
3025   0CE3 79                                 LD      A,C                 
3026   0CE4 C6 04                              ADD     $04                 
3027   0CE6 4F                                 LD      C,A                 
3028   0CE7 C6 20                              ADD     $20                 
3029   0CE9 5F                                 LD      E,A                 
3030   0CEA 50                                 LD      D,B                 
3031   0CEB A7                                 AND     A                   ; updates the zero flag
3032   0CEC C2 DE 0C                           JP      NZ,L0CDE            ; loop for all bullet slots
3033   0CEF C9                                 RET                         
3034   0CF0             
3035   0CF4                                    .ORG $0CF4
3036   0CF4             ;*****************************************************************************
3037   0CF4             ;* Alien collision on left or right side of player ship.
3038   0CF4             ;*****************************************************************************
3039   0CF4             L0CF4:
3040   0CF4 D1                                 POP     DE                  
3041   0CF5 C1                                 POP     BC                  
3042   0CF6 C9                                 RET                         
3043   0CF7             
3044   0D1C                                    .ORG $0D1C
3045   0D1C             ;*****************************************************************************
3046   0D1C             ;* Alien movement update.
3047   0D1C             ;*****************************************************************************
3048   0D1C             L0D1C:
3049   0D1C 01 70 4B                           LD      BC,M4B70            ; 
3050   0D1F 21 50 4B                           LD      HL,M4B50            ; 
3051   0D22             L0D22:
3052   0D22 CD 30 0D                           CALL    L0D30               ; 
3053   0D25 0C                                 INC     C                   
3054   0D26 0C                                 INC     C                   
3055   0D27 2C                                 INC     L                   
3056   0D28 3E B0                              LD      A,$B0               
3057   0D2A B9                                 CP      C                   
3058   0D2B C2 22 0D                           JP      NZ,L0D22            ; 
3059   0D2E C9                                 RET                         
3060   0D2F             
3061   0D30                                    .ORG $0D30
3062   0D30             ;
3063   0D30             L0D30:
3064   0D30 56                                 LD      D,(HL)              
3065   0D31 23                                 INC     HL                  
3066   0D32 0A                                 LD      A,(BC)              
3067   0D33 03                                 INC     BC                  
3068   0D34 03                                 INC     BC                  
3069   0D35 E6 08                              AND     $08                 
3070   0D37 C8                                 RET     Z                   ; if bit3 of alien control state A, not set
3071   0D38 5E                                 LD      E,(HL)              
3072   0D39 EB                                 EX      DE,HL               
3073   0D3A 7E                                 LD      A,(HL)              ; get T1000 (Closed loops pattern table for aliens)
3074   0D3B 07                                 RLCA                        ; Multiply by 2
3075   0D3C C6 00                              ADD     $00                 ; reset all flags
3076   0D3E 6F                                 LD      L,A                 
3077   0D3F 26 17                              LD      H,T1700 >> 8        ; get MSB for T1700
3078   0D41 AF                                 XOR     A                   ; A=0
3079   0D42 BE                                 CP      (HL)                
3080   0D43 CA 4F 0D                           JP      Z,L0D4F             ; 
3081   0D46 23                                 INC     HL                  
3082   0D47 BE                                 CP      (HL)                
3083   0D48 CA 5E 0D                           JP      Z,L0D5E             ; 
3084   0D4B 2B                                 DEC     HL                  
3085   0D4C 0A                                 LD      A,(BC)              
3086   0D4D 86                                 ADD     A,(HL)              
3087   0D4E 02                                 LD      (BC),A              
3088   0D4F             L0D4F:
3089   0D4F 03                                 INC     BC                  
3090   0D50 23                                 INC     HL                  
3091   0D51 0A                                 LD      A,(BC)              
3092   0D52 86                                 ADD     A,(HL)              
3093   0D53 02                                 LD      (BC),A              
3094   0D54 0B                                 DEC     BC                  
3095   0D55 E6 07                              AND     $07                 
3096   0D57 EB                                 EX      DE,HL               
3097   0D58 C0                                 RET     NZ                  
3098   0D59 34                                 INC     (HL)                
3099   0D5A C9                                 RET                         
3100   0D5B             
3101   0D5E                                    .ORG $0D5E
3102   0D5E             L0D5E:
3103   0D5E 2B                                 DEC     HL                  
3104   0D5F 0A                                 LD      A,(BC)              
3105   0D60 86                                 ADD     A,(HL)              
3106   0D61 02                                 LD      (BC),A              
3107   0D62 E6 07                              AND     $07                 
3108   0D64 EB                                 EX      DE,HL               
3109   0D65 C0                                 RET     NZ                  
3110   0D66 34                                 INC     (HL)                
3111   0D67 C9                                 RET                         
3112   0D68             
3113   0D70                                    .ORG $0D70
3114   0D70             ;*****************************************************************************
3115   0D70             ;* Alien animation update.
3116   0D70             ;* 1. Uses the movement-list opcode → `T16A0` (3-byte anim record)
3117   0D70             ;* 2. From that, picks a base into `T1600` and a small X/Y sub-index (fine scroll / facing)
3118   0D70             ;* 3. Reads one byte from `T1600`...`T1690`
3119   0D70             ;* 4. Stores it in control state B = LSB for `$14xx`
3120   0D70             ;*****************************************************************************
3121   0D70             AlienAnimationUpdate:
3122   0D70             L0D70:
3123   0D70 01 70 4B                           LD      BC,M4B70            ; Alien control state A
3124   0D73 21 50 4B                           LD      HL,M4B50            ; Alien movement pattern table
3125   0D76             L0D76:
3126   0D76 CD 86 0D                           CALL    L0D86               ; 
3127   0D79 79                                 LD      A,C                 ; 
3128   0D7A C6 04                              ADD     $04                 ; 
3129   0D7C 4F                                 LD      C,A                 ; 
3130   0D7D 3E B0                              LD      A,$B0               ; 
3131   0D7F B9                                 CP      C                   ; 
3132   0D80 C2 76 0D                           JP      NZ,L0D76            ; loop for 16 aliens
3133   0D83 C9                                 RET                         ; 
3134   0D84             
3135   0D86                                    .ORG $0D86
3136   0D86             L0D86:
3137   0D86 56                                 LD      D,(HL)              ; get MSB of pointer for alien movement pattern
3138   0D87 23                                 INC     HL                  ; 
3139   0D88 5E                                 LD      E,(HL)              ; get LSB of pointer for alien movement pattern
3140   0D89 23                                 INC     HL                  ; 
3141   0D8A 0A                                 LD      A,(BC)              ; get alien control state A
3142   0D8B E6 08                              AND     $08                 ; 0000_1000
3143   0D8D C8                                 RET     Z                   ; if bit3 of alien control state A, not set
3144   0D8E EB                                 EX      DE,HL               ; 
3145   0D8F 7E                                 LD      A,(HL)              ; get pointer to movement list (T1000)
3146   0D90 A7                                 AND     A                   ; updates the zero flag
3147   0D91 CC DE 0D                           CALL    Z,L0DDE             ; if end of movement list reached
3148   0D94 6F                                 LD      L,A                 ; get pointer to movement list
3149   0D95 07                                 RLCA                        ; multiply by ..
3150   0D96 85                                 ADD     A,L                 ; .. 3, to get a 3 byte offset at T16A0
3151   0D97 C6 A0                              ADD     T16A0 & $FF         ; LSB of T16A0
3152   0D99 6F                                 LD      L,A                 ; 
3153   0D9A 26 16                              LD      H,T16A0 >> 8        ; MSB of T16A0
3154   0D9C 0A                                 LD      A,(BC)              ; get alien control state A
3155   0D9D E6 F8                              AND     $F8                 ; 1111_1000
3156   0D9F B6                                 OR      (HL)                ; 1st byte of alien animation table
3157   0DA0 02                                 LD      (BC),A              ; set alien control state A
3158   0DA1 03                                 INC     BC                  ; 
3159   0DA2 03                                 INC     BC                  ; 
3160   0DA3 03                                 INC     BC                  ; alien screen coordinate Y
3161   0DA4 23                                 INC     HL                  ; 
3162   0DA5 7E                                 LD      A,(HL)              ; get 2nd byte of alien animation table
3163   0DA6 23                                 INC     HL                  ; 3rd byte of alien animation table
3164   0DA7 0F                                 RRCA                        ; divide by 2
3165   0DA8 DA BB 0D                           JP      C,L0DBB             ; if 2nd byte is: $01
3166   0DAB 0F                                 RRCA                        ; divide by 2
3167   0DAC DA CC 0D                           JP      C,L0DCC             ; if 2nd byte is: $02
3168   0DAF             ; 2nd byte of alien animation table is: $04
3169   0DAF 0A                                 LD      A,(BC)              ; get alien screen coordinate Y
3170   0DB0 0F                                 RRCA                        ; divide by 2
3171   0DB1 E6 03                              AND     $03                 ; 0000_0011
3172   0DB3 86                                 ADD     A,(HL)              ; add with 3rd byte of alien animation table
3173   0DB4 0B                                 DEC     BC                  ; alien screen coordinate X
3174   0DB5 C3 D2 0D                           JP      L0DD2               ; 
3175   0DB8             
3176   0DBB                                    .ORG $0DBB
3177   0DBB             ; 2nd byte of alien animation table is: $01
3178   0DBB             L0DBB:
3179   0DBB 0A                                 LD      A,(BC)              ; get alien screen coordinate Y
3180   0DBC 0F                                 RRCA                        ; divide by 2
3181   0DBD E6 03                              AND     $03                 ; 0000_0011
3182   0DBF 86                                 ADD     A,(HL)              ; add with 3rd byte of alien animation table
3183   0DC0 67                                 LD      H,A                 ; save
3184   0DC1 0B                                 DEC     BC                  ; 
3185   0DC2 0A                                 LD      A,(BC)              ; get alien screen coordinate X
3186   0DC3 E6 04                              AND     $04                 ; 0000_0100
3187   0DC5 84                                 ADD     A,H                 ; add with 3rd byte of alien animation table
3188   0DC6 C3 D2 0D                           JP      L0DD2               ; 
3189   0DC9             
3190   0DCC                                    .ORG $0DCC
3191   0DCC             ; 2nd byte of alien animation table is: $02
3192   0DCC             L0DCC:
3193   0DCC 0B                                 DEC     BC                  ; 
3194   0DCD 0A                                 LD      A,(BC)              ; get alien screen coordinate X
3195   0DCE 0F                                 RRCA                        ; divide by 2
3196   0DCF E6 03                              AND     $03                 ; 0000_0011
3197   0DD1 86                                 ADD     A,(HL)              ; add with 3rd byte of alien animation table
3198   0DD2             L0DD2:
3199   0DD2 6F                                 LD      L,A                 ; LSB for T1600
3200   0DD3 26 16                              LD      H,T1600 >> 8        ; MSB for T1600
3201   0DD5 7E                                 LD      A,(HL)              ; get data from T1600
3202   0DD6 0B                                 DEC     BC                  ; 
3203   0DD7 02                                 LD      (BC),A              ; set alien control state B (LSB for T14xx)
3204   0DD8 0B                                 DEC     BC                  ; alien control state A
3205   0DD9 EB                                 EX      DE,HL               ; 
3206   0DDA C9                                 RET                         ; 
3207   0DDB             
3208   0DDE                                    .ORG $0DDE
3209   0DDE             ; End of movement list reached
3210   0DDE             L0DDE:
3211   0DDE 1B                                 DEC     DE                  ; 
3212   0DDF 1B                                 DEC     DE                  ; 
3213   0DE0 3A 94 43                           LD      A,(M4394)           ; get start value list pointer for alien movement MSB
3214   0DE3 12                                 LD      (DE),A              ; save alien movement pattern table MSB
3215   0DE4 67                                 LD      H,A                 ; 
3216   0DE5 13                                 INC     DE                  ; 
3217   0DE6 3A 95 43                           LD      A,(M4395)           ; get start value list pointer for alien movement LSB
3218   0DE9 12                                 LD      (DE),A              ; save alien movement pattern table LSB
3219   0DEA 6F                                 LD      L,A                 ; 
3220   0DEB 13                                 INC     DE                  ; 
3221   0DEC 7E                                 LD      A,(HL)              ; get value from pointer table to alien movement list
3222   0DED C9                                 RET                         ; 
3223   0DEE             
3224   0DF0                                    .ORG $0DF0
3225   0DF0             ;*****************************************************************************
3226   0DF0             ;* Player bullet to alien, collission detection.
3227   0DF0             ;*****************************************************************************
3228   0DF0             L0DF0:
3229   0DF0 01 C4 43                           LD      BC,PlayerBulletState; 
3230   0DF3 21 E6 43                           LD      HL,AbovePlayerBulletMSB; MSB screen ram: One character above player bullet
3231   0DF6 CD 10 0E                           CALL    L0E10               ; 
3232   0DF9 01 C8 43                           LD      BC,AbovePlayerBulletState; 
3233   0DFC 21 EA 43                           LD      HL,M43EA            ; MSB screen ram: Left screen edge, one character above player ship
3234   0DFF C3 10 0E                           JP      L0E10               ; 
3235   0E02             
3236   0E10                                    .ORG $0E10
3237   0E10             ;
3238   0E10             L0E10:
3239   0E10 0A                                 LD      A,(BC)              ; get player bullet state
3240   0E11 E6 08                              AND     $08                 ; mask out 0000_1000
3241   0E13 C8                                 RET     Z                   ; if bit3 not set
3242   0E14 56                                 LD      D,(HL)              ; get MSB screen ram adress
3243   0E15 2C                                 INC     L                   ;
3244   0E16 5E                                 LD      E,(HL)              ; get LSB screen ram adress
3245   0E17 1A                                 LD      A,(DE)              ; get character
3246   0E18 FE C0                              CP      $C0                 ; bullets and alien ($50 - $BF)
3247   0E1A D0                                 RET     NC                  ;
3248   0E1B FE 60                              CP      $60                 ; alien ($60 - $BF)
3249   0E1D D8                                 RET     C                   ; if no character
3250   0E1E FE 68                              CP      $68                 ; alien
3251   0E20 D2 39 0E                           JP      NC,L0E39            ; 
3252   0E23 E6 07                              AND     $07                 ; mask out 0000_0111
3253   0E25 07                                 RLCA                        ; Multiply by 4 ..
3254   0E26 07                                 RLCA                        ; ..
3255   0E27 C6 40                              ADD     $40                 ;
3256   0E29 6F                                 LD      L,A                 ;
3257   0E2A 26 17                              LD      H,T1740 >> 8        ; T1740
3258   0E2C 03                                 INC     BC                  ;
3259   0E2D 03                                 INC     BC                  ;
3260   0E2E 0A                                 LD      A,(BC)              ;
3261   0E2F E6 07                              AND     $07                 ;
3262   0E31 BE                                 CP      (HL)                ;
3263   0E32 D0                                 RET     NC                  ;
3264   0E33 23                                 INC     HL                  ;
3265   0E34 BE                                 CP      (HL)                ;
3266   0E35 D8                                 RET     C                   ;
3267   0E36 C3 70 0E                           JP      L0E70               ; 
3268   0E39             
3269   0E39             ;*****************************************************************************
3270   0E39             ;* Player bullet vs FLYING alien (out of formation) collision.
3271   0E39             ;* Entry (from L0E10): BC -> player-bullet structure (state at +0),
3272   0E39             ;*                     bullet X at +2, bullet Y at +3.
3273   0E39             ;* Builds the bullet's target box, then scans all 16 alien slots ($4B70).
3274   0E39             ;*****************************************************************************
3275   0E39             L0E39:
3276   0E39 03                                 INC     BC                  
3277   0E3A 03                                 INC     BC                  
3278   0E3B 0A                                 LD      A,(BC)              
3279   0E3C 57                                 LD      D,A                 
3280   0E3D 03                                 INC     BC                  
3281   0E3E 0A                                 LD      A,(BC)              
3282   0E3F E6 F8                              AND     $F8                 
3283   0E41 5F                                 LD      E,A                 
3284   0E42 21 70 4B                           LD      HL,M4B70            ; 
3285   0E45             ;*****************************************************************************
3286   0E45             ;* Scan every alien slot; test the active ones for a hit.
3287   0E45             ;*****************************************************************************
3288   0E45             L0E45:
3289   0E45 7E                                 LD      A,(HL)              
3290   0E46 23                                 INC     HL                  
3291   0E47 23                                 INC     HL                  
3292   0E48 E6 08                              AND     $08                 
3293   0E4A C4 58 0E                           CALL    NZ,L0E58            ; 
3294   0E4D 23                                 INC     HL                  
3295   0E4E 23                                 INC     HL                  
3296   0E4F 3E B0                              LD      A,$B0               
3297   0E51 BD                                 CP      L                   
3298   0E52 C2 45 0E                           JP      NZ,L0E45            ; 
3299   0E55 C9                                 RET                         
3300   0E56             
3301   0E58                                    .ORG $0E58
3302   0E58             ;*****************************************************************************
3303   0E58             ;* Bounding-box test for one flying alien.
3304   0E58             ;* HL -> alien screen X (+2); D = bullet X, E = bullet Y (masked).
3305   0E58             ;* Box: alienX <= bulletX <= alienX+8  and  alienY-8 < bulletY <= alienY+4.
3306   0E58             ;* If the bullet falls inside that box, it's a hit and control jumps to `L0C00`
3307   0E58             ;* (with `HL` still pointing at the alien's `+2` field),
3308   0E58             ;* which reads the alien's movement pattern phase to choose the score/bonus
3309   0E58             ;* and then routes to `L0EA4` to blow it up.
3310   0E58             ;*****************************************************************************
3311   0E58             L0E58:
3312   0E58 7A                                 LD      A,D                 
3313   0E59 BE                                 CP      (HL)                
3314   0E5A D8                                 RET     C                   
3315   0E5B 7E                                 LD      A,(HL)              
3316   0E5C C6 08                              ADD     $08                 
3317   0E5E BA                                 CP      D                   
3318   0E5F D8                                 RET     C                   
3319   0E60 23                                 INC     HL                  
3320   0E61 7E                                 LD      A,(HL)              
3321   0E62 2B                                 DEC     HL                  
3322   0E63 C6 04                              ADD     $04                 
3323   0E65 BB                                 CP      E                   
3324   0E66 D8                                 RET     C                   
3325   0E67 D6 0C                              SUB     $0C                 
3326   0E69 BB                                 CP      E                   
3327   0E6A D0                                 RET     NC                  
3328   0E6B C3 00 0C                           JP      L0C00               ; 
3329   0E6E             
3330   0E70                                    .ORG $0E70
3331   0E70             ;
3332   0E70             L0E70:
3333   0E70 23                                 INC     HL                  
3334   0E71 0A                                 LD      A,(BC)              
3335   0E72 E6 F8                              AND     $F8                 
3336   0E74 86                                 ADD     A,(HL)              
3337   0E75 57                                 LD      D,A                 
3338   0E76 03                                 INC     BC                  
3339   0E77 0A                                 LD      A,(BC)              
3340   0E78 E6 F8                              AND     $F8                 
3341   0E7A 5F                                 LD      E,A                 
3342   0E7B 21 70 4B                           LD      HL,M4B70            ; 
3343   0E7E             L0E7E:
3344   0E7E 7E                                 LD      A,(HL)              
3345   0E7F 23                                 INC     HL                  
3346   0E80 23                                 INC     HL                  
3347   0E81 E6 08                              AND     $08                 
3348   0E83 C4 90 0E                           CALL    NZ,L0E90            ; 
3349   0E86 23                                 INC     HL                  
3350   0E87 23                                 INC     HL                  
3351   0E88 3E B0                              LD      A,$B0               
3352   0E8A BD                                 CP      L                   
3353   0E8B C2 7E 0E                           JP      NZ,L0E7E            ; 
3354   0E8E C9                                 RET                         
3355   0E8F             
3356   0E90                                    .ORG $0E90
3357   0E90             ;
3358   0E90             L0E90:
3359   0E90 7E                                 LD      A,(HL)              
3360   0E91 C6 02                              ADD     $02                 
3361   0E93 BA                                 CP      D                   
3362   0E94 D8                                 RET     C                   
3363   0E95 D6 05                              SUB     $05                 
3364   0E97 BA                                 CP      D                   
3365   0E98 D0                                 RET     NC                  
3366   0E99 23                                 INC     HL                  
3367   0E9A 7E                                 LD      A,(HL)              
3368   0E9B 2B                                 DEC     HL                  
3369   0E9C E6 F8                              AND     $F8                 
3370   0E9E BB                                 CP      E                   
3371   0E9F C0                                 RET     NZ                  
3372   0EA0 11 02 0C                           LD      DE,$0C02            ; E reg. set to: 'bonus explosion score 020'.
3373   0EA3 00                                 NOP                         
3374   0EA4             ;*****************************************************************************
3375   0EA4             ;* Kill with the bonus values.
3376   0EA4             ;* `L0EA4` is the common "enemy destroyed" routine:
3377   0EA4             ;* It clears the bullet's and alien's active bits, finds a free bonus explosion animation slot (`$4378`/`$4370`),
3378   0EA4             ;* and uses `D` as the animation index and `E` as the score value.
3379   0EA4             ;* (Compare the sibling entry `L0EA0: LD DE,$0C02` used for in formation kills — same mechanism, different score/anim.)
3380   0EA4             ;*****************************************************************************
3381   0EA4             L0EA4:
3382   0EA4 2B                                 DEC     HL                  
3383   0EA5 2B                                 DEC     HL                  
3384   0EA6 0B                                 DEC     BC                  
3385   0EA7 0B                                 DEC     BC                  
3386   0EA8 0B                                 DEC     BC                  
3387   0EA9 0A                                 LD      A,(BC)              
3388   0EAA E6 F7                              AND     $F7                 
3389   0EAC 02                                 LD      (BC),A              
3390   0EAD             L0EAD:
3391   0EAD 7E                                 LD      A,(HL)              
3392   0EAE E6 F7                              AND     $F7                 
3393   0EB0 77                                 LD      (HL),A              
3394   0EB1 7D                                 LD      A,L                 
3395   0EB2 C6 42                              ADD     $42                 
3396   0EB4 6F                                 LD      L,A                 
3397   0EB5 46                                 LD      B,(HL)              
3398   0EB6 23                                 INC     HL                  
3399   0EB7 4E                                 LD      C,(HL)              
3400   0EB8 21 78 43                           LD      HL,M4378            ; 
3401   0EBB 7A                                 LD      A,D                 
3402   0EBC FE 10                              CP      $10                 
3403   0EBE CA C3 0E                           JP      Z,L0EC3             ; 
3404   0EC1 2E 70                              LD      L,$70               
3405   0EC3             L0EC3:
3406   0EC3 7E                                 LD      A,(HL)              
3407   0EC4 A7                                 AND     A                   ; updates the zero flag
3408   0EC5 CA D5 0E                           JP      Z,L0ED5             ; 
3409   0EC8 2C                                 INC     L                   
3410   0EC9 2C                                 INC     L                   
3411   0ECA 2C                                 INC     L                   
3412   0ECB 2C                                 INC     L                   
3413   0ECC 7E                                 LD      A,(HL)              
3414   0ECD A7                                 AND     A                   ; updates the zero flag
3415   0ECE CA D5 0E                           JP      Z,L0ED5             ; 
3416   0ED1 2C                                 INC     L                   
3417   0ED2 2C                                 INC     L                   
3418   0ED3 2C                                 INC     L                   
3419   0ED4 2C                                 INC     L                   
3420   0ED5             L0ED5:
3421   0ED5 72                                 LD      (HL),D              
3422   0ED6 2C                                 INC     L                   
3423   0ED7 73                                 LD      (HL),E              ; set $4379 (bonus explosion score)
3424   0ED8 2C                                 INC     L                   
3425   0ED9 70                                 LD      (HL),B              
3426   0EDA 2C                                 INC     L                   
3427   0EDB 71                                 LD      (HL),C              
3428   0EDC 2E 64                              LD      L,$64               
3429   0EDE 36 FF                              LD      (HL),$FF            
3430   0EE0 2E BA                              LD      L,$BA               
3431   0EE2 35                                 DEC     (HL)                ; decrement AliensLeft
3432   0EE3 E1                                 POP     HL                  
3433   0EE4 E1                                 POP     HL                  
3434   0EE5 E9                                 JP      (HL)                
3435   0EE6             
3436   0F00                                    .ORG $0F00
3437   0F00             ;*****************************************************************************
3438   0F00             ;* 'Alien with player' collision check.
3439   0F00             ;* MAME cheat code "Invisibility for aliens": Set $0F00 to $C9 (RET)
3440   0F00             ;* Uses a 2x2 box normally; a 4x4 box when the shield/explosion state is high.
3441   0F00             ;* This is the counterpart to the bullet vs alien check:
3442   0F00             ;* It asks "has a diving alien run into the player's ship?".
3443   0F00             ;* - Box size depends on the shield (`ShieldCount`, `$43A6`).
3444   0F00             ;*   If it's below `$C0`, `L0F00` uses a 2×2 collision box around the ship.
3445   0F00             ;*   If it's `$C0` or higher (shield up / ship showing explosion tiles),
3446   0F00             ;*   it branches to `L0F74`, which uses a larger 4×4 box and a wider vertical band.
3447   0F00             ;* - `L0F56` is the fast screen test.
3448   0F00             ;*   Given the ship's screen address and a `cols × rows` size,
3449   0F00             ;*   It reads each character cell the ship occupies.
3450   0F00             ;*   If any cell holds an alien glyph (`$60`–`$BF`) it immediately jumps to `L0CF4`
3451   0F00             ;*   to handle the player being hit.
3452   0F00             ;*   If it walks the whole box with no alien, it returns with `Z` set ("no collision").
3453   0F00             ;* - `L0F38` / `L0FA6` identify and kill the offending alien.
3454   0F00             ;*   After a collision is detected, the caller derives the ship's horizontal bounds (`B`,`C`)
3455   0F00             ;*   and scans all 16 alien slots at `$4B70`. For each active alien
3456   0F00             ;*   it checks that the alien's Y is in the player's bottom band
3457   0F00             ;*   (small box `($D2,$E7)`, big box `($CA,$EF)`) and its X overlaps the ship (`B ≤ X < C`).
3458   0F00             ;*   On a match it loads the animation/score values into `DE` (`$0D04` small, `$0D02` big),
3459   0F00             ;*   rewinds `HL` to the alien's control byte, and jumps to `L0EAD`
3460   0F00             ;*   (the shared "enemy destroyed" tail, same one used by the bullet kill path) to blow the alien up.
3461   0F00             ;*****************************************************************************
3462   0F00             L0F00:
3463   0F00 21 A6 43                           LD      HL,ShieldCount      ; 
3464   0F03 7E                                 LD      A,(HL)              ;
3465   0F04 FE C0                              CP      $C0                 ;
3466   0F06 D2 74 0F                           JP      NC,L0F74            ; 
3467   0F09 2E E2                              LD      L,$E2               ;
3468   0F0B 56                                 LD      D,(HL)              ; get $43E2 PlayerShipMSB
3469   0F0C 2C                                 INC     L                   ;
3470   0F0D 5E                                 LD      E,(HL)              ; get $43E3 PlayerShipLSB
3471   0F0E 01 02 02                           LD      BC,$0202            
3472   0F11 CD 56 0F                           CALL    L0F56               ; 'alien with player' collision check
3473   0F14 C8                                 RET     Z                   ; if no collision
3474   0F15 00                                 NOP                         
3475   0F16 00                                 NOP                         
3476   0F17 21 9E 43                           LD      HL,M439E            ; Mapped player ship position, left part: ($09 to $C0)
3477   0F1A 7E                                 LD      A,(HL)              
3478   0F1B D6 06                              SUB     $06                 
3479   0F1D 47                                 LD      B,A                 
3480   0F1E 2C                                 INC     L                   
3481   0F1F 4E                                 LD      C,(HL)              
3482   0F20 21 70 4B                           LD      HL,M4B70            ; 
3483   0F23             L0F23:
3484   0F23 7E                                 LD      A,(HL)              
3485   0F24 2C                                 INC     L                   
3486   0F25 2C                                 INC     L                   
3487   0F26 E6 08                              AND     $08                 
3488   0F28 C4 38 0F                           CALL    NZ,L0F38            ; 
3489   0F2B 2C                                 INC     L                   
3490   0F2C 2C                                 INC     L                   
3491   0F2D 3E B0                              LD      A,$B0               
3492   0F2F BD                                 CP      L                   
3493   0F30 C2 23 0F                           JP      NZ,L0F23            ; 
3494   0F33 C9                                 RET                         
3495   0F34             
3496   0F38                                    .ORG $0F38
3497   0F38             ;*****************************************************************************
3498   0F38             ;* Find the specific colliding alien (small box). HL -> alien screen X (+2).
3499   0F38             ;* B/C = ship X bounds. Alien Y must be in the bottom band ($D2,$E7).
3500   0F38             ;*****************************************************************************
3501   0F38             L0F38:
3502   0F38 2C                                 INC     L                   
3503   0F39 7E                                 LD      A,(HL)              
3504   0F3A 2D                                 DEC     L                   
3505   0F3B FE D2                              CP      $D2                 
3506   0F3D D8                                 RET     C                   
3507   0F3E FE E7                              CP      $E7                 
3508   0F40 D0                                 RET     NC                  
3509   0F41 7E                                 LD      A,(HL)              
3510   0F42 B9                                 CP      C                   
3511   0F43 D0                                 RET     NC                  
3512   0F44 B8                                 CP      B                   
3513   0F45 D8                                 RET     C                   
3514   0F46 CD C4 0C                           CALL    L0CC4               ; 
3515   0F49 11 04 0D                           LD      DE,$0D04            
3516   0F4C 2B                                 DEC     HL                  
3517   0F4D 2B                                 DEC     HL                  
3518   0F4E C3 AD 0E                           JP      L0EAD               ; 
3519   0F51             
3520   0F56                                    .ORG $0F56
3521   0F56             ;*****************************************************************************
3522   0F56             ;* 'Alien with player' collision check.
3523   0F56             ;* All parts of the player ship object are checked for a collision with aliens.
3524   0F56             ;*****************************************************************************
3525   0F56             L0F56:
3526   0F56 C5                                 PUSH    BC                  ;
3527   0F57 D5                                 PUSH    DE                  ;
3528   0F58             L0F58:
3529   0F58 1A                                 LD      A,(DE)              ; get upper left character of player ship
3530   0F59 FE 60                              CP      $60                 ; alien characters ($60 to $BF)
3531   0F5B DA 63 0F                           JP      C,L0F63             ; if no collision on left side
3532   0F5E FE C0                              CP      $C0                 ;
3533   0F60 DA F4 0C                           JP      C,L0CF4             ; if collision on left or right side
3534   0F63             L0F63:
3535   0F63 13                                 INC     DE                  ; get upper right character of player ship
3536   0F64 05                                 DEC     B                   ;
3537   0F65 C2 58 0F                           JP      NZ,L0F58            ; 
3538   0F68 D1                                 POP     DE                  ;
3539   0F69 C1                                 POP     BC                  ;
3540   0F6A CD 17 02                           CALL    RightOneColumn      ; for lower part of player ship
3541   0F6D 0D                                 DEC     C                   ;
3542   0F6E C2 56 0F                           JP      NZ,L0F56            ; 
3543   0F71 C9                                 RET                         ;
3544   0F72             
3545   0F74                                    .ORG $0F74
3546   0F74             ;*****************************************************************************
3547   0F74             ;* Big-box variant: used when ShieldCount >= $C0 (4x4 box, wider Y band).
3548   0F74             ;*****************************************************************************
3549   0F74             L0F74:
3550   0F74 2E E2                              LD      L,$E2               
3551   0F76 56                                 LD      D,(HL)              
3552   0F77 2C                                 INC     L                   
3553   0F78 5E                                 LD      E,(HL)              
3554   0F79 CD 17 02                           CALL    RightOneColumn      ; 
3555   0F7C 1B                                 DEC     DE                  
3556   0F7D 01 04 04                           LD      BC,$0404            
3557   0F80 CD 56 0F                           CALL    L0F56               ; 
3558   0F83 C8                                 RET     Z                   
3559   0F84 00                                 NOP                         
3560   0F85 00                                 NOP                         
3561   0F86 3A C2 43                           LD      A,(PlayerShipX)     ; 
3562   0F89 D6 0E                              SUB     $0E                 
3563   0F8B 47                                 LD      B,A                 
3564   0F8C C6 2D                              ADD     $2D                 
3565   0F8E 4F                                 LD      C,A                 
3566   0F8F 21 70 4B                           LD      HL,M4B70            ; 
3567   0F92             L0F92:
3568   0F92 7E                                 LD      A,(HL)              
3569   0F93 2C                                 INC     L                   
3570   0F94 2C                                 INC     L                   
3571   0F95 E6 08                              AND     $08                 
3572   0F97 C4 A6 0F                           CALL    NZ,L0FA6            ; 
3573   0F9A 2C                                 INC     L                   
3574   0F9B 2C                                 INC     L                   
3575   0F9C 3E B0                              LD      A,$B0               
3576   0F9E BD                                 CP      L                   
3577   0F9F C2 92 0F                           JP      NZ,L0F92            ; 
3578   0FA2 C9                                 RET                         
3579   0FA3             
3580   0FA6                                    .ORG $0FA6
3581   0FA6             ;*****************************************************************************
3582   0FA6             ;* Find the specific colliding alien (big box). Y band ($CA,$EF).
3583   0FA6             ;*****************************************************************************
3584   0FA6             L0FA6:
3585   0FA6 2C                                 INC     L                   
3586   0FA7 7E                                 LD      A,(HL)              
3587   0FA8 2D                                 DEC     L                   
3588   0FA9 FE CA                              CP      $CA                 
3589   0FAB D8                                 RET     C                   
3590   0FAC FE EF                              CP      $EF                 
3591   0FAE D0                                 RET     NC                  
3592   0FAF 7E                                 LD      A,(HL)              
3593   0FB0 B9                                 CP      C                   
3594   0FB1 D0                                 RET     NC                  
3595   0FB2 B8                                 CP      B                   
3596   0FB3 D8                                 RET     C                   
3597   0FB4 11 02 0D                           LD      DE,$0D02            
3598   0FB7 2B                                 DEC     HL                  
3599   0FB8 2B                                 DEC     HL                  
3600   0FB9 C3 AD 0E                           JP      L0EAD               ; 
3601   0FBC             
3602   0FC0                                    .ORG $0FC0
3603   0FC0             ;*****************************************************************************
3604   0FC0             ;* Handle animations for killed aliens.
3605   0FC0             ;* Services 4 explosion slots (4-byte records at $4370/$4374/$4378/$437C):
3606   0FC0             ;*   +0 = animation counter (0 = slot free)
3607   0FC0             ;*   +1 = unused
3608   0FC0             ;*   +2 = screen-RAM MSB
3609   0FC0             ;*   +3 = screen-RAM LSB
3610   0FC0             ;* Slots 0/1 are ordinary alien explosions (L0FD8); slots 2/3 use L3758
3611   0FC0             ;* (the bonus-explosion animator).
3612   0FC0             ;*****************************************************************************
3613   0FC0             L0FC0:
3614   0FC0 21 70 43                           LD      HL,M4370            ; explosion slot 0
3615   0FC3 CD D8 0F                           CALL    L0FD8               ; advance alien explosion
3616   0FC6 21 74 43                           LD      HL,M4374            ; explosion slot 1
3617   0FC9 CD D8 0F                           CALL    L0FD8               ; advance alien explosion
3618   0FCC 21 78 43                           LD      HL,M4378            ; slot 2 (bonus explosion counter)
3619   0FCF CD 58 37                           CALL    L3758               ; advance bonus explosion
3620   0FD2 21 7C 43                           LD      HL,M437C            ; slot 3 (bonus explosion)
3621   0FD5 C3 58 37                           JP      L3758               ; advance bonus explosion (tail-call)
3622   0FD8             ;*****************************************************************************
3623   0FD8             ;* Advance and draw one alien-explosion slot.
3624   0FD8             ;* HL -> slot record (+0 = counter). Returns immediately if the slot is idle.
3625   0FD8             ;*****************************************************************************
3626   0FD8             L0FD8:
3627   0FD8 7E                                 LD      A,(HL)              
3628   0FD9 A7                                 AND     A                   ; updates the zero flag
3629   0FDA C8                                 RET     Z                   
3630   0FDB 46                                 LD      B,(HL)              
3631   0FDC 35                                 DEC     (HL)                
3632   0FDD 2C                                 INC     L                   
3633   0FDE 2C                                 INC     L                   
3634   0FDF 56                                 LD      D,(HL)              
3635   0FE0 2C                                 INC     L                   
3636   0FE1 5E                                 LD      E,(HL)              
3637   0FE2 00                                 NOP                         
3638   0FE3 CD 10 02                           CALL    LeftOneColumn       ; 
3639   0FE6 78                                 LD      A,B                 
3640   0FE7 E6 0E                              AND     $0E                 
3641   0FE9 0F                                 RRCA                        
3642   0FEA C6 B0                              ADD     $B0                 
3643   0FEC 6F                                 LD      L,A                 
3644   0FED 26 17                              LD      H,$17               
3645   0FEF 6E                                 LD      L,(HL)              
3646   0FF0 EB                                 EX      DE,HL               
3647   0FF1 01 DF FF                           LD      BC,$FFDF            ; Screen offset constant -33 right one column (-1), up one row (-32)
3648   0FF4 C3 40 35                           JP      Draw3x2             ; 
3649   0FF7             
3650   0FF7             ;*****************************************************************************
3651   0FF7             ; ic47
3652   0FF7             ;*****************************************************************************
3653   1000                                    .ORG $1000
3654   1000             ; Pointer table to alien movement list (T1700):
3655   1000             ; Value * 2 ==> LSB of T1700
3656   1000             ; This is the default movement pattern for the alien formation:
3657   1000             ; Right, right, right, right, left, left, left, left,
3658   1000             ; left, left, left, left, right, right, right, right,
3659   1000             ; end mark. Used at phase 0, 1, 2 and 3.
3660   1000             T1000:
3661   1000 01 01 01 01                        .DB $01, $01, $01, $01, $02, $02, $02, $02
3661   1004 02 02 02 02 
3662   1008 02 02 02 02                        .DB $02, $02, $02, $02, $01, $01, $01, $01
3662   100C 01 01 01 01 
3663   1010 00                                 .DB $00
3664   1011 FF FF FF FF                        .DB $FF, $FF, $FF, $FF, $FF, $FF, $FF, $FF
3664   1015 FF FF FF FF 
3665   1019 FF FF FF FF                        .DB $FF, $FF, $FF, $FF, $FF, $FF, $FF
3665   101D FF FF FF 
3666   1020             ; Closed loop pattern table part 1:
3667   1020             ; Used for single or multiple aliens, depending on the game round.
3668   1020             ; Pattern 1
3669   1020             T1020:
3670   1020 10 11 12 13                        .DB $10, $11, $12, $13, $10, $1D, $0D, $0E
3670   1024 10 1D 0D 0E 
3671   1028 0B 0C 0D 0E                        .DB $0B, $0C, $0D, $0E, $0B, $0C, $06, $06
3671   102C 0B 0C 06 06 
3672   1030 1E 03 1F 05                        .DB $1E, $03, $1F, $05, $1C, $04, $1D, $06
3672   1034 1C 04 1D 06 
3673   1038 1E 03 03 03                        .DB $1E, $03, $03, $03, $03, $03, $1F, $1C
3673   103C 03 03 1F 1C 
3674   1040 1D 1E 03 03                        .DB $1D, $1E, $03, $03, $03, $03, $03, $1F
3674   1044 03 03 03 1F 
3675   1048 05 1C 04 1D                        .DB $05, $1C, $04, $1D, $06, $1E, $03, $1F
3675   104C 06 1E 03 1F 
3676   1050 05 05 05 05                        .DB $05, $05, $05, $05, $05, $05, $05, $05
3676   1054 05 05 05 05 
3677   1058 05 05 1C 04                        .DB $05, $05, $1C, $04, $04, $11, $12, $13
3677   105C 04 11 12 13 
3678   1060 00 FF FF FF                        .DB $00, $FF, $FF, $FF
3679   1064             ; Pattern 2
3680   1064             T1064:
3681   1064 0B 1E 19 06                        .DB $0B, $1E, $19, $06, $06, $06, $06, $06
3681   1068 06 06 06 06 
3682   106C 06 1E 1F 1C                        .DB $06, $1E, $1F, $1C, $1D, $06, $06, $06
3682   1070 1D 06 06 06 
3683   1074 06 06 1E 03                        .DB $06, $06, $1E, $03, $1F, $05, $1C, $04
3683   1078 1F 05 1C 04 
3684   107C 1D 06 06 1A                        .DB $1D, $06, $06, $1A, $04, $1B, $05, $18
3684   1080 04 1B 05 18 
3685   1084 19 06 1A 04                        .DB $19, $06, $1A, $04, $1B, $05, $05, $1C
3685   1088 1B 05 05 1C 
3686   108C 04 1D 06 1E                        .DB $04, $1D, $06, $1E, $03, $1F, $05, $05
3686   1090 03 1F 05 05 
3687   1094 05 05 05 1C                        .DB $05, $05, $05, $1C, $1D, $1E, $1F, $05
3687   1098 1D 1E 1F 05 
3688   109C 05 05 05 05                        .DB $05, $05, $05, $05, $05, $05, $18, $1F
3688   10A0 05 05 18 1F 
3689   10A4 00 FF FF FF                        .DB $00, $FF, $FF, $FF
3690   10A8             ; Pattern 3 (phase 3)
3691   10A8             T10A8:
3692   10A8 10 04 04 1D                        .DB $10, $04, $04, $1D, $0D, $0E, $0B, $0C
3692   10AC 0D 0E 0B 0C 
3693   10B0 0D 0E 01 01                        .DB $0D, $0E, $01, $01, $01, $01, $01, $01
3693   10B4 01 01 01 01 
3694   10B8 01 01 05 05                        .DB $01, $01, $05, $05, $05, $05, $05, $1C
3694   10BC 05 05 05 1C 
3695   10C0 04 04 1D 06                        .DB $04, $04, $1D, $06, $06, $1E, $03, $03
3695   10C4 06 1E 03 03 
3696   10C8 1F 05 05 05                        .DB $1F, $05, $05, $05, $1C, $11, $12, $13
3696   10CC 1C 11 12 13 
3697   10D0 00 FF FF FF                        .DB $00, $FF, $FF, $FF
3698   10D4             ; Pattern 4
3699   10D4             T10D4:
3700   10D4 0B 0C 0D 0E                        .DB $0B, $0C, $0D, $0E, $0B, $0C, $0D, $0E
3700   10D8 0B 0C 0D 0E 
3701   10DC 0B 0C 1A 1B                        .DB $0B, $0C, $1A, $1B, $05, $18, $19, $06
3701   10E0 05 18 19 06 
3702   10E4 0D 0E 01 01                        .DB $0D, $0E, $01, $01, $01, $01, $01, $01
3702   10E8 01 01 01 01 
3703   10EC 01 01 05 05                        .DB $01, $01, $05, $05, $1C, $1B, $05, $05
3703   10F0 1C 1B 05 05 
3704   10F4 1C 04 1B 05                        .DB $1C, $04, $1B, $05, $05, $1C, $04, $1B
3704   10F8 05 1C 04 1B 
3705   10FC 00 FF FF FF                        .DB $00, $FF, $FF, $FF
3706   1100             ; Pattern 5
3707   1100             T1100:
3708   1100 0B 0C 0D 0E                        .DB $0B, $0C, $0D, $0E, $0B, $0C, $09, $09
3708   1104 0B 0C 09 09 
3709   1108 09 09 0A 0A                        .DB $09, $09, $0A, $0A, $09, $09, $0A, $09
3709   110C 09 09 0A 09 
3710   1110 16 17 14 07                        .DB $16, $17, $14, $07, $07, $07, $1C, $04
3710   1114 07 07 1C 04 
3711   1118 1D 06 1E 03                        .DB $1D, $06, $1E, $03, $1F, $05, $1C, $08
3711   111C 1F 05 1C 08 
3712   1120 08 08 08 08                        .DB $08, $08, $08, $08, $08, $08, $08, $05
3712   1124 08 08 08 05 
3713   1128 05 05 05 00                        .DB $05, $05, $05, $00, $FF, $FF, $FF, $FF
3713   112C FF FF FF FF 
3714   1130             ; Pattern 6
3715   1130             T1130:
3716   1130 0B 0C 0D 0E                        .DB $0B, $0C, $0D, $0E, $0B, $0C, $0A, $0A
3716   1134 0B 0C 0A 0A 
3717   1138 0A 0A 09 09                        .DB $0A, $0A, $09, $09, $0A, $0A, $09, $0A
3717   113C 0A 0A 09 0A 
3718   1140 12 13 10 08                        .DB $12, $13, $10, $08, $08, $08, $18, $07
3718   1144 08 08 18 07 
3719   1148 07 07 07 05                        .DB $07, $07, $07, $05, $1C, $04, $1D, $06
3719   114C 1C 04 1D 06 
3720   1150 1E 03 1F 07                        .DB $1E, $03, $1F, $07, $07, $07, $07, $05
3720   1154 07 07 07 05 
3721   1158 05 05 05 00                        .DB $05, $05, $05, $00, $FF, $FF, $FF, $FF
3721   115C FF FF FF FF 
3722   1160             ; Pattern 7
3723   1160             T1160:
3724   1160 1C 04 04 04                        .DB $1C, $04, $04, $04, $1D, $06, $0D, $0E
3724   1164 1D 06 0D 0E 
3725   1168 0B 0C 06 06                        .DB $0B, $0C, $06, $06, $1E, $15, $16, $17
3725   116C 1E 15 16 17 
3726   1170 14 19 06 1A                        .DB $14, $19, $06, $1A, $04, $1D, $06, $1E
3726   1174 04 1D 06 1E 
3727   1178 03 19 06 1A                        .DB $03, $19, $06, $1A, $04, $1D, $1E, $03
3727   117C 04 1D 1E 03 
3728   1180 1F 1C 04 1B                        .DB $1F, $1C, $04, $1B, $05, $18, $03, $1F
3728   1184 05 18 03 1F 
3729   1188 05 1C 04 1B                        .DB $05, $1C, $04, $1B, $05, $18, $03, $15
3729   118C 05 18 03 15 
3730   1190 16 17 14 1F                        .DB $16, $17, $14, $1F, $05, $05, $05, $05
3730   1194 05 05 05 05 
3731   1198 05 05 05 1C                        .DB $05, $05, $05, $1C, $04, $1D, $1A, $1B
3731   119C 04 1D 1A 1B 
3732   11A0 00 FF FF FF                        .DB $00, $FF, $FF, $FF
3733   11A4             ; Pattern 8
3734   11A4             T11A4:
3735   11A4 0B 0C 0D 0E                        .DB $0B, $0C, $0D, $0E, $0B, $0C, $0D, $0E
3735   11A8 0B 0C 0D 0E 
3736   11AC 0B 0C 0D 0E                        .DB $0B, $0C, $0D, $0E, $02, $02, $02, $02
3736   11B0 02 02 02 02 
3737   11B4 02 02 02 02                        .DB $02, $02, $02, $02, $05, $05, $18, $03
3737   11B8 05 05 18 03 
3738   11BC 19 1A 04 1B                        .DB $19, $1A, $04, $1B, $05, $18, $03, $1F
3738   11C0 05 18 03 1F 
3739   11C4 05 18 03 1F                        .DB $05, $18, $03, $1F, $05, $05, $18, $1F
3739   11C8 05 05 18 1F 
3740   11CC 00 FF FF FF                        .DB $00, $FF, $FF, $FF
3741   11D0             ; Pattern 9
3742   11D0             T11D0:
3743   11D0 0B 0C 0D 0E                        .DB $0B, $0C, $0D, $0E, $0B, $0C, $06, $06
3743   11D4 0B 0C 06 06 
3744   11D8 09 09 09 0A                        .DB $09, $09, $09, $0A, $09, $09, $0A, $09
3744   11DC 09 09 0A 09 
3745   11E0 09 09 06 1A                        .DB $09, $09, $06, $1A, $04, $11, $12, $13
3745   11E4 04 11 12 13 
3746   11E8 10 08 08 08                        .DB $10, $08, $08, $08, $07, $07, $07, $08
3746   11EC 07 07 07 08 
3747   11F0 08 08 05 05                        .DB $08, $08, $05, $05, $05, $05, $05, $05
3747   11F4 05 05 05 05 
3748   11F8 05 05 05 05                        .DB $05, $05, $05, $05, $05, $00, $FF, $FF
3748   11FC 05 00 FF FF 
3749   1200             ; Pattern 10
3750   1200             T1200:
3751   1200 1C 11 12 13                        .DB $1C, $11, $12, $13, $10, $04, $1D, $0D
3751   1204 10 04 1D 0D 
3752   1208 0E 0B 0C 0D                        .DB $0E, $0B, $0C, $0D, $0E, $0B, $0C, $1E
3752   120C 0E 0B 0C 1E 
3753   1210 1F 05 18 19                        .DB $1F, $05, $18, $19, $0D, $0E, $0B, $0C
3753   1214 0D 0E 0B 0C 
3754   1218 1E 1F 05 05                        .DB $1E, $1F, $05, $05, $05, $05, $05, $18
3754   121C 05 05 05 18 
3755   1220 19 0D 0E 0B                        .DB $19, $0D, $0E, $0B, $0C, $06, $1E, $1F
3755   1224 0C 06 1E 1F 
3756   1228 05 05 05 05                        .DB $05, $05, $05, $05, $18, $19, $06, $1E
3756   122C 18 19 06 1E 
3757   1230 1F 05 05 05                        .DB $1F, $05, $05, $05, $05, $05, $05, $05
3757   1234 05 05 05 05 
3758   1238 05 1C 04 04                        .DB $05, $1C, $04, $04, $1D, $1A, $04, $1B
3758   123C 1D 1A 04 1B 
3759   1240 00 FF FF FF                        .DB $00, $FF, $FF, $FF
3760   1244             ; Pattern 11
3761   1244             T1244:
3762   1244 18 03 03 19                        .DB $18, $03, $03, $19, $06, $06, $06, $06
3762   1248 06 06 06 06 
3763   124C 06 06 06 06                        .DB $06, $06, $06, $06, $06, $06, $06, $06
3763   1250 06 06 06 06 
3764   1254 1A 04 1B 05                        .DB $1A, $04, $1B, $05, $1C, $04, $1D, $06
3764   1258 1C 04 1D 06 
3765   125C 1E 03 03 19                        .DB $1E, $03, $03, $19, $06, $1A, $04, $04
3765   1260 06 1A 04 04 
3766   1264 04 1B 05 18                        .DB $04, $1B, $05, $18, $03, $03, $1F, $05
3766   1268 03 03 1F 05 
3767   126C 1C 04 1D 06                        .DB $1C, $04, $1D, $06, $1A, $04, $1B, $05
3767   1270 1A 04 1B 05 
3768   1274 05 05 05 05                        .DB $05, $05, $05, $05, $05, $05, $05, $05
3768   1278 05 05 05 05 
3769   127C 05 05 05 18                        .DB $05, $05, $05, $18, $03, $19, $1E, $1F
3769   1280 03 19 1E 1F 
3770   1284 00 FF FF FF                        .DB $00, $FF, $FF, $FF
3771   1288             ; Pattern 12
3772   1288             T1288:
3773   1288 0B 0C 1A 1D                        .DB $0B, $0C, $1A, $1D, $1E, $03, $19, $06
3773   128C 1E 03 19 06 
3774   1290 1A 04 04 1D                        .DB $1A, $04, $04, $1D, $06, $1E, $03, $03
3774   1294 06 1E 03 03 
3775   1298 03 19 06 06                        .DB $03, $19, $06, $06, $1A, $04, $04, $04
3775   129C 1A 04 04 04 
3776   12A0 04 1D 06 06                        .DB $04, $1D, $06, $06, $1E, $03, $03, $03
3776   12A4 1E 03 03 03 
3777   12A8 03 03 03 1F                        .DB $03, $03, $03, $1F, $05, $05, $1C, $04
3777   12AC 05 05 1C 04 
3778   12B0 04 04 04 1B                        .DB $04, $04, $04, $1B, $05, $05, $18, $03
3778   12B4 05 05 18 03 
3779   12B8 03 03 1F 05                        .DB $03, $03, $1F, $05, $1C, $04, $04, $1B
3779   12BC 1C 04 04 1B 
3780   12C0 05 18 03 1F                        .DB $05, $18, $03, $1F, $1C, $1B, $05, $05
3780   12C4 1C 1B 05 05 
3781   12C8 00 FF                              .DB $00, $FF,
3782   12CA             ; Pattern 13
3783   12CA             T12CA:
3784   12CA 18 03 19 06                        .DB $18, $03, $19, $06, $06, $06, $06, $06
3784   12CE 06 06 06 06 
3785   12D2 06 1A 1D 1E                        .DB $06, $1A, $1D, $1E, $19, $1A, $1D, $06
3785   12D6 19 1A 1D 06 
3786   12DA 1E 19 06 1E                        .DB $1E, $19, $06, $1E, $15, $16, $17, $14
3786   12DE 15 16 17 14 
3787   12E2 07 07 07 08                        .DB $07, $07, $07, $08, $08, $08, $08, $05
3787   12E6 08 08 08 05 
3788   12EA 05 18 03 03                        .DB $05, $18, $03, $03, $19, $06, $06, $1A
3788   12EE 19 06 06 1A 
3789   12F2 04 04 1B 08                        .DB $04, $04, $1B, $08, $08, $08, $08, $05
3789   12F6 08 08 08 05 
3790   12FA 05 05 05 18                        .DB $05, $05, $05, $18, $1F, $00
3790   12FE 1F 00 
3791   1300             ; Pattern 14
3792   1300             T1300:
3793   1300 0B 0C 0A 0A                        .DB $0B, $0C, $0A, $0A, $09, $09, $09, $0A
3793   1304 09 09 09 0A 
3794   1308 0A 09 09 09                        .DB $0A, $09, $09, $09, $0A, $09, $09, $16
3794   130C 0A 09 09 16 
3795   1310 17 14 07 07                        .DB $17, $14, $07, $07, $07, $08, $08, $08
3795   1314 07 08 08 08 
3796   1318 08 07 07 08                        .DB $08, $07, $07, $08, $08, $08, $08, $07
3796   131C 08 08 08 07 
3797   1320 08 11 12 13                        .DB $08, $11, $12, $13, $00, $FF, $FF, $FF
3797   1324 00 FF FF FF 
3798   1328             ; Pattern 15
3799   1328             T1328:
3800   1328 0B 0C 09 09                        .DB $0B, $0C, $09, $09, $0A, $09, $09, $0A
3800   132C 0A 09 09 0A 
3801   1330 0A 0A 0A 09                        .DB $0A, $0A, $0A, $09, $0A, $0A, $0A, $12
3801   1334 0A 0A 0A 12 
3802   1338 13 10 04 04                        .DB $13, $10, $04, $04, $04, $1B, $18, $03
3802   133C 04 1B 18 03 
3803   1340 03 07 07 08                        .DB $03, $07, $07, $08, $08, $07, $07, $08
3803   1344 08 07 07 08 
3804   1348 08 07 07 07                        .DB $08, $07, $07, $07, $07, $07, $00, $FF
3804   134C 07 07 00 FF 
3805   1350 FF FF FF FF                        .DB $FF, $FF, $FF, $FF
3806   1354             ; Pattern 16
3807   1354             T1354:
3808   1354 1C 11 12 13                        .DB $1C, $11, $12, $13, $10, $1D, $0D, $0E
3808   1358 10 1D 0D 0E 
3809   135C 0B 0C 09 0A                        .DB $0B, $0C, $09, $0A, $09, $09, $0A, $09
3809   1360 09 09 0A 09 
3810   1364 09 09 06 1A                        .DB $09, $09, $06, $1A, $04, $1B, $05, $18
3810   1368 04 1B 05 18 
3811   136C 03 19 09 09                        .DB $03, $19, $09, $09, $0D, $0E, $0B, $0C
3811   1370 0D 0E 0B 0C 
3812   1374 0D 0E 02 02                        .DB $0D, $0E, $02, $02, $02, $02, $02, $02
3812   1378 02 02 02 02 
3813   137C 02 02 02 02                        .DB $02, $02, $02, $02, $02, $02, $08, $07
3813   1380 02 02 08 07 
3814   1384 07 08 07 07                        .DB $07, $08, $07, $07, $08, $08, $07, $07
3814   1388 08 08 07 07 
3815   138C 07 07 07 05                        .DB $07, $07, $07, $05, $05, $05, $05, $05
3815   1390 05 05 05 05 
3816   1394 05 1C 11 12                        .DB $05, $1C, $11, $12, $13, $00, $FF, $FF
3816   1398 13 00 FF FF 
3817   139C             ; Pattern 17
3818   139C             T139C:
3819   139C 0B 0C 0D 0E                        .DB $0B, $0C, $0D, $0E, $0B, $0C, $0D, $0E
3819   13A0 0B 0C 0D 0E 
3820   13A4 0B 0C 1A 1D                        .DB $0B, $0C, $1A, $1D, $06, $1E, $19, $06
3820   13A8 06 1E 19 06 
3821   13AC 06 1A 04 1B                        .DB $06, $1A, $04, $1B, $1C, $04, $1D, $1A
3821   13B0 1C 04 1D 1A 
3822   13B4 04 1B 1C 04                        .DB $04, $1B, $1C, $04, $1D, $1A, $04, $1B
3822   13B8 1D 1A 04 1B 
3823   13BC 05 18 07 07                        .DB $05, $18, $07, $07, $07, $08, $08, $07
3823   13C0 07 08 08 07 
3824   13C4 07 07 07 08                        .DB $07, $07, $07, $08, $08, $07, $07, $07
3824   13C8 08 07 07 07 
3825   13CC 07 00 FF FF                        .DB $07, $00, $FF, $FF
3826   13D0             ; Pattern 18
3827   13D0             T13D0:
3828   13D0 14 03 19 0D                        .DB $14, $03, $19, $0D, $0E, $0B, $0C, $0A
3828   13D4 0E 0B 0C 0A 
3829   13D8 0A 0A 09 0A                        .DB $0A, $0A, $09, $0A, $0A, $0A, $09, $0A
3829   13DC 0A 0A 09 0A 
3830   13E0 0A 0A 06 1E                        .DB $0A, $0A, $06, $1E, $15, $16, $17, $14
3830   13E4 15 16 17 14 
3831   13E8 03 1F 05 05                        .DB $03, $1F, $05, $05, $08, $07, $07, $07
3831   13EC 08 07 07 07 
3832   13F0 08 07 07 07                        .DB $08, $07, $07, $07, $08, $08, $05, $05
3832   13F4 08 08 05 05 
3833   13F8 05 05 05 00                        .DB $05, $05, $05, $00, $FF, $FF, $FF, $FF
3833   13FC FF FF FF FF 
3834   1400             
3835   1400             ; Player ship character block shapes table
3836   1400             ; used for fine bit shifting of the player
3837   1400             T1400:
3838   1400 30 40 31 41                        .DB $30, $40, $31, $41     ;frame#1
3839   1404             T1404:
3840   1404 32 42 33 43                        .DB $32, $42, $33, $43     ;frame#2
3841   1408             T1408:
3842   1408 34 44 35 45                        .DB $34, $44, $35, $45     ;frame#3
3843   140C             T140C:
3844   140C 36 46 37 47                        .DB $36, $46, $37, $47     ;frame#4
3845   1410             T1410:
3846   1410 38 48 39 49                        .DB $38, $48, $39, $49     ;frame#5
3847   1414             T1414:
3848   1414 3A 4A 3B 4B                        .DB $3A, $4A, $3B, $4B     ;frame#6
3849   1418             T1418:
3850   1418 3C 4C 3D 4D                        .DB $3C, $4C, $3D, $4D     ;frame#7
3851   141C             T141C:
3852   141C 3E 4E 3F 4F                        .DB $3E, $4E, $3F, $4F     ;frame#8
3853   1420             
3854   1420             ; Alien tile-strip catalog table:
3855   1420             ; A packed list of shape strips.
3856   1420             ; Raw foreground character codes that make up each alien (and related) shape.
3857   1420             ; It is not indexed by shape number directly — drawing uses an LSB into page `$14`, usually produced by `T1600`.
3858   1420             ; Indexing chain:
3859   1420             ; movement opcode
3860   1420             ;    -> T16A0 (draw size + how to use X/Y + base into T1600)
3861   1420             ;        -> T1600[+subindex]  = LSB
3862   1420             ;            -> alien control state B
3863   1420             ;                -> HL = $14 | LSB
3864   1420             ;                    -> T1420 tile bytes drawn to screen
3865   1420             ; Duplicates track the 4-phase X/Y fine-scroll index — two phases,
3866   1420             ; same picture -> same tile pair stored (or same pointer repeated) twice.
3867   1420             T1420:
3868   1420 60 61                              .DB $60, $61           ;alien shape #1
3869   1422             T1422:
3870   1422 62 63                              .DB $62, $63           ;#2
3871   1424             T1424:
3872   1424 64 65                              .DB $64, $65           ;#3
3873   1426             T1426:
3874   1426 66 67                              .DB $66, $67           ;#4
3875   1428             T1428:
3876   1428 69 00                              .DB $69, $00           ;#6
3877   142A             T142A:
3878   142A 69 00                              .DB $69, $00           ;#6
3879   142C             T142C:
3880   142C 7A 7B                              .DB $7A, $7B           ;#28
3881   142E             T142E:
3882   142E 7A 7B                              .DB $7A, $7B           ;#28
3883   1430             T1430:
3884   1430 6B 00                              .DB $6B, $00           ;#8
3885   1432             T1432:
3886   1432 6B 00                              .DB $6B, $00           ;#8
3887   1434             T1434:
3888   1434 8C 8D                              .DB $8C, $8D           ;#29
3889   1436             T1436:
3890   1436 8C 8D                              .DB $8C, $8D           ;#29
3891   1438             T1438:
3892   1438 68 00                              .DB $68, $00           ;#5
3893   143A             T143A:
3894   143A 68 00                              .DB $68, $00           ;#5
3895   143C             T143C:
3896   143C 8A 9A                              .DB $8A, $9A           ;#30
3897   143E             T143E:
3898   143E 8A 9A                              .DB $8A, $9A           ;#30
3899   1440             T1440:
3900   1440 6A 00                              .DB $6A, $00           ;#7
3901   1442             T1442:
3902   1442 6A 00                              .DB $6A, $00           ;#7
3903   1444             T1444:
3904   1444 8B 9B                              .DB $8B, $9B           ;#31
3905   1446             T1446:
3906   1446 8B 9B                              .DB $8B, $9B           ;#31
3907   1448             T1448:
3908   1448 68 00                              .DB $68, $00           ;#5
3909   144A             T144A:
3910   144A 6B 00                              .DB $6B, $00           ;#8
3911   144C             T144C:
3912   144C 6A 00                              .DB $6A, $00           ;#7
3913   144E             T144E:
3914   144E 69 00                              .DB $69, $00           ;#6
3915   1450             T1450:
3916   1450 76 77                              .DB $76, $77           ;#18
3917   1452             T1452:
3918   1452 74 75                              .DB $74, $75           ;#19
3919   1454             T1454:
3920   1454 72 73                              .DB $72, $73           ;#16
3921   1456             T1456:
3922   1456 70 71                              .DB $70, $71           ;#17
3923   1458             T1458:
3924   1458 68 00                              .DB $68, $00           ;#5
3925   145A             T145A:
3926   145A 86 96                              .DB $86, $96           ;#22
3927   145C             T145C:
3928   145C 69 00                              .DB $69, $00           ;#6
3929   145E             T145E:
3930   145E 87 97                              .DB $87, $97           ;#21
3931   1460             T1460:
3932   1460 6A 00                              .DB $6A, $00           ;#7
3933   1462             T1462:
3934   1462 88 98                              .DB $88, $98           ;#20
3935   1464             T1464:
3936   1464 6B 00                              .DB $6B, $00           ;#8
3937   1466             T1466:
3938   1466 89 99                              .DB $89, $99           ;#23
3939   1468             T1468:
3940   1468 68 00 00 00                        .DB $68, $00, $00, $00 ;#5
3941   146C             T146C:
3942   146C A2 B2 A3 B3                        .DB $A2, $B2, $A3, $B3 ;#26
3943   1470             T1470:
3944   1470 69 00 00 00                        .DB $69, $00, $00, $00 ;#6
3945   1474             T1474:
3946   1474 A4 B4 A5 B5                        .DB $A4, $B4, $A5, $B5 ;#25
3947   1478             T1478:
3948   1478 6A 00 00 00                        .DB $6A, $00, $00, $00 ;#7
3949   147C             T147C:
3950   147C A6 B6 A7 B7                        .DB $A6, $B6, $A7, $B7 ;#24
3951   1480             T1480:
3952   1480 6B 00 00 00                        .DB $6B, $00, $00, $00 ;#8
3953   1484             T1484:
3954   1484 A8 B8 A9 B9                        .DB $A8, $B8, $A9, $B9 ;#27
3955   1488             
3956   1488 FF FF FF FF                        .DB $FF, $FF, $FF, $FF ; unused
3957   148C 8A 9A 00 00                        .DB $8A, $9A, $00, $00 ; unused
3958   1490 FF FF FF FF                        .DB $FF, $FF, $FF, $FF, $FF, $FF, $FF, $FF, $FF, $FF, $FF, $FF, $FF, $FF, $FF, $FF   ; unused
3958   1494 FF FF FF FF 
3958   1498 FF FF FF FF 
3958   149C FF FF FF FF 
3959   14A0             
3960   14A0             T14A0:
3961   14A0 8B 9B 00 00                        .DB $8B, $9B, $00, $00 ;#31
3962   14A4             
3963   14A4 FF FF FF FF                        .DB $FF, $FF, $FF, $FF ; unused
3964   14A8             
3965   14A8             T14A8:
3966   14A8 8E 9E 8F 9F                        .DB $8E, $9E, $8F, $9F ;#14
3967   14AC             T14AC:
3968   14AC A0 B0 A1 B1                        .DB $A0, $B0, $A1, $B1 ;#15
3969   14B0             
3970   14B0 00 00 00 00                        .DB $00, $00, $00, $00 ; unused
3971   14B4 FF FF FF FF                        .DB $FF, $FF, $FF, $FF, $FF, $FF, $FF, $FF, $FF, $FF, $FF, $FF   ; unused
3971   14B8 FF FF FF FF 
3971   14BC FF FF FF FF 
3972   14C0             
3973   14C0             T14C0:
3974   14C0 9C 00 00 00                        .DB $9C, $00, $00, $00 ;#32
3975   14C4             T14C4:
3976   14C4 84 94 85 95                        .DB $84, $94, $85, $95 ;#36
3977   14C8             T14C8:
3978   14C8 82 92 83 93                        .DB $82, $92, $83, $93 ;#35
3979   14CC             T14CC:
3980   14CC 80 90 81 91                        .DB $80, $90, $81, $91 ;#34
3981   14D0             T14D0:
3982   14D0 9D 00 00 00                        .DB $9D, $00, $00, $00 ;#33
3983   14D4             T14D4:
3984   14D4 AE BE AF BF                        .DB $AE, $BE, $AF, $BF ;#39
3985   14D8             T14D8:
3986   14D8 AC BC AD 00                        .DB $AC, $BC, $AD, $00 ;#38
3987   14DC             T14DC:
3988   14DC AA BA AB BB                        .DB $AA, $BA, $AB, $BB ;#37
3989   14E0             
3990   14E0             ;*****************************************************************************
3991   14E0             ;* Coin-text fixup, run after each character of the '$18xx' text is printed.
3992   14E0             ;* If the coinage DIP bit is set, three positions in the "INSERT COIN"
3993   14E0             ;* block are overwritten with alternate glyphs, otherwise the text is
3994   14E0             ;* left as printed.
3995   14E0             ;* In:  A = printed char, HL = source text ptr ($18xx), DE = screen addr.
3996   14E0             ;* The quirky flag trick:
3997   14E0             ;* Notice the routine writes to the screen before it tests the match
3998   14E0             ;* (`LD (HL),$22` sits before `RET Z`). Because `LD (HL),n` doesn't touch the flags,
3999   14E0             ;* the `RET Z` still reflects the preceding `CP`. So on a non match
4000   14E0             ;* the "wrong" byte is written but then immediately corrected by the next `LD (HL),...`
4001   14E0             ;* (and ultimately by `LD (HL),B` at `$14FC`). It's a code size optimization:
4002   14E0             ;* only the last write that is followed by a taken `RET Z` actually sticks.
4003   14E0             ;*****************************************************************************
4004   14E0             L14E0:
4005   14E0 47                                 LD      B,A                 ; save the printed character
4006   14E1 3A 00 78                           LD      A,(DSW0)            ; 78xx DSW0 (DIP switches)
4007   14E4 E6 10                              AND     $10                 ; 0001_0000 Coinage
4008   14E6 C8                                 RET     Z                   ; coinage bit clear -> keep text as-is
4009   14E7 EB                                 EX      DE,HL               ; HL = screen addr, DE = source text ptr
4010   14E8 7A                                 LD      A,D                 ; source MSB
4011   14E9 FE 18                              CP      $18                 ; is this the $18xx text block ?
4012   14EB C0                                 RET     NZ                  ; if not, leave it alone
4013   14EC 7B                                 LD      A,E                 ; source LSB (position within text)
4014   14ED FE 95                              CP      $95                 ; position $1895 ?
4015   14EF 36 22                              LD      (HL),$22            ; overwrite screen char with $22: "2"
4016   14F1 C8                                 RET     Z                   ; ...and done if it was $1895
4017   14F2 FE 9A                              CP      $9A                 ; position $189A ?
4018   14F4 36 13                              LD      (HL),$13            ; overwrite with $13: "S"
4019   14F6 C8                                 RET     Z                   ; ...done if $189A
4020   14F7 FE B5                              CP      $B5                 ; position $18B5 ?
4021   14F9 36 24                              LD      (HL),$24            ; overwrite with $24: "4"
4022   14FB C8                                 RET     Z                   ; ...done if $18B5
4023   14FC 70                                 LD      (HL),B              ; otherwise restore the original character
4024   14FD C9                                 RET                         ;
4025   14FE             
4026   1500                                    .ORG $1500
4027   1500             ; Copied inside $4B70-$4BAF.
4028   1500             ; Init values for the alien control states A and B.
4029   1500             T1500:
4030   1500 08 6C 09 60                        .DB $08, $6C, $09, $60
4031   1504 08 6C 09 60                        .DB $08, $6C, $09, $60
4032   1508 08 6C 09 60                        .DB $08, $6C, $09, $60
4033   150C 08 6C 09 60                        .DB $08, $6C, $09, $60
4034   1510 08 6C 09 60                        .DB $08, $6C, $09, $60
4035   1514 08 6C 09 60                        .DB $08, $6C, $09, $60
4036   1518 08 6C 09 60                        .DB $08, $6C, $09, $60
4037   151C 09 60 09 60                        .DB $09, $60, $09, $60
4038   1520             ; Init values for 16 aliens.
4039   1520             ; Pointer to alien movement pattern table.
4040   1520             T1520:
4041   1520                                    .MSFIRST
4042   1520 10 00                              .DW T1000
4043   1522 10 00                              .DW T1000
4044   1524 10 00                              .DW T1000
4045   1526 10 00                              .DW T1000
4046   1528 10 00                              .DW T1000
4047   152A 10 00                              .DW T1000
4048   152C 10 00                              .DW T1000
4049   152E 10 00                              .DW T1000
4050   1530 10 00                              .DW T1000
4051   1532 10 00                              .DW T1000
4052   1534 10 00                              .DW T1000
4053   1536 10 00                              .DW T1000
4054   1538 10 00                              .DW T1000
4055   153A 10 00                              .DW T1000
4056   153C 10 00                              .DW T1000
4057   153E 10 00                              .DW T1000
4058   1540             ; Level 2 initial screen coordinates for the aliens.
4059   1540             ; First byte is X, 2nd byte is Y. There are 16 aliens
4060   1540             ; on the level (numbered here 0 - F). The starts are shown
4061   1540             ; on the screen below.
4062   1540             ;
4063   1540             ;      0 0 1 1 2 2 3 3 4 4 5 5 6 6 7 7 8 8 9 9 A A B B C C
4064   1540             ;      0 8 0 8 0 8 0 8 0 8 0 8 0 8 0 8 0 8 0 8 0 8 0 8 0 8
4065   1540             ;      | | | | | | | | | | | | | | | | | | | | | | | | | |
4066   1540             ; 00 - . S C O R E 1 . . H I - S C O R E . . S C O R E 2 .
4067   1540             ; 08 - . 0 0 0 0 0 0 . . . 0 0 0 0 0 0 . . . 0 0 0 0 0 0 .
4068   1540             ; 10 - . . . * 1 . . . . . C O I N 0 0 . . . . . * 0 . . .
4069   1540             ; 18 - . . . . . . . . . . . . . . . . . . . . . . . . . .
4070   1540             ; 20 - . . . . . . . . . . 0 . . . 1 . . . . . . . . . . .
4071   1540             ; 28 - . . . . . . . . . . . . 2 . . . . . . . . . . . . .
4072   1540             ; 30 - . . . . . . 8 . . . . . . . . . . . 9 . . . . . . .
4073   1540             ; 38 - . . . . A . . . 6 . . . 3 . . . 7 . . . B . . . . .
4074   1540             ; 40 - . . . . . . . . . . 4 . . . 5 . . . . . . . . . . .
4075   1540             ; 48 - . . . C . . . . . . . . E . . . . . . . . D . . . .
4076   1540             ; 50 - . . . . . . . . . . . . . . . . . . . . . . . . . .
4077   1540             ; 58 - . . . . . . . . . . . . F . . . . . . . . . . . . .
4078   1540             ;
4079   1540             T1540:
4080   1540 50 20                              .DB $50, $20     ; 0 : x,y = 50,20 (decimal 80,32)
4081   1542 70 20                              .DB $70, $20     ; 1
4082   1544 60 28                              .DB $60, $28     ; 2
4083   1546 60 38                              .DB $60, $38     ; 3
4084   1548 50 40                              .DB $50, $40     ; 4
4085   154A 70 40                              .DB $70, $40     ; 5
4086   154C 40 38                              .DB $40, $38     ; 6
4087   154E 80 38                              .DB $80, $38     ; 7
4088   1550 30 30                              .DB $30, $30     ; 8
4089   1552 90 30                              .DB $90, $30     ; 9
4090   1554 20 38                              .DB $20, $38     ; A
4091   1556 A0 38                              .DB $A0, $38     ; B
4092   1558 18 48                              .DB $18, $48     ; C
4093   155A A8 48                              .DB $A8, $48     ; D
4094   155C 60 48                              .DB $60, $48     ; E
4095   155E 60 58                              .DB $60, $58     ; F
4096   1560             
4097   1560             ; Level 1 initial screen coordinates for the aliens.
4098   1560             ; Same structure as 1540 above.
4099   1560             ;
4100   1560             ;      0 0 1 1 2 2 3 3 4 4 5 5 6 6 7 7 8 8 9 9 A A B B C C
4101   1560             ;      0 8 0 8 0 8 0 8 0 8 0 8 0 8 0 8 0 8 0 8 0 8 0 8 0 8
4102   1560             ;      | | | | | | | | | | | | | | | | | | | | | | | | | |
4103   1560             ; 00 - . S C O R E 1 . . H I - S C O R E . . S C O R E 2 .
4104   1560             ; 08 - . 0 0 0 0 0 0 . . . 0 0 0 0 0 0 . . . 0 0 0 0 0 0 .
4105   1560             ; 10 - . . . * 1 . . . . . C O I N 0 0 . . . . . * 0 . . .
4106   1560             ; 18 - . . . . . . . . . . . . . . . . . . . . . . . . . .
4107   1560             ; 20 - . . . . . . . E . . . . . . . . . F . . . . . . . .
4108   1560             ; 28 - . . . . . C . . . . . . . . . . . . . D . . . . . .
4109   1560             ; 30 - . . . A . . . . . . . . . . . . . . . . . B . . . .
4110   1560             ; 38 - . . . . . . . . . . . . . . . . . . . . . . . . . .
4111   1560             ; 40 - . . . 8 . . . . . . . . . . . . . . . . . 9 . . . .
4112   1560             ; 48 - . . . . . 6 . . . . . . 0 . . . . . . 7 . . . . . .
4113   1560             ; 50 - . . . . . . . 4 . . . . . . . . . 5 . . . . . . . .
4114   1560             ; 58 - . . . . . . . . . 2 . . 1 . . 3 . . . . . . . . . .
4115   1560             ;
4116   1560             T1560:
4117   1560 60 48                              .DB $60, $48     ; 0
4118   1562 60 58                              .DB $60, $58     ; 1
4119   1564 48 58                              .DB $48, $58     ; 2
4120   1566 78 58                              .DB $78, $58     ; 3
4121   1568 38 50                              .DB $38, $50     ; 4
4122   156A 88 50                              .DB $88, $50     ; 5
4123   156C 28 48                              .DB $28, $48     ; 6
4124   156E 98 48                              .DB $98, $48     ; 7
4125   1570 18 40                              .DB $18, $40     ; 8
4126   1572 A8 40                              .DB $A8, $40     ; 9
4127   1574 18 30                              .DB $18, $30     ; A
4128   1576 A8 30                              .DB $A8, $30     ; B
4129   1578 28 28                              .DB $28, $28     ; C
4130   157A 98 28                              .DB $98, $28     ; D
4131   157C 38 20                              .DB $38, $20     ; E
4132   157E 88 20                              .DB $88, $20     ; F
4133   1580             
4134   1580             ;level 10 initial screen coordinates for the aliens.
4135   1580             ;      0 0 1 1 2 2 3 3 4 4 5 5 6 6 7 7 8 8 9 9 A A B B C C
4136   1580             ;      0 8 0 8 0 8 0 8 0 8 0 8 0 8 0 8 0 8 0 8 0 8 0 8 0 8
4137   1580             ;      | | | | | | | | | | | | | | | | | | | | | | | | | |
4138   1580             ; 20 - . . . . . . . . . . 1 . 0 . 2 . . . . . . . . . . .
4139   1580             ; 28 - . . . . . . . . 3 . . . . . . . 4 . . . . . . . . .
4140   1580             ; 30 - . . . . . . 5 . . . . . . . . . . . 6 . . . . . . .
4141   1580             ; 38 - . . . . 7 . . . . . . . . . . . . . . . 8 . . . . .
4142   1580             ; 40 - . . . . . . . . . . . . . . . . . . . . . . . . . .
4143   1580             ; 48 - . . . . . . . . . . . . . . . . . . . . . . . . . .
4144   1580             ; 50 - . . . . . . . . . . . . . . . . . . . . . . . . . .
4145   1580             ; 58 - . . . . . . E . C . A . 9 . B . D . F . . . . . . .
4146   1580             ;
4147   1580             T1580:
4148   1580 60 20                              .DB $60, $20     ; 0
4149   1582 50 20                              .DB $50, $20     ; 1
4150   1584 70 20                              .DB $70, $20     ; 2
4151   1586 40 28                              .DB $40, $28     ; 3
4152   1588 80 28                              .DB $80, $28     ; 4
4153   158A 30 30                              .DB $30, $30     ; 5
4154   158C 90 30                              .DB $90, $30     ; 6
4155   158E 20 38                              .DB $20, $38     ; 7
4156   1590 A0 38                              .DB $A0, $38     ; 8
4157   1592 60 58                              .DB $60, $58     ; 9
4158   1594 50 58                              .DB $50, $58     ; A
4159   1596 70 58                              .DB $70, $58     ; B
4160   1598 40 58                              .DB $40, $58     ; C
4161   159A 80 58                              .DB $80, $58     ; D
4162   159C 30 58                              .DB $30, $58     ; E
4163   159E 90 58                              .DB $90, $58     ; F
4164   15A0             
4165   15A0             ;level 7 initial screen coordinates for the aliens.
4166   15A0             ;      0 0 1 1 2 2 3 3 4 4 5 5 6 6 7 7 8 8 9 9 A A B B C C
4167   15A0             ;      0 8 0 8 0 8 0 8 0 8 0 8 0 8 0 8 0 8 0 8 0 8 0 8 0 8
4168   15A0             ;      | | | | | | | | | | | | | | | | | | | | | | | | | |
4169   15A0             ; 20 - . . . . . . . . . . . . 0 . . . . . . . . . . . . .
4170   15A0             ; 28 - . . . . . . . . . . 1 . . . 2 . . . . . . . . . . .
4171   15A0             ; 30 - . . . . . . . . 3 . . . . . . . 4 . . . . . . . . .
4172   15A0             ; 38 - . . . . . . 5 . . . . . . . . . . . 6 . . . . . . .
4173   15A0             ; 40 - . . . . 7 . . . . . . . . . . . . . . . 8 . . . . .
4174   15A0             ; 48 - . . . . . . E . . . . . . . . . . . F . . . . . . .
4175   15A0             ; 50 - . . . . . . . . C . . . . . . . D . . . . . . . . .
4176   15A0             ; 58 - . . . . . . . . . . A . 9 . B . . . . . . . . . . .
4177   15A0             ;
4178   15A0             T15A0:
4179   15A0 60 20                              .DB $60, $20     ; 0
4180   15A2 50 28                              .DB $50, $28     ; 1
4181   15A4 70 28                              .DB $70, $28     ; 2
4182   15A6 40 30                              .DB $40, $30     ; 3
4183   15A8 80 30                              .DB $80, $30     ; 4
4184   15AA 30 38                              .DB $30, $38     ; 5
4185   15AC 90 38                              .DB $90, $38     ; 6
4186   15AE 20 40                              .DB $20, $40     ; 7
4187   15B0 A0 40                              .DB $A0, $40     ; 8
4188   15B2 60 58                              .DB $60, $58     ; 9
4189   15B4 50 58                              .DB $50, $58     ; A
4190   15B6 70 58                              .DB $70, $58     ; B
4191   15B8 40 50                              .DB $40, $50     ; C
4192   15BA 80 50                              .DB $80, $50     ; D
4193   15BC 30 48                              .DB $30, $48     ; E
4194   15BE 90 48                              .DB $90, $48     ; F
4195   15C0             
4196   15C0             ;level 6 initial screen coordinates for the aliens.
4197   15C0             ;      0 0 1 1 2 2 3 3 4 4 5 5 6 6 7 7 8 8 9 9 A A B B C C
4198   15C0             ;      0 8 0 8 0 8 0 8 0 8 0 8 0 8 0 8 0 8 0 8 0 8 0 8 0 8
4199   15C0             ;      | | | | | | | | | | | | | | | | | | | | | | | | | |
4200   15C0             ; 20 - . . E . . . . . . . . . . . . . . . . . . . F . . .
4201   15C0             ; 28 - . . . . C . . . . . . . . . . . . . . . D . . . . .
4202   15C0             ; 30 - . . . . . . A . . . . . . . . . . . B . . . . . . .
4203   15C0             ; 38 - . . . . . . . . 8 . . . . . . . 9 . . . . . . . . .
4204   15C0             ; 40 - . . . . . . . . . . 6 . . . 7 . . . . . . . . . . .
4205   15C0             ; 48 - . . . . . . . . 4 . . . 3 . . . 5 . . . . . . . . .
4206   15C0             ; 50 - . . . . . . . . . . 1 . . . 2 . . . . . . . . . . .
4207   15C0             ; 58 - . . . . . . . . . . . . 0 . . . . . . . . . . . . .
4208   15C0             ;
4209   15C0             T15C0:
4210   15C0 60 58                              .DB $60, $58     ; 0
4211   15C2 50 50                              .DB $50, $50     ; 1
4212   15C4 70 50                              .DB $70, $50     ; 2
4213   15C6 60 48                              .DB $60, $48     ; 3
4214   15C8 40 48                              .DB $40, $48     ; 4
4215   15CA 80 48                              .DB $80, $48     ; 5
4216   15CC 50 40                              .DB $50, $40     ; 6
4217   15CE 70 40                              .DB $70, $40     ; 7
4218   15D0 40 38                              .DB $40, $38     ; 8
4219   15D2 80 38                              .DB $80, $38     ; 9
4220   15D4 30 30                              .DB $30, $30     ; A
4221   15D6 90 30                              .DB $90, $30     ; B
4222   15D8 20 28                              .DB $20, $28     ; C
4223   15DA A0 28                              .DB $A0, $28     ; D
4224   15DC 10 20                              .DB $10, $20     ; E
4225   15DE B0 20                              .DB $B0, $20     ; F
4226   15E0             
4227   15E0             ;level 5 initial screen coordinates for the aliens.
4228   15E0             ;      0 0 1 1 2 2 3 3 4 4 5 5 6 6 7 7 8 8 9 9 A A B B C C
4229   15E0             ;      0 8 0 8 0 8 0 8 0 8 0 8 0 8 0 8 0 8 0 8 0 8 0 8 0 8
4230   15E0             ;      | | | | | | | | | | | | | | | | | | | | | | | | | |
4231   15E0             ; 20 - . . . . . . . . . . . . 0 . . . . . . . . . . . . .
4232   15E0             ; 28 - . . . . . . . . . . 1 . . . 2 . . . . . . . . . . .
4233   15E0             ; 30 - . . . . . . . . 3 . . . . . . . 4 . . . . . . . . .
4234   15E0             ; 38 - . . . . . . 5 . . . . . . . . . . . 6 . . . . . . .
4235   15E0             ; 40 - . . . . 7 . . . . . . . . . . . . . . . 8 . . . . .
4236   15E0             ; 48 - . . . . . . . . . . . . . . . . . . . . . . . . . .
4237   15E0             ; 50 - . . . . . . . . . . . . . . . . . . . . . . . . . .
4238   15E0             ; 58 - . . . . . . . . . . . . . . . . . . . . . . . . . .
4239   15E0             T15E0:
4240   15E0 60 20                              .DB $60, $20     ; 0
4241   15E2 50 28                              .DB $50, $28     ; 1
4242   15E4 70 28                              .DB $70, $28     ; 2
4243   15E6 40 30                              .DB $40, $30     ; 3
4244   15E8 80 30                              .DB $80, $30     ; 4
4245   15EA 30 38                              .DB $30, $38     ; 5
4246   15EC 90 38                              .DB $90, $38     ; 6
4247   15EE 20 40                              .DB $20, $40     ; 7
4248   15F0 A0 40                              .DB $A0, $40     ; 8
4249   15F2 60 20                              .DB $60, $20     ; 9 (two aliens at same position)
4250   15F4 50 28                              .DB $50, $28     ; A (two aliens at same position)
4251   15F6 70 28                              .DB $70, $28     ; B (two aliens at same position)
4252   15F8 40 30                              .DB $40, $30     ; C (two aliens at same position)
4253   15FA 80 30                              .DB $80, $30     ; D (two aliens at same position)
4254   15FC 30 38                              .DB $30, $38     ; E (two aliens at same position)
4255   15FE 90 38                              .DB $90, $38     ; F (two aliens at same position)
4256   1600             
4257   1600             ; Pointer table for character block shapes table (T14xx):
4258   1600             T1600:
4259   1600 10 14 18 1C                        .DB T1410 & $FF, T1414 & $FF, T1418 & $FF, T141C & $FF ; to player ship frame #5, #6, #7, #8
4260   1604             T1604:
4261   1604 00 04 08 0C                        .DB T1400 & $FF, T1404 & $FF, T1408 & $FF, T140C & $FF ; to player ship frame #1, #2, #3, #4
4262   1608             T1608:
4263   1608 20 22 24 26                        .DB T1420 & $FF, T1422 & $FF, T1424 & $FF, T1426 & $FF ; to alien shape #1, #2, #3, #4
4264   160C             T160C:
4265   160C 28 2A 2C 2E                        .DB T1428 & $FF, T142A & $FF, T142C & $FF, T142E & $FF ; to alien shape #6, #6, #28, #28
4266   1610             T1610:
4267   1610 30 32 34 36                        .DB T1430 & $FF, T1432 & $FF, T1434 & $FF, T1436 & $FF ; to alien shape #8, #8, #29, #29
4268   1614             T1614:
4269   1614 38 3A 3C 3E                        .DB T1438 & $FF, T143A & $FF, T143C & $FF, T143E & $FF ; to alien shape #5, #5, #30, #30
4270   1618             T1618:
4271   1618 40 42 44 46                        .DB T1440 & $FF, T1442 & $FF, T1444 & $FF, T1446 & $FF ; to alien shape #7, #7, #31, #31
4272   161C             T161C:
4273   161C 5C 5C 5E 5E                        .DB T145C & $FF, T145C & $FF, T145E & $FF, T145E & $FF ; to alien shape #6, #6, #21, #21
4274   1620             
4275   1620             ; 8 player bullets for the fine bit shifting
4276   1620             ; Foreground tiles (no pointer).
4277   1620             T1620:
4278   1620 50 51 52 53                        .DB $50, $51, $52, $53, $54, $55, $56, $57
4278   1624 54 55 56 57 
4279   1628             ; not used
4280   1628 FF FF FF FF                        .DB $FF, $FF, $FF, $FF, $FF, $FF, $FF, $FF
4280   162C FF FF FF FF 
4281   1630             
4282   1630             ; Pointer table for character block shapes table (T14xx):
4283   1630             T1630:
4284   1630 48 48 50 50                        .DB T1448 & $FF, T1448 & $FF, T1450 & $FF, T1450 & $FF             ; to alien shape #5, #5, #18, #18
4285   1634             T1634:
4286   1634 4A 4A 52 52                        .DB T144A & $FF, T144A & $FF, T1452 & $FF, T1452 & $FF             ; to alien shape #8, #8, #19, #19
4287   1638             T1638:
4288   1638 4C 4C 54 54                        .DB T144C & $FF, T144C & $FF, T1454 & $FF, T1454 & $FF             ; to alien shape #7, #7, #16, #16
4289   163C             T163C:
4290   163C 4E 4E 56 56                        .DB T144E & $FF, T144E & $FF, T1456 & $FF, T1456 & $FF             ; to alien shape #6, #6, #17, #17
4291   1640             T1640:
4292   1640 48 48 56 56                        .DB T1448 & $FF, T1448 & $FF, T1456 & $FF, T1456 & $FF             ; to alien shape #5, #5, #17, #17
4293   1644             T1644:
4294   1644 4E 4E 54 54                        .DB T144E & $FF, T144E & $FF, T1454 & $FF, T1454 & $FF             ; to alien shape #6, #6, #16, #16
4295   1648             T1648:
4296   1648 4C 4C 52 52                        .DB T144C & $FF, T144C & $FF, T1452 & $FF, T1452 & $FF             ; to alien shape #7, #7, #19, #19
4297   164C             T164C:
4298   164C 4A 4A 50 50                        .DB T144A & $FF, T144A & $FF, T1450 & $FF, T1450 & $FF             ; to alien shape #8, #8, #18, #18
4299   1650             T1650:
4300   1650 68 68 6C 6C                        .DB T1468 & $FF, T1468 & $FF, T146C & $FF, T146C & $FF             ; to alien shape #5, #5, #26, #26
4301   1654             T1654:
4302   1654 70 70 74 74                        .DB T1470 & $FF, T1470 & $FF, T1474 & $FF, T1474 & $FF             ; to alien shape #6, #6, #25, #25
4303   1658             T1658:
4304   1658 78 78 7C 7C                        .DB T1478 & $FF, T1478 & $FF, T147C & $FF, T147C & $FF             ; to alien shape #7, #7, #24, #24
4305   165C             T165C:
4306   165C 80 80 84 84                        .DB T1480 & $FF, T1480 & $FF, T1484 & $FF, T1484 & $FF             ; to alien shape #8, #8, #27, #27
4307   1660             T1660:
4308   1660 68 68 84 84                        .DB T1468 & $FF, T1468 & $FF, T1484 & $FF, T1484 & $FF             ; to alien shape #5, #5, #27, #27
4309   1664             T1664:
4310   1664 80 80 7C 7C                        .DB T1480 & $FF, T1480 & $FF, T147C & $FF, T147C & $FF             ; to alien shape #8, #8, #24, #24
4311   1668             T1668:
4312   1668 78 78 74 74                        .DB T1478 & $FF, T1478 & $FF, T1474 & $FF, T1474 & $FF             ; to alien shape #7, #7, #25, #25
4313   166C             T166C:
4314   166C 70 70 6C 6C                        .DB T1470 & $FF, T1470 & $FF, T146C & $FF, T146C & $FF             ; to alien shape #6, #6, #26, #26
4315   1670             T1670:
4316   1670 58 58 5A 5A                        .DB T1458 & $FF, T1458 & $FF, T145A & $FF, T145A & $FF             ; to alien shape #5, #5, #22, #22
4317   1674             T1674:
4318   1674 5C 5C 5E 5E                        .DB T145C & $FF, T145C & $FF, T145E & $FF, T145E & $FF             ; to alien shape #6, #6, #21, #21
4319   1678             T1678:
4320   1678 60 60 62 62                        .DB T1460 & $FF, T1460 & $FF, T1462 & $FF, T1462 & $FF             ; to alien shape #7, #7, #20, #20
4321   167C             T167C:
4322   167C 64 64 66 66                        .DB T1464 & $FF, T1464 & $FF, T1466 & $FF, T1466 & $FF             ; to alien shape #8, #8, #23, #23
4323   1680             T1680:
4324   1680 78 FF A0 FF                        .DB T1478 & $FF, $FF, T14A0 & $FF, $FF, $FF, T14A8 & $FF, $FF, T14AC & $FF ; to alien shape #7, #31, #14, #15
4324   1684 FF A8 FF AC 
4325   1688             T1688:
4326   1688 C0 FF C8 FF                        .DB T14C0 & $FF, $FF, T14C8 & $FF, $FF, $FF, T14C4 & $FF, $FF, T14CC & $FF ; to alien shape #32, #35, #36, #34
4326   168C FF C4 FF CC 
4327   1690             T1690:
4328   1690 D0 FF D8 FF                        .DB T14D0 & $FF, $FF, T14D8 & $FF, $FF, $FF, T14D4 & $FF, $FF, T14DC & $FF ; to alien shape #33, #38, #39, #37
4328   1694 FF D4 FF DC 
4329   1698             ; not used
4330   1698 FF FF FF FF                        .DB $FF, $FF, $FF, $FF, $FF, $FF, $FF, $FF
4330   169C FF FF FF FF 
4331   16A0             
4332   16A0             ; Alien animation table.
4333   16A0             ; 1st byte: bit0-3 of alien control state A:
4334   16A0             ;           xxxx_x000...draw 1x1 screen objects
4335   16A0             ;           xxxx_x001...draw 2x1 screen objects
4336   16A0             ;           xxxx_x011...draw 1x2 screen objects
4337   16A0             ;           xxxx_x100...draw 2x2 screen objects
4338   16A0             ; 2nd byte: type of offset calculation:
4339   16A0             ;           xxxx_xxx1...use X and Y coordinate
4340   16A0             ;           xxxx_xx10...use X coordinate
4341   16A0             ;           xxxx_x100...use Y coordinate
4342   16A0             ; 3rd byte: LSB base address for table T1600
4343   16A0             T16A0:
4344   16A0 FF FF FF                           .DB $FF, $FF, $FF                    ; Dummy
4345   16A3 01 02 08                           .DB $01, $02, T1608 & $FF            ; 2x1 screen object, X , T1608
4346   16A6 01 02 08                           .DB $01, $02, T1608 & $FF            ; 2x1 screen object, X , T1608
4347   16A9 01 02 0C                           .DB $01, $02, T160C & $FF            ; 2x1 screen object, X , T160C
4348   16AC 01 02 10                           .DB $01, $02, T1610 & $FF            ; 2x1 screen object, X , T1610
4349   16AF             T16AF:
4350   16AF 03 04 14                           .DB $03, $04, T1614 & $FF            ; 1x2 screen object,  Y, T1614
4351   16B2 03 04 18                           .DB $03, $04, T1618 & $FF            ; 1x2 screen object,  Y, T1618
4352   16B5             T16B5:
4353   16B5 04 01 88                           .DB $04, $01, T1688 & $FF            ; 2x2 screen object, XY, T1688
4354   16B8 04 01 90                           .DB $04, $01, T1690 & $FF            ; 2x2 screen object, XY, T1690
4355   16BB 04 01 80                           .DB $04, $01, T1680 & $FF            ; 2x2 screen object, XY, T1680
4356   16BE 04 01 80                           .DB $04, $01, T1680 & $FF            ; 2x2 screen object, XY, T1680
4357   16C1             T16C1:
4358   16C1 03 04 70                           .DB $03, $04, T1670 & $FF            ; 1x2 screen object,  Y, T1670
4359   16C4 03 04 74                           .DB $03, $04, T1674 & $FF            ; 1x2 screen object,  Y, T1674
4360   16C7 03 04 78                           .DB $03, $04, T1678 & $FF            ; 1x2 screen object,  Y, T1678
4361   16CA 03 04 7C                           .DB $03, $04, T167C & $FF            ; 1x2 screen object,  Y, T167C
4362   16CD             
4363   16CD FF FF FF                           .DB $FF, $FF, $FF                    ; Dummy
4364   16D0             T16D0:
4365   16D0 01 02 30                           .DB $01, $02, T1630 & $FF            ; 2x1 screen object, X , T1630
4366   16D3 01 02 34                           .DB $01, $02, T1634 & $FF            ; 2x1 screen object, X , T1634
4367   16D6 01 02 38                           .DB $01, $02, T1638 & $FF            ; 2x1 screen object, X , T1638
4368   16D9 01 02 3C                           .DB $01, $02, T163C & $FF            ; 2x1 screen object, X , T163C
4369   16DC 01 02 40                           .DB $01, $02, T1640 & $FF            ; 2x1 screen object, X , T1640
4370   16DF 01 02 44                           .DB $01, $02, T1644 & $FF            ; 2x1 screen object, X , T1644
4371   16E2 01 02 48                           .DB $01, $02, T1648 & $FF            ; 2x1 screen object, X , T1648
4372   16E5 01 02 4C                           .DB $01, $02, T164C & $FF            ; 2x1 screen object, X , T164C
4373   16E8             T16E8:
4374   16E8 04 04 50                           .DB $04, $04, T1650 & $FF            ; 2x2 screen object,  Y, T1650
4375   16EB 04 04 54                           .DB $04, $04, T1654 & $FF            ; 2x2 screen object,  Y, T1654
4376   16EE 04 04 58                           .DB $04, $04, T1658 & $FF            ; 2x2 screen object,  Y, T1658
4377   16F1 04 04 5C                           .DB $04, $04, T165C & $FF            ; 2x2 screen object,  Y, T165C
4378   16F4 04 04 60                           .DB $04, $04, T1660 & $FF            ; 2x2 screen object,  Y, T1660
4379   16F7 04 04 64                           .DB $04, $04, T1664 & $FF            ; 2x2 screen object,  Y, T1664
4380   16FA 04 04 68                           .DB $04, $04, T1668 & $FF            ; 2x2 screen object,  Y, T1668
4381   16FD 04 04 6C                           .DB $04, $04, T166C & $FF            ; 2x2 screen object,  Y, T166C
4382   1700             
4383   1700             ; Alien movement direction table.
4384   1700             ; Positive or negative offset for X and Y.
4385   1700             T1700:
4386   1700 FF FF                              .DB $FF, $FF                   ; Dummy
4387   1702 01 00                              .DB $01, $00                   ; X+1 (right), Y+0
4388   1704 FF 00                              .DB $FF, $00                   ; X-1 (left), Y+0
4389   1706 04 00                              .DB $04, $00                   ; X+4, Y+0
4390   1708 FC 00                              .DB $FC, $00                   ; X-4, Y+0
4391   170A 00 FC                              .DB $00, $FC                   ; X+0, Y-4 (up)
4392   170C 00 04                              .DB $00, $04                   ; X+0, Y+4 (down)
4393   170E 04 FE                              .DB $04, $FE                   ; X+4, Y-2
4394   1710 FC FE                              .DB $FC, $FE                   ; X-4, Y-2
4395   1712 04 02                              .DB $04, $02                   ; X+4, Y+2
4396   1714 FC 02                              .DB $FC, $02                   ; X-4, Y+2
4397   1716 00 04                              .DB $00, $04                   ; X+0, Y+4
4398   1718 00 04                              .DB $00, $04                   ; X+0, Y+4
4399   171A 00 04                              .DB $00, $04                   ; X+0, Y+4
4400   171C 00 04                              .DB $00, $04                   ; X+0, Y+4
4401   171E FF FF                              .DB $FF, $FF                   ; X-1, Y-1
4402   1720 FC 00                              .DB $FC, $00                   ; X-4, Y+0
4403   1722 FC 00                              .DB $FC, $00                   ; X-4, Y+0
4404   1724 FC 00                              .DB $FC, $00                   ; X-4, Y+0
4405   1726 FC 00                              .DB $FC, $00                   ; X-4, Y+0
4406   1728 04 00                              .DB $04, $00                   ; X+4, Y+0
4407   172A 04 00                              .DB $04, $00                   ; X+4, Y+0
4408   172C 04 00                              .DB $04, $00                   ; X+4, Y+0
4409   172E 04 00                              .DB $04, $00                   ; X+4, Y+0
4410   1730 04 FC                              .DB $04, $FC                   ; X+4, Y-4
4411   1732 04 04                              .DB $04, $04                   ; X+4, Y+4
4412   1734 FC 04                              .DB $FC, $04                   ; X-4, Y+4
4413   1736 FC FC                              .DB $FC, $FC                   ; X-4, Y-4
4414   1738 FC FC                              .DB $FC, $FC                   ; X-4, Y-4
4415   173A FC 04                              .DB $FC, $04                   ; X-4, Y+4
4416   173C 04 04                              .DB $04, $04                   ; X+4, Y+4
4417   173E 04 FC                              .DB $04, $FC                   ; X+4, Y-4
4418   1740             
4419   1740             ; Per-tile hit-window + X-offset table for in-formation aliens:
4420   1740             ; Lookup table used in the player-bullet vs. alien collision routine `L0E10`,
4421   1740             ; specifically for aliens that are still sitting in the base formation.
4422   1740             ; Indexed by the alien tile's character type.
4423   1740             ; How the index is formed:
4424   1740             ; In `L0E10`, the code reads the character drawn under the bullet.
4425   1740             ; After rejecting explosion parts (`≥$C0`), empty cells (`<$60`), and out-of-formation aliens (`≥$68` -> handled by `L0E39`),
4426   1740             ; it's left with in-formation foreground tiles `$60`–`$67`.
4427   1740             ; Meaning of the 4 bytes:
4428   1740             ; Byte 0 — upper bound of the horizontal hit window (`$0E31`): `bulletX & 7` must be < byte 0, else `RET NC` (miss).
4429   1740             ; Byte 1 — lower bound of the hit window (`$0E34`): `bulletX & 7` must be >= byte 1, else `RET C` (miss).
4430   1740             ;          So bytes 0/1 define the `[byte1, byte0)` pixel-column range inside that 8-pixel tile where the alien graphic is actually solid.
4431   1740             ;          (E.g. type 0 = full width `[0,8)`; type 1 = only column 0; type 2 = columns `[1,8)`.)
4432   1740             ; Byte 2 — signed X correction (`$0E70`/`L0E70`): added to the bullet's cell-aligned X to reconstruct the screen X of the hit target,
4433   1740             ;          which is then used to locate the matching alien object in the alien control table at `M4B70`.
4434   1740             ;          Because a formation alien is drawn from several tiles, byte 2 shifts the coordinate from the tile that was hit
4435   1740             ;          back to the alien's anchor X, so the correct alien object is found and killed.
4436   1740             ; Byte 3 — `$FF`, unused padding.
4437   1740             T1740:
4438   1740 08 00 00 FF                        .DB $08, $00, $00, $FF, $01, $00, $F8, $FF, $08, $01, $02, $FF, $04, $00, $FA, $FF ;
4438   1744 01 00 F8 FF 
4438   1748 08 01 02 FF 
4438   174C 04 00 FA FF 
4439   1750 08 01 04 FF                        .DB $08, $01, $04, $FF, $08, $00, $FC, $FF, $08, $05, $06, $FF, $08, $00, $FE, $FF ;
4439   1754 08 00 FC FF 
4439   1758 08 05 06 FF 
4439   175C 08 00 FE FF 
4440   1760             
4441   1760             ; Parity table and initial number of aliens/birds for levels:
4442   1760             ; odd, odd, even (P), even (P), odd, odd, odd, odd
4443   1760             ; used with $43B8 LevelAndRound.
4444   1760             T1760:
4445   1760 10 10 88 88                        .DB $10, $10, $88, $88, $10, $10, $10, $10 ;
4445   1764 10 10 10 10 
4446   1768             ;
4447   1768 FF FF FF FF                        .DB $FF, $FF, $FF, $FF, $FF, $FF, $FF, $FF ;
4447   176C FF FF FF FF 
4448   1770             
4449   1770             T1770:
4450   1770 EC FC FD F4                        .DB $EC, $FC, $FD, $F4, $ED, $30, $40, $F5, $EE, $31, $41, $F6, $EF, $FF, $FE, $F7 ; Object 1770 Regular ship, large shields
4450   1774 ED 30 40 F5 
4450   1778 EE 31 41 F6 
4450   177C EF FF FE F7 
4451   1780 E8 F8 F9 F0                        .DB $E8, $F8, $F9, $F0, $E9, $30, $40, $F1, $EA, $31, $41, $F2, $EB, $FB, $FA, $F3 ; Object 1780 Regular ship, small shields
4451   1784 E9 30 40 F1 
4451   1788 EA 31 41 F2 
4451   178C EB FB FA F3 
4452   1790 E8 F8 F9 F0                        .DB $E8, $F8, $F9, $F0, $E9, $E4, $E6, $F1, $EA, $E5, $E7, $F2, $EB, $FB, $FA, $F3 ; Object 1790 Green ship, large shields
4452   1794 E9 E4 E6 F1 
4452   1798 EA E5 E7 F2 
4452   179C EB FB FA F3 
4453   17A0 00 00 00 00                        .DB $00, $00, $00, $00, $00, $E4, $E6, $00, $00, $E5, $E7, $00, $00, $00, $00, $00 ; Object 17A0 Green ship, no shields
4453   17A4 00 E4 E6 00 
4453   17A8 00 E5 E7 00 
4453   17AC 00 00 00 00 
4454   17B0             
4455   17B0             ;
4456   17B0 F0 CA C4 BE                        .DB $F0, $CA, $C4, $BE, $B8, $BE, $B8, $BE ; LSB's of the Alien explosion frame sequence (#5,#4,#3,#2,#1,#2,#1,#2) why wrong order?
4456   17B4 B8 BE B8 BE 
4457   17B8             ;
4458   17B8 C8 D8 C9 D9                        .DB $C8, $D8, $C9, $D9, $CA, $DA ; Object 17B8 3x2 Alien explosion frame #1
4458   17BC CA DA 
4459   17BE CB DB CC DC                        .DB $CB, $DB, $CC, $DC, $CD, $DD ; Object 17BE 3x2 Alien explosion frame #2
4459   17C2 CD DD 
4460   17C4 C0 C1 C1 C2                        .DB $C0, $C1, $C1, $C2, $00, $C0 ; Object 17C4 3x2 Alien explosion frame #3
4460   17C8 00 C0 
4461   17CA 00 00 00 C3                        .DB $00, $00, $00, $C3, $00, $00 ; Object 17CA 3x2 Alien explosion frame #4
4461   17CE 00 00 
4462   17D0             ;
4463   17D0             T17D0:
4464   17D0 C4 D4 C5 D5                        .DB $C4, $D4, $C5, $D5, $C3, $C3 ; Object 17D0 3x2 Bonus explosion left part
4464   17D4 C3 C3 
4465   17D6             T17D6:
4466   17D6 C3 C3 C6 D6                        .DB $C3, $C3, $C6, $D6, $C7, $D7 ; Object 17D6 3x2 Bonus explosion right part
4466   17DA C7 D7 
4467   17DC             
4468   17E0                                    .ORG $17E0
4469   17E0             ;*****************************************************************************
4470   17E0             ;* CoinChecking:
4471   17E0             ;* Converts raw `CoinCount` (`$438F`) into playable credits, applying the coinage DIP on `DSW0`.
4472   17E0             ;* Behaviour
4473   17E0             ;* | `DSW0` bit4 | Pricing            | Return value in A        |
4474   17E0             ;* |-------------|--------------------|--------------------------|
4475   17E0             ;* | **0**       | 1 coin = 1 credit  | `CoinCount`              |
4476   17E0             ;* | **1**       | 2 coins = 1 credit | `(CoinCount >> 1) & $0F` |
4477   17E0             ;* `LD A,(CoinCount)` does not touch flags, so `RET Z` still tests the `AND $10`
4478   17E0             ;* result: early exit skips the divide-by-2 when 1-coin mode is selected.
4479   17E0             ;* Callers
4480   17E0             ;* 1. Attract main loop (`$0039`) — after `AND A`, non-zero credits -> `PromptForStartGame`, else splash/demo.
4481   17E0             ;* 2. `PromptForStartGame` (`$0295`) — `CP $02`: if credits ≥ 2, also print “1 OR 2 PLAYERS”.
4482   17E0             ;* Both callers re-test **A** (`AND A` / `CP $02`); they do not rely on Z from the early `RET Z`.
4483   17E0             ;* Pairing with `DecrementCoins`
4484   17E0             ;* `$02D8`–`$02E2` uses the same DIP bit: if bit4 is set, the coin cost is doubled (1P costs 2 coins, 2P costs 4).
4485   17E0             ;* That matches `CoinChecking` reporting `CoinCount / 2` as credits.
4486   17E0             ;* In short: `$17E0` is “how many games can we start right now?”,
4487   17E0             ;* not a coin-slot reader — slot counting is in `WaitVBlankCoin`.
4488   17E0             ;*****************************************************************************
4489   17E0             CoinChecking:
4490   17E0 3A 00 78                           LD      A,(DSW0)            ; 78xx DSW0
4491   17E3 E6 10                              AND     $10                 ; 0001_0000 Coinage
4492   17E5 3A 8F 43                           LD      A,(CoinCount)       ; flags unchanged
4493   17E8 C8                                 RET     Z                   ; if bit4 clear -> return CoinCount as-is
4494   17E9 0F                                 RRCA                        ; CoinCount / 2
4495   17EA E6 0F                              AND     $0F                 ; 0000_1111
4496   17EC C9                                 RET                         ; 
4497   17ED             
4498   17F0                                    .ORG $17F0
4499   17F0             ; Used for blank out characters
4500   17F0             ; and Alien explosion frame #5
4501   17F0             FourByFourEmpty:
4502   17F0 00 00 00 00                        .DB $00, $00, $00, $00, $00, $00, $00, $00, $00, $00, $00, $00, $00, $00, $00, $00
4502   17F4 00 00 00 00 
4502   17F8 00 00 00 00 
4502   17FC 00 00 00 00 
4503   1800             
4504   1800             ;*****************************************************************************
4505   1800             ; ic48
4506   1800             ;*****************************************************************************
4507   1800             ; Screen ram adresses and static texts using setA
4508   1800             T1800:
4509   1800 43 20                              .DB $43, $20
4510   1802 FF FF FF FF                        .DB $FF, $FF, $FF, $FF
4511   1806             ; " SCORE1  HI-SCORE  SCORE2 "
4512   1806 00 13 03 0F                        .DB $00, $13, $03, $0F, $12, $05, $21, $00, $00, $08, $09, $2B, $13, $03, $0F, $12, $05, $00, $00, $13, $03, $0F, $12, $05, $22, $00
4512   180A 12 05 21 00 
4512   180E 00 08 09 2B 
4512   1812 13 03 0F 12 
4512   1816 05 00 00 13 
4512   181A 03 0F 12 05 
4512   181E 22 00 
4513   1820             
4514   1820 43 21                              .DB $43, $21
4515   1822 FF FF FF FF                        .DB $FF, $FF, $FF, $FF
4516   1826             ; " 000000   000000   000000 "
4517   1826 00 20 20 20                        .DB $00, $20, $20, $20, $20, $20, $20, $00, $00, $00, $20, $20, $20, $20, $20, $20, $00, $00, $00, $20, $20, $20, $20, $20, $20, $00
4517   182A 20 20 20 00 
4517   182E 00 00 20 20 
4517   1832 20 20 20 20 
4517   1836 00 00 00 20 
4517   183A 20 20 20 20 
4517   183E 20 00 
4518   1840             
4519   1840 43 22                              .DB $43, $22
4520   1842 FF FF FF FF                        .DB $FF, $FF, $FF, $FF
4521   1846             ; "   %0     COIN00     %0   "
4522   1846 00 00 00 7F                        .DB $00, $00, $00, $7F, $20, $00, $00, $00, $00, $00, $03, $0F, $09, $0E, $20, $20, $00, $00, $00, $00, $00, $7F, $20, $00, $00, $00
4522   184A 20 00 00 00 
4522   184E 00 00 03 0F 
4522   1852 09 0E 20 20 
4522   1856 00 00 00 00 
4522   185A 00 7F 20 00 
4522   185E 00 00 
4523   1860             
4524   1860             T1860:
4525   1860 43 25                              .DB $43, $25
4526   1862 FF FF FF FF                        .DB $FF, $FF, $FF, $FF
4527   1866             ; "       INSERT  COIN       "
4528   1866 00 00 00 00                        .DB $00, $00, $00, $00, $00, $00, $00, $09, $0E, $13, $05, $12, $14, $00, $00, $03, $0F, $09, $0E, $00, $00, $00, $00, $00, $00, $00
4528   186A 00 00 00 09 
4528   186E 0E 13 05 12 
4528   1872 14 00 00 03 
4528   1876 0F 09 0E 00 
4528   187A 00 00 00 00 
4528   187E 00 00 
4529   1880             
4530   1880 43 27                              .DB $43, $27
4531   1882 FF FF FF FF                        .DB $FF, $FF, $FF, $FF
4532   1886             ; "   * 1PLAYER   1COIN  *   "
4533   1886 00 00 00 1F                        .DB $00, $00, $00, $1F, $00, $21, $10, $0C, $01, $19, $05, $12, $00, $00, $00, $21, $03, $0F, $09, $0E, $00, $00, $1F, $00, $00, $00
4533   188A 00 21 10 0C 
4533   188E 01 19 05 12 
4533   1892 00 00 00 21 
4533   1896 03 0F 09 0E 
4533   189A 00 00 1F 00 
4533   189E 00 00 
4534   18A0             
4535   18A0 43 29                              .DB $43, $29
4536   18A2 FF FF FF FF                        .DB $FF, $FF, $FF, $FF
4537   18A6             ; "   * 2PLAYERS  2COINS *   "
4538   18A6 00 00 00 1F                        .DB $00, $00, $00, $1F, $00, $22, $10, $0C, $01, $19, $05, $12, $13, $00, $00, $22, $03, $0F, $09, $0E, $13, $00, $1F, $00, $00, $00
4538   18AA 00 22 10 0C 
4538   18AE 01 19 05 12 
4538   18B2 13 00 00 22 
4538   18B6 03 0F 09 0E 
4538   18BA 13 00 1F 00 
4538   18BE 00 00 
4539   18C0             
4540   18C0 43 2E                              .DB $43, $2E
4541   18C2 FF FF FF FF                        .DB $FF, $FF, $FF, $FF
4542   18C6             ; "   SCORE AVERAGE TABLE    "
4543   18C6 00 00 00 13                        .DB $00, $00, $00, $13, $03, $0F, $12, $05, $00, $01, $16, $05, $12, $01, $07, $05, $00, $14, $01, $02, $0C, $05, $00, $00, $00, $00
4543   18CA 03 0F 12 05 
4543   18CE 00 01 16 05 
4543   18D2 12 01 07 05 
4543   18D6 00 14 01 02 
4543   18DA 0C 05 00 00 
4543   18DE 00 00 
4544   18E0             
4545   18E0 43 30                              .DB $43, $30
4546   18E2 FF FF FF FF                        .DB $FF, $FF, $FF, $FF
4547   18E6             ; "        20 40 80          "
4548   18E6 00 00 00 00                        .DB $00, $00, $00, $00, $00, $00, $00, $00, $22, $20, $00, $24, $20, $00, $28, $20, $00, $00, $00, $00, $00, $00, $00, $00, $00, $00
4548   18EA 00 00 00 00 
4548   18EE 22 20 00 24 
4548   18F2 20 00 28 20 
4548   18F6 00 00 00 00 
4548   18FA 00 00 00 00 
4548   18FE 00 00 
4549   1900             
4550   1900 43 33                              .DB $43, $33
4551   1902 FF FF FF FF                        .DB $FF, $FF, $FF, $FF
4552   1906             ; "        200               "
4553   1906 00 00 00 00                        .DB $00, $00, $00, $00, $00, $00, $00, $00, $22, $20, $20, $00, $00, $00, $00, $00, $00, $00, $00, $00, $00, $00, $00, $00, $00, $00
4553   190A 00 00 00 00 
4553   190E 22 20 20 00 
4553   1912 00 00 00 00 
4553   1916 00 00 00 00 
4553   191A 00 00 00 00 
4553   191E 00 00 
4554   1920             
4555   1920 43 36                              .DB $43, $36
4556   1922 FF FF FF FF                        .DB $FF, $FF, $FF, $FF
4557   1926             ; "        50 100 ?[100-800] "
4558   1926 00 00 00 00                        .DB $00, $00, $00, $00, $00, $00, $00, $00, $25, $20, $00, $21, $20, $20, $00, $2F, $1B, $21, $20, $20, $2B, $28, $20, $20, $1C, $00
4558   192A 00 00 00 00 
4558   192E 25 20 00 21 
4558   1932 20 20 00 2F 
4558   1936 1B 21 20 20 
4558   193A 2B 28 20 20 
4558   193E 1C 00 
4559   1940             
4560   1940 43 39                              .DB $43, $39
4561   1942 FF FF FF FF                        .DB $FF, $FF, $FF, $FF
4562   1946             ; "        1000-9000         "
4563   1946 00 00 00 00                        .DB $00, $00, $00, $00, $00, $00, $00, $00, $21, $20, $20, $20, $2B, $29, $20, $20, $20, $00, $00, $00, $00, $00, $00, $00, $00, $00
4563   194A 00 00 00 00 
4563   194E 21 20 20 20 
4563   1952 2B 29 20 20 
4563   1956 20 00 00 00 
4563   195A 00 00 00 00 
4563   195E 00 00 
4564   1960             
4565   1960             T1960:
4566   1960 43 3C                              .DB $43, $3C
4567   1962 00 00 32 21                        .DB $00, $00, $32, $21
4568   1966             ; "PHOENIX% COPYRIGHT 1980   "
4569   1966 10 08 0F 05                        .DB $10, $08, $0F, $05, $0E, $09, $18, $7E, $00, $03, $0F, $10, $19, $12, $09, $07, $08, $14, $00, $21, $29, $28, $20, $00, $00, $00
4569   196A 0E 09 18 7E 
4569   196E 00 03 0F 10 
4569   1972 19 12 09 07 
4569   1976 08 14 00 21 
4569   197A 29 28 20 00 
4569   197E 00 00 
4570   1980             
4571   1980 43 3D                              .DB $43, $3D
4572   1982 02 05 21 28                        .DB $02, $05, $21, $28
4573   1986             ; " AMSTAR ELECTRONICS CORP. "
4574   1986 00 01 0D 13                        .DB $00, $01, $0D, $13, $14, $01
4574   198A 14 01 
4575   198C             L198C:
4576   198C 12 00 05 0C                        .DB $12, $00, $05, $0C, $05, $03, $14, $12, $0F, $0E, $09, $03, $13, $00, $03, $0F, $12, $10, $2A, $00
4576   1990 05 03 14 12 
4576   1994 0F 0E 09 03 
4576   1998 13 00 03 0F 
4576   199C 12 10 2A 00 
4577   19A0             
4578   19A0 43 3E                              .DB $43, $3E
4579   19A2 FF FF FF FF                        .DB $FF, $FF, $FF, $FF
4580   19A6             ; "  PHOENIX AZ. U.S.A.      "
4581   19A6 00 00 10 08                        .DB $00, $00, $10, $08, $0F, $05, $0E, $09, $18, $00, $01, $1A, $2A, $00, $15, $2A, $13, $2A, $01, $2A, $00, $00, $00, $00, $00, $00
4581   19AA 0F 05 0E 09 
4581   19AE 18 00 01 1A 
4581   19B2 2A 00 15 2A 
4581   19B6 13 2A 01 2A 
4581   19BA 00 00 00 00 
4581   19BE 00 00 
4582   19C0             
4583   19C0             T19C0:
4584   19C0 43 28                              .DB $43, $28
4585   19C2 FF FF FF FF                        .DB $FF, $FF, $FF, $FF
4586   19C6             ; "           PUSH           "
4587   19C6 00 00 00 00                        .DB $00, $00, $00, $00, $00, $00, $00, $00, $00, $00, $00, $10, $15, $13, $08, $00, $00, $00, $00, $00, $00, $00, $00, $00, $00, $00
4587   19CA 00 00 00 00 
4587   19CE 00 00 00 10 
4587   19D2 15 13 08 00 
4587   19D6 00 00 00 00 
4587   19DA 00 00 00 00 
4587   19DE 00 00 
4588   19E0             
4589   19E0 43 2C                              .DB $43, $2C
4590   19E2 FF FF FF FF                        .DB $FF, $FF, $FF, $FF
4591   19E6             ; "    ONLY 1PLAYER BUTTON   "
4592   19E6 00 00 00 00                        .DB $00, $00, $00, $00, $0F, $0E, $0C, $19, $00, $21, $10, $0C, $01, $19, $05, $12, $00, $02, $15, $14, $14, $0F, $0E, $00, $00, $00
4592   19EA 0F 0E 0C 19 
4592   19EE 00 21 10 0C 
4592   19F2 01 19 05 12 
4592   19F6 00 02 15 14 
4592   19FA 14 0F 0E 00 
4592   19FE 00 00 
4593   1A00             
4594   1A00             T1A00:
4595   1A00 43 28                              .DB $43, $28
4596   1A02 FF FF FF FF                        .DB $FF, $FF, $FF, $FF
4597   1A06             ; "        GAME  OVER        "
4598   1A06 00 00 00 00                        .DB $00, $00, $00, $00, $00, $00, $00, $00, $07, $01, $0D, $05, $00, $00, $0F, $16, $05, $12, $00, $00, $00, $00, $00, $00, $00, $00
4598   1A0A 00 00 00 00 
4598   1A0E 07 01 0D 05 
4598   1A12 00 00 0F 16 
4598   1A16 05 12 00 00 
4598   1A1A 00 00 00 00 
4598   1A1E 00 00 
4599   1A20             
4600   1A20 43 28                              .DB $43, $28
4601   1A22 00 FF FF FF                        .DB $00, $FF, $FF, $FF
4602   1A26             ; "%%%%%%%%                %%"
4603   1A26 64 65 64 65                        .DB $64, $65, $64, $65, $64, $65, $60, $61, $00, $00, $00, $00, $00, $00, $00, $00, $00, $00, $00, $00, $00, $00, $00, $00, $78, $79
4603   1A2A 64 65 60 61 
4603   1A2E 00 00 00 00 
4603   1A32 00 00 00 00 
4603   1A36 00 00 00 00 
4603   1A3A 00 00 00 00 
4603   1A3E 78 79 
4604   1A40             
4605   1A40 43 29                              .DB $43, $29
4606   1A42 FF FF FF FF                        .DB $FF, $FF, $FF, $FF
4607   1A46             ; "%%    %%                %%"
4608   1A46 64 65 00 00                        .DB $64, $65, $00, $00, $00, $00, $64, $65, $00, $00, $00, $00, $00, $00, $00, $00, $00, $00, $00, $00, $00, $00, $00, $00, $7C, $7D
4608   1A4A 00 00 64 65 
4608   1A4E 00 00 00 00 
4608   1A52 00 00 00 00 
4608   1A56 00 00 00 00 
4608   1A5A 00 00 00 00 
4608   1A5E 7C 7D 
4609   1A60             
4610   1A60 43 2A                              .DB $43, $2A
4611   1A62 FF FF FF FF                        .DB $FF, $FF, $FF, $FF
4612   1A66             ; "%%%%%%%%                  "
4613   1A66 64 65 64 65                        .DB $64, $65, $64, $65, $64, $65, $60, $61, $00, $00, $00, $00, $00, $00, $00, $00, $00, $00, $00, $00, $00, $00, $00, $00, $00, $00
4613   1A6A 64 65 60 61 
4613   1A6E 00 00 00 00 
4613   1A72 00 00 00 00 
4613   1A76 00 00 00 00 
4613   1A7A 00 00 00 00 
4613   1A7E 00 00 
4614   1A80             
4615   1A80 43 2B                              .DB $43, $2B
4616   1A82 FF FF FF FF                        .DB $FF, $FF, $FF, $FF
4617   1A86             ; "%%                        "
4618   1A86 64 65 00 00                        .DB $64, $65, $00, $00, $00, $00, $00, $00, $00, $00, $00, $00, $00, $00, $00, $00, $00, $00, $00, $00, $00, $00, $00, $00, $00, $00
4618   1A8A 00 00 00 00 
4618   1A8E 00 00 00 00 
4618   1A92 00 00 00 00 
4618   1A96 00 00 00 00 
4618   1A9A 00 00 00 00 
4618   1A9E 00 00 
4619   1AA0             
4620   1AA0 43 2C                              .DB $43, $2C
4621   1AA2 FF FF FF FF                        .DB $FF, $FF, $FF, $FF
4622   1AA6             ; "%% % % %%% %%% %% % % %  %"
4623   1AA6 64 65 00 68                        .DB $64, $65, $00, $68, $00, $68, $00, $68, $68, $68, $00, $68, $64, $65, $00, $62, $63, $00, $68, $00, $68, $00, $68, $00, $00, $68
4623   1AAA 00 68 00 68 
4623   1AAE 68 68 00 68 
4623   1AB2 64 65 00 62 
4623   1AB6 63 00 68 00 
4623   1ABA 68 00 68 00 
4623   1ABE 00 68 
4624   1AC0             
4625   1AC0 43 2D                              .DB $43, $2D
4626   1AC2 FF FF FF FF                        .DB $FF, $FF, $FF, $FF
4627   1AC6             ; "%% % % % % %   %% % % %%%%"
4628   1AC6 64 65 00 68                        .DB $64, $65, $00, $68, $00, $68, $00, $68, $00, $68, $00, $68, $00, $00, $00, $68, $9D, $00, $68, $00, $68, $00, $76, $77, $70, $71
4628   1ACA 00 68 00 68 
4628   1ACE 00 68 00 68 
4628   1AD2 00 00 00 68 
4628   1AD6 9D 00 68 00 
4628   1ADA 68 00 76 77 
4628   1ADE 70 71 
4629   1AE0             
4630   1AE0 43 2E                              .DB $43, $2E
4631   1AE2 FF FF FF FF                        .DB $FF, $FF, $FF, $FF
4632   1AE6             ; "%% %%% % % %%% %%%% %  %% "
4633   1AE6 64 65 00 68                        .DB $64, $65, $00, $68, $68, $68, $00, $68, $00, $68, $00, $68, $62, $63, $00, $68, $76, $77, $68, $00, $68, $00, $00, $64, $65, $00
4633   1AEA 68 68 00 68 
4633   1AEE 00 68 00 68 
4633   1AF2 62 63 00 68 
4633   1AF6 76 77 68 00 
4633   1AFA 68 00 00 64 
4633   1AFE 65 00 
4634   1B00             
4635   1B00 43 2F                              .DB $43, $2F
4636   1B02 00 00 00 00                        .DB $00, $00, $00, $00
4637   1B06             ; "%% % % % % %   % %% % %%%%"
4638   1B06 64 65 00 68                        .DB $64, $65, $00, $68, $00, $68, $00, $68, $00, $68, $00, $68, $00, $00, $00, $68, $00, $9D, $68, $00, $68, $00, $74, $75, $72, $73
4638   1B0A 00 68 00 68 
4638   1B0E 00 68 00 68 
4638   1B12 00 00 00 68 
4638   1B16 00 9D 68 00 
4638   1B1A 68 00 74 75 
4638   1B1E 72 73 
4639   1B20             
4640   1B20 43 30                              .DB $43, $30
4641   1B22 FF FF FF FF                        .DB $FF, $FF, $FF, $FF
4642   1B26             ; "%% % % %%% %%% % %% % %  %"
4643   1B26 64 65 00 68                        .DB $64, $65, $00, $68, $00, $68, $00, $68, $68, $68, $00, $68, $64, $65, $00, $68, $00, $66, $67, $00, $68, $00, $68, $00, $00, $68
4643   1B2A 00 68 00 68 
4643   1B2E 68 68 00 68 
4643   1B32 64 65 00 68 
4643   1B36 00 66 67 00 
4643   1B3A 68 00 68 00 
4643   1B3E 00 68 
4644   1B40             
4645   1B40             ; Character block shapes table using setB.
4646   1B40             ; Parts of the mothership's purple conveyor belt.
4647   1B40             ; So an ordinary belt hit:
4648   1B40             ; 1. Consumes the bullet (`AND $F7`).
4649   1B40             ; 2. Sets the "mother-ship hit" flag `$4366` -> plays the hit sound; no score is awarded.
4650   1B40             ; 3. Swaps the hit tile for a "damaged" belt tile from `T1B40/T1B48/T1B50`,
4651   1B40             ;    chosen by the bullet's X position (left/right half) and the tile's low nibble
4652   1B40             ;     — so the belt visibly chips/breaks apart where you shoot it.
4653   1B40             T1B40:
4654   1B40 6C                                 .DB $6C
4655   1B41 6D                                 .DB $6D
4656   1B42 6E                                 .DB $6E
4657   1B43 6F                                 .DB $6F
4658   1B44             
4659   1B48                                    .ORG $1B48
4660   1B48             ; Replacement tiles
4661   1B48             T1B48:
4662   1B48 6C 6D 6E 6F                        .DB $6C, $6D, $6E, $6F, $64, $65, $66, $67, $63, $FF
4662   1B4C 64 65 66 67 
4662   1B50 63 FF 
4663   1B52 63 61 67 FF                        .DB $63, $61, $67, $FF
4664   1B56 67 65 6B FF                        .DB $67, $65, $6B, $FF
4665   1B5A 6B 69 6F FF                        .DB $6B, $69, $6F, $FF
4666   1B5E 6F 6D                              .DB $6F, $6D
4667   1B60             
4668   1B60             ;characters used for explosions using setB
4669   1B60             T1B60:
4670   1B60 80 83 83 85                        .DB $80, $83, $83, $85, $81, $8C, $8C, $86, $81, $8C, $8C, $86, $82, $84, $84, $87
4670   1B64 81 8C 8C 86 
4670   1B68 81 8C 8C 86 
4670   1B6C 82 84 84 87 
4671   1B70 00 89 89 00                        .DB $00, $89, $89, $00, $88, $8D, $8D, $8B, $88, $8D, $8D, $8B, $00, $8A, $8A, $00
4671   1B74 88 8D 8D 8B 
4671   1B78 88 8D 8D 8B 
4671   1B7C 00 8A 8A 00 
4672   1B80 00 00 00 00                        .DB $00, $00, $00, $00, $00, $80, $85, $00, $00, $82, $87, $00, $00, $00, $00, $00
4672   1B84 00 80 85 00 
4672   1B88 00 82 87 00 
4672   1B8C 00 00 00 00 
4673   1B90             
4674   1B90             ;adress table for instumentation of explosion
4675   1B90             T1B90:
4676   1B90 1B 80                              .DB $1B, $80
4677   1B92 1B 70                              .DB $1B, $70
4678   1B94 1B 60                              .DB $1B, $60
4679   1B96 1B 70                              .DB $1B, $70
4680   1B98 17 F0                              .DB $17, $F0                         ;for deletion
4681   1B9A 17 F0                              .DB $17, $F0                         ;
4682   1B9C 17 F0                              .DB $17, $F0                         ;
4683   1B9E 17 F0                              .DB $17, $F0                         ;
4684   1BA0             
4685   1BA0             ;characters using setA: '1 OR 2 PLAYERS BUTTON'
4686   1BA0             T1BA0:
4687   1BA0 43 2C                              .DB $43, $2C                         ; screen ram position
4688   1BA2 00 00 00 00                        .DB $00, $00, $00, $00, $00, $00, $00, $21, $00, $0F, $12, $00, $22, $10
4688   1BA6 00 00 00 21 
4688   1BAA 00 0F 12 00 
4688   1BAE 22 10 
4689   1BB0 0C 01 19 05                        .DB $0C, $01, $19, $05, $12, $13, $00, $02, $15, $14, $14, $0F, $0E, $00, $00, $00
4689   1BB4 12 13 00 02 
4689   1BB8 15 14 14 0F 
4689   1BBC 0E 00 00 00 
4690   1BC0             
4691   1BC0             ;characters using setB for animation of the mothership's
4692   1BC0             ;.....antenna animation and the
4693   1BC0             ;...........alien pilot animation
4694   1BC0             T1BC0:
4695   1BC0 41 54 76 7E                        .DB $41, $54, $76, $7E   ; frame 0
4696   1BC4 42 55 77 7F                        .DB $42, $55, $77, $7F   ;
4697   1BC8 41 56 74 7C                        .DB $41, $56, $74, $7C   ; frame 1
4698   1BCC 42 57 75 7D                        .DB $42, $57, $75, $7D   ;
4699   1BD0 44 51 72 7A                        .DB $44, $51, $72, $7A   ; frame 2
4700   1BD4 45 52 73 7B                        .DB $45, $52, $73, $7B   ;
4701   1BD8 46 51 70 78                        .DB $46, $51, $70, $78   ; frame 3
4702   1BDC 47 52 71 79                        .DB $47, $52, $71, $79   ;
4703   1BE0 41 51 70 78                        .DB $41, $51, $70, $78   ; frame 4
4704   1BE4 42 52 71 79                        .DB $42, $52, $71, $79   ;
4705   1BE8 41 51 72 7A                        .DB $41, $51, $72, $7A   ; frame 5
4706   1BEC 42 52 73 7B                        .DB $42, $52, $73, $7B   ;
4707   1BF0 41 51 74 7C                        .DB $41, $51, $74, $7C   ; frame 6
4708   1BF4 42 52 75 7D                        .DB $42, $52, $75, $7D   ;
4709   1BF8 41 51 76 7E                        .DB $41, $51, $76, $7E   ; frame 7
4710   1BFC 42 52 77 7F                        .DB $42, $52, $77, $7F   ;
4711   1C00             
4712   1C00             ;part of the starfield (without planets) using setB
4713   1C00             ; This is a 20x9 tile image used to erase the mothership
4714   1C00             T1C00:
4715   1C00 00 01 00 06                        .DB $00, $01, $00, $06, $00, $02, $03, $04, $00, $01, $00, $08, $00, $02, $03, $04, $00, $00, $07, $00
4715   1C04 00 02 03 04 
4715   1C08 00 01 00 08 
4715   1C0C 00 02 03 04 
4715   1C10 00 00 07 00 
4716   1C14 01 02 00 09                        .DB $01, $02, $00, $09, $00, $03, $04, $00, $00, $03, $04, $00, $00, $01, $00, $02, $00, $03, $0A, $00
4716   1C18 00 03 04 00 
4716   1C1C 00 03 04 00 
4716   1C20 00 01 00 02 
4716   1C24 00 03 0A 00 
4717   1C28 04 00 00 01                        .DB $04, $00, $00, $01, $02, $00, $06, $00, $03, $04, $00, $00, $01, $00, $02, $00, $03, $00, $04, $00
4717   1C2C 02 00 06 00 
4717   1C30 03 04 00 00 
4717   1C34 01 00 02 00 
4717   1C38 03 00 04 00 
4718   1C3C 03 05 00 00                        .DB $03, $05, $00, $00, $00, $00, $07, $00, $01, $00, $02, $00, $00, $05, $00, $00, $03, $00, $04, $01
4718   1C40 00 00 07 00 
4718   1C44 01 00 02 00 
4718   1C48 00 05 00 00 
4718   1C4C 03 00 04 01 
4719   1C50 02 00 03 00                        .DB $02, $00, $03, $00, $08, $04, $00, $01, $02, $06, $00, $03, $00, $04, $00, $02, $01, $02, $03, $00
4719   1C54 08 04 00 01 
4719   1C58 02 06 00 03 
4719   1C5C 00 04 00 02 
4719   1C60 01 02 03 00 
4720   1C64 05 00 00 04                        .DB $05, $00, $00, $04, $00, $01, $02, $00, $00, $03, $04, $0B, $00, $01, $00, $02, $00, $03, $00, $00
4720   1C68 00 01 02 00 
4720   1C6C 00 03 04 0B 
4720   1C70 00 01 00 02 
4720   1C74 00 03 00 00 
4721   1C78 04 00 00 09                        .DB $04, $00, $00, $09, $00, $00, $02, $00, $07, $00, $00, $01, $00, $00, $02, $00, $00, $03, $00, $08
4721   1C7C 00 00 02 00 
4721   1C80 07 00 00 01 
4721   1C84 00 00 02 00 
4721   1C88 00 03 00 08 
4722   1C8C 04 00 01 00                        .DB $04, $00, $01, $00, $00, $06, $00, $01, $00, $02, $00, $01, $03, $04, $01, $03, $01, $02, $03, $04
4722   1C90 00 06 00 01 
4722   1C94 00 02 00 01 
4722   1C98 03 04 01 03 
4722   1C9C 01 02 03 04 
4723   1CA0 00 05 00 01                        .DB $00, $05, $00, $01, $02, $00, $09, $00, $03, $04, $00, $01, $00, $01, $02, $03, $04, $00, $02, $00
4723   1CA4 02 00 09 00 
4723   1CA8 03 04 00 01 
4723   1CAC 00 01 02 03 
4723   1CB0 04 00 02 00 
4724   1CB4             
4725   1CB4             ; Tail of the star field tile pattern that occupies page `$1C` (`$1C00`–`$1CFF`).
4726   1CB4             ; It's the remaining 76 bytes that complete the 256 byte star page used to paint the whole background.
4727   1CB4 00 01 02 00                        .DB $00, $01, $02, $00, $03, $04, $00, $06, $00, $00, $01, $00
4727   1CB8 03 04 00 06 
4727   1CBC 00 00 01 00 
4728   1CC0 00 01 02 00                        .DB $00, $01, $02, $00, $05, $00, $00, $03, $00, $04, $00, $07, $00, $01, $00, $02
4728   1CC4 05 00 00 03 
4728   1CC8 00 04 00 07 
4728   1CCC 00 01 00 02 
4729   1CD0 00 00 03 00                        .DB $00, $00, $03, $00, $04, $00, $04, $00, $0A, $00, $01, $00, $02, $00, $03, $00
4729   1CD4 04 00 04 00 
4729   1CD8 0A 00 01 00 
4729   1CDC 02 00 03 00 
4730   1CE0 01 00 07 00                        .DB $01, $00, $07, $00, $02, $00, $03, $04, $00, $05, $00, $01, $00, $02, $00, $00
4730   1CE4 02 00 03 04 
4730   1CE8 00 05 00 01 
4730   1CEC 00 02 00 00 
4731   1CF0 08 03 04 00                        .DB $08, $03, $04, $00, $01, $00, $02, $00, $03, $00, $04, $00, $00, $06, $00, $03
4731   1CF4 01 00 02 00 
4731   1CF8 03 00 04 00 
4731   1CFC 00 06 00 03 
4732   1D00             
4733   1D00             ; Mother ship object 26x9 tiles (upside down)
4734   1D00             ; Object 1D00
4735   1D00             ; Maybe these are upside down because the mother ship scrolls down from the top
4736   1D00             ; of the screen. The rows appear in the order given here.
4737   1D00             T1D00:
4738   1D00 0C 0D 0C 0F                        .DB $0C, $0D, $0C, $0F, $07, $07, $01, $00, $00, $4C, $4D, $4E, $4F, $4F, $4E, $4D, $4C, $00, $00, $1F, $0E, $06, $0D, $01, $0E, $05
4738   1D04 07 07 01 00 
4738   1D08 00 4C 4D 4E 
4738   1D0C 4F 4F 4E 4D 
4738   1D10 4C 00 00 1F 
4738   1D14 0E 06 0D 01 
4738   1D18 0E 05 
4739   1D1A 08 0C 0E 0C                        .DB $08, $0C, $0E, $0C, $0A, $00, $00, $4D, $4F, $5E, $5E, $5E, $5E, $5E, $5E, $5E, $5E, $4F, $4D, $00, $00, $06, $0B, $0D, $08, $0E
4739   1D1E 0A 00 00 4D 
4739   1D22 4F 5E 5E 5E 
4739   1D26 5E 5E 5E 5E 
4739   1D2A 5E 4F 4D 00 
4739   1D2E 00 06 0B 0D 
4739   1D32 08 0E 
4740   1D34 03 02 00 01                        .DB $03, $02, $00, $01, $00, $4C, $4F, $5E, $5E, $5E, $5E, $5E, $5E, $5E, $5E, $5E, $5E, $5E, $5E, $4F, $4C, $00, $09, $07, $0A, $03
4740   1D38 00 4C 4F 5E 
4740   1D3C 5E 5E 5E 5E 
4740   1D40 5E 5E 5E 5E 
4740   1D44 5E 5E 5E 4F 
4740   1D48 4C 00 09 07 
4740   1D4C 0A 03 
4741   1D4E 04 00 0A 00                        .DB $04, $00, $0A, $00, $4D, $5E, $5E, $5E, $5E, $5E, $5E, $5E, $5E, $5E, $5E, $5E, $5E, $5E, $5E, $5E, $5E, $4D, $00, $00, $0E, $0F
4741   1D52 4D 5E 5E 5E 
4741   1D56 5E 5E 5E 5E 
4741   1D5A 5E 5E 5E 5E 
4741   1D5E 5E 5E 5E 5E 
4741   1D62 5E 4D 00 00 
4741   1D66 0E 0F 
4742   1D68 08 08 00 5C                        .DB $08, $08, $00, $5C, $60, $6A, $60, $6A, $60, $6A, $60, $6A, $60, $6A, $60, $6A, $60, $6A, $60, $6A, $60, $6A, $5D, $00, $01, $02
4742   1D6C 60 6A 60 6A 
4742   1D70 60 6A 60 6A 
4742   1D74 60 6A 60 6A 
4742   1D78 60 6A 60 6A 
4742   1D7C 60 6A 5D 00 
4742   1D80 01 02 
4743   1D82 02 06 01 00                        .DB $02, $06, $01, $00, $00, $00, $58, $59, $5A, $5B, $5B, $5B, $7E, $7F, $5B, $5B, $5B, $4A, $49, $48, $00, $00, $00, $03, $0E, $0B
4743   1D86 00 00 58 59 
4743   1D8A 5A 5B 5B 5B 
4743   1D8E 7E 7F 5B 5B 
4743   1D92 5B 4A 49 48 
4743   1D96 00 00 00 03 
4743   1D9A 0E 0B 
4744   1D9C 0D 05 04 05                        .DB $0D, $05, $04, $05, $0A, $08, $00, $00, $58, $59, $5A, $4B, $76, $77, $4B, $4A, $49, $48, $00, $00, $01, $03, $0F, $02, $03, $00
4744   1DA0 0A 08 00 00 
4744   1DA4 58 59 5A 4B 
4744   1DA8 76 77 4B 4A 
4744   1DAC 49 48 00 00 
4744   1DB0 01 03 0F 02 
4744   1DB4 03 00 
4745   1DB6 00 03 03 07                        .DB $00, $03, $03, $07, $02, $0A, $03, $07, $00, $00, $58, $50, $51, $52, $53, $48, $00, $00, $0B, $01, $02, $03, $0F, $0E, $0C, $02
4745   1DBA 02 0A 03 07 
4745   1DBE 00 00 58 50 
4745   1DC2 51 52 53 48 
4745   1DC6 00 00 0B 01 
4745   1DCA 02 03 0F 0E 
4745   1DCE 0C 02 
4746   1DD0 05 0C 06 00                        .DB $05, $0C, $06, $00, $04, $06, $07, $0E, $0F, $09, $00, $40, $41, $42, $43, $00, $07, $03, $0A, $08, $0D, $00, $09, $0B, $0C, $0A
4746   1DD4 04 06 07 0E 
4746   1DD8 0F 09 00 40 
4746   1DDC 41 42 43 00 
4746   1DE0 07 03 0A 08 
4746   1DE4 0D 00 09 0B 
4746   1DE8 0C 0A 
4747   1DEA             
4748   1DF0                                    .ORG $1DF0
4749   1DF0             ; This is a simple protection against piracy.
4750   1DF0             L1DF0:
4751   1DF0 3A 1D 43                           LD      A,(ForegroundScreen+$31D) ; 'A' from 'AMSTAR ..' copyright text
4752   1DF3 D6 01                              SUB     $01                 
4753   1DF5 C8                                 RET     Z                   
4754   1DF6             ; crash the program and reset.
4755   1DF6 32 8F 43                           LD      (CoinCount),A       ;
4756   1DF9 00                                 NOP                         
4757   1DFA 00                                 NOP                         
4758   1DFB 00                                 NOP                         
4759   1DFC 00                                 NOP                         
4760   1DFD 00                                 NOP                         
4761   1DFE 00                                 NOP                         
4762   1DFF 00                                 NOP                         
4763   1E00             ;
4764   1E00             ;data for the 8 (2x2) planets / galaxies from setB
4765   1E00             T1E00:
4766   1E00 20 30 21 31                        .DB $20, $30, $21, $31
4767   1E04 22 32 23 33                        .DB $22, $32, $23, $33
4768   1E08 24 34 25 35                        .DB $24, $34, $25, $35
4769   1E0C 26 36 27 37                        .DB $26, $36, $27, $37
4770   1E10 28 38 29 39                        .DB $28, $38, $29, $39
4771   1E14 2A 3A 2B 3B                        .DB $2A, $3A, $2B, $3B
4772   1E18 2C 3C 2D 3D                        .DB $2C, $3C, $2D, $3D
4773   1E1C 2E 3E 2F 3F                        .DB $2E, $3E, $2F, $3F
4774   1E20             ;MSB's of screen ram for planets / galaxies
4775   1E20             T1E20:
4776   1E20 49 48 4A 4B                        .DB $49, $48, $4A, $4B
4777   1E24 4A 49 4A 49                        .DB $4A, $49, $4A, $49
4778   1E28 48 4A 48 49                        .DB $48, $4A, $48, $49
4779   1E2C 4B 48 4A 48                        .DB $4B, $48, $4A, $48
4780   1E30 4A 49 4B 49                        .DB $4A, $49, $4B, $49
4781   1E34 4B 4A 49 48                        .DB $4B, $4A, $49, $48
4782   1E38 49 49 4A 4A                        .DB $49, $49, $4A, $4A
4783   1E3C 48 49 4A 48                        .DB $48, $49, $4A, $48
4784   1E40             ; The low byte (LSB) half of the background screen destination addresses for the (2×2) planets
4785   1E40             T1E40:
4786   1E40 A0 60 40 00                        .DB $A0, $60, $40, $00
4787   1E44 E0 C0 C0 60                        .DB $E0, $C0, $C0, $60
4788   1E48 80 20 60 40                        .DB $80, $20, $60, $40
4789   1E4C 20 40 00 80                        .DB $20, $40, $00, $80
4790   1E50 40 00 20 E0                        .DB $40, $00, $20, $E0
4791   1E54 00 60 00 A0                        .DB $00, $60, $00, $A0
4792   1E58 E0 20 80 00                        .DB $E0, $20, $80, $00
4793   1E5C C0 80 A0 E0                        .DB $C0, $80, $A0, $E0
4794   1E60             ;LSB's of screen ram for planets / galaxies
4795   1E60             T1E60:
4796   1E60 00 04 08 0C                        .DB $00, $04, $08, $0C
4797   1E64 10 14 18 1C                        .DB $10, $14, $18, $1C
4798   1E68 00 08 10 18                        .DB $00, $08, $10, $18
4799   1E6C 04 0C 14 1C                        .DB $04, $0C, $14, $1C
4800   1E70 00 0C 18 04                        .DB $00, $0C, $18, $04
4801   1E74 04 1C 08 14                        .DB $04, $1C, $08, $14
4802   1E78 00 10 04 14                        .DB $00, $10, $04, $14
4803   1E7C 08 18 0C 1C                        .DB $08, $18, $0C, $1C
4804   1E80             ;data for the 16 (1x1) small galaxies from setB
4805   1E80             T1E80:
4806   1E80 10 11 12 13                        .DB $10, $11, $12, $13
4807   1E84 14 15 16 17                        .DB $14, $15, $16, $17
4808   1E88 18 19 1A 1B                        .DB $18, $19, $1A, $1B
4809   1E8C 1C 1D 1E 1F                        .DB $1C, $1D, $1E, $1F
4810   1E90 10 12 14 16                        .DB $10, $12, $14, $16
4811   1E94 18 1A 1C 1E                        .DB $18, $1A, $1C, $1E
4812   1E98 11 13 15 17                        .DB $11, $13, $15, $17
4813   1E9C 19 1B 1D 1F                        .DB $19, $1B, $1D, $1F
4814   1EA0             ;
4815   1EA0             T1EA0:
4816   1EA0 4A 4B 49 4A                        .DB $4A, $4B, $49, $4A
4817   1EA4 48 4A 48 49                        .DB $48, $4A, $48, $49
4818   1EA8 49 4A 49 4B                        .DB $49, $4A, $49, $4B
4819   1EAC 48 4B 4A 4A                        .DB $48, $4B, $4A, $4A
4820   1EB0 48 49 48 4A                        .DB $48, $49, $48, $4A
4821   1EB4 48 48 49 4A                        .DB $48, $48, $49, $4A
4822   1EB8 49 49 4A 48                        .DB $49, $49, $4A, $48
4823   1EBC 4A 49 4B 48                        .DB $4A, $49, $4B, $48
4824   1EC0             ;
4825   1EC0             T1EC0:
4826   1EC0 00 20 60 40                        .DB $00, $20, $60, $40
4827   1EC4 E0 80 20 60                        .DB $E0, $80, $20, $60
4828   1EC8 40 A0 00 00                        .DB $40, $A0, $00, $00
4829   1ECC 40 20 C0 20                        .DB $40, $20, $C0, $20
4830   1ED0 A0 80 E0 40                        .DB $A0, $80, $E0, $40
4831   1ED4 60 C0 20 A0                        .DB $60, $C0, $20, $A0
4832   1ED8 E0 40 60 C0                        .DB $E0, $40, $60, $C0
4833   1EDC 20 40 20 80                        .DB $20, $40, $20, $80
4834   1EE0             
4835   1EE0             ;*****************************************************************************
4836   1EE0             ;* Copyright-notice integrity check:
4837   1EE0             ;* It runs only in attract mode, as the tail of the intro bird animation.
4838   1EE0             ;* It sums the 26 characters of the on-screen line “` AMSTAR ELECTRONICS CORP. `”,
4839   1EE0             ;* adds a tuned constant, and adds the result into `HiScorehigh`.
4840   1EE0             ;* With unmodified ROM the total wraps to exactly `$00`, so the hi-score is left untouched.
4841   1EE0             ;* Change the copyright text and the hi-score gets corrupted.
4842   1EE0             ;* If a bootleg patches the copyright string — or the line is otherwise not intact when this runs,
4843   1EE0             ;* the sum no longer cancels and the delta is added to `HiScorehigh` on every frame of the bird intro.
4844   1EE0             ;* Since scores are BCD, that immediately produces garbage in the `HI-SCORE` display.
4845   1EE0             ;* A quiet, non-obvious tamper trap rather than an outright refusal to boot.
4846   1EE0             ;* The arithmetic
4847   1EE0             ;* | Term                                                           | Value               |
4848   1EE0             ;* |----------------------------------------------------------------|---------------------|
4849   1EE0             ;* | Sum of the 26 text codes (`$121`, truncated to 8 bits)         | `$21`               |
4850   1EE0             ;* | ROM byte at `$3FFD` (last byte of the `T3FC0` bird-init block) | `$B8`               |
4851   1EE0             ;* | Constant added at `$1EF2`                                      | `$27`               |
4852   1EE0             ;* | Total                                                          | `$100` -> **`$00`** |
4853   1EE0             ;*****************************************************************************
4854   1EE0             L1EE0:
4855   1EE0 11 3D 43                           LD      DE,ForegroundScreen+$33D ; screen: start of the AMSTAR line
4856   1EE3 01 1A 00                           LD      BC,$001A            ; B = 0 (accumulator), C = 26
4857   1EE6             L1EE6:
4858   1EE6 1A                                 LD      A,(DE)              ; read one character from screen
4859   1EE7 80                                 ADD     A,B                 ; accumulate
4860   1EE8 47                                 LD      B,A                 ; 
4861   1EE9 CD 17 02                           CALL    RightOneColumn      ; DE -= 32
4862   1EEC 0D                                 DEC     C                   ; 
4863   1EED C2 E6 1E                           JP      NZ,L1EE6            ; 
4864   1EF0 1A                                 LD      A,(DE)              ; 27th read -> $3FFD (ROM!)
4865   1EF1 80                                 ADD     A,B                 ; 
4866   1EF2 C6 27                              ADD     $27                 ; magic constant
4867   1EF4 21 89 43                           LD      HL,HiScorehigh      ; 
4868   1EF7 86                                 ADD     A,(HL)              ; 
4869   1EF8 77                                 LD      (HL),A              ; 
4870   1EF9 00                                 NOP                         ; 
4871   1EFA C9                                 RET                         ; 
4872   1EFB             
4873   1F00                                    .ORG $1F00
4874   1F00             ;
4875   1F00             ; Part of the starfield background without planets
4876   1F00             T1F00:
4877   1F00 00 00 00 01                        .DB $00, $00, $00, $01, $00, $00, $00, $02, $00, $00, $00, $00, $03, $00, $00, $00
4877   1F04 00 00 00 02 
4877   1F08 00 00 00 00 
4877   1F0C 03 00 00 00 
4878   1F10 00 04 00 00                        .DB $00, $04, $00, $00, $00, $00, $01, $00, $00, $00, $05, $00, $02, $00, $03, $00
4878   1F14 00 00 01 00 
4878   1F18 00 00 05 00 
4878   1F1C 02 00 03 00 
4879   1F20 00 00 04 00                        .DB $00, $00, $04, $00, $07, $00, $00, $00, $06, $00, $01, $00, $02, $0C, $00, $03
4879   1F24 07 00 00 00 
4879   1F28 06 00 01 00 
4879   1F2C 02 0C 00 03 
4880   1F30 04 00 00 01                        .DB $04, $00, $00, $01, $00, $08, $00, $00, $02, $00, $0C, $03, $04, $0E, $00, $00
4880   1F34 00 08 00 00 
4880   1F38 02 00 0C 03 
4880   1F3C 04 0E 00 00 
4881   1F40 00 01 02 00                        .DB $00, $01, $02, $00, $0D, $03, $04, $0F, $01, $0C, $07, $0A, $02, $0D, $03, $08
4881   1F44 0D 03 04 0F 
4881   1F48 01 0C 07 0A 
4881   1F4C 02 0D 03 08 
4882   1F50 06 0C 04 09                        .DB $06, $0C, $04, $09, $05, $0F, $01, $02, $0D, $03, $0C, $04, $0D, $05, $0F, $0C
4882   1F54 05 0F 01 02 
4882   1F58 0D 03 0C 04 
4882   1F5C 0D 05 0F 0C 
4883   1F60 01 02 0E 0C                        .DB $01, $02, $0E, $0C, $03, $0F, $0D, $05, $0E, $0D, $0C, $0F, $0D, $04, $0C, $01
4883   1F64 03 0F 0D 05 
4883   1F68 0E 0D 0C 0F 
4883   1F6C 0D 04 0C 01 
4884   1F70 0E 05 0F 0D                        .DB $0E, $05, $0F, $0D, $07, $0C, $06, $0E, $0D, $0F, $09, $0C, $0F, $0D, $0E, $0D
4884   1F74 07 0C 06 0E 
4884   1F78 0D 0F 09 0C 
4884   1F7C 0F 0D 0E 0D 
4885   1F80 02 0D 0C 0F                        .DB $02, $0D, $0C, $0F, $05, $0E, $0D, $0C, $0F, $06, $0E, $0F, $0C, $0D, $0F, $0C
4885   1F84 05 0E 0D 0C 
4885   1F88 0F 06 0E 0F 
4885   1F8C 0C 0D 0F 0C 
4886   1F90 06 0D 04 0B                        .DB $06, $0D, $04, $0B, $0C, $0F, $05, $0D, $05, $03, $0E, $07, $0C, $0D, $04, $05
4886   1F94 0C 0F 05 0D 
4886   1F98 05 03 0E 07 
4886   1F9C 0C 0D 04 05 
4887   1FA0 01 02 0E 03                        .DB $01, $02, $0E, $03, $0C, $04, $0F, $05, $08, $0C, $07, $01, $0D, $04, $0E, $02
4887   1FA4 0C 04 0F 05 
4887   1FA8 08 0C 07 01 
4887   1FAC 0D 04 0E 02 
4888   1FB0 0C 01 0F 03                        .DB $0C, $01, $0F, $03, $05, $0D, $00, $0E, $00, $09, $0C, $06, $0D, $00, $01, $02
4888   1FB4 05 0D 00 0E 
4888   1FB8 00 09 0C 06 
4888   1FBC 0D 00 01 02 
4889   1FC0 01 02 03 00                        .DB $01, $02, $03, $00, $00, $0D, $00, $0A, $00, $00, $00, $0E, $00, $05, $00, $08
4889   1FC4 00 0D 00 0A 
4889   1FC8 00 00 00 0E 
4889   1FCC 00 05 00 08 
4890   1FD0 00 0C 00 00                        .DB $00, $0C, $00, $00, $03, $00, $00, $07, $00, $00, $00, $04, $00, $00, $06, $00
4890   1FD4 03 00 00 07 
4890   1FD8 00 00 00 04 
4890   1FDC 00 00 06 00 
4891   1FE0 00 00 00 01                        .DB $00, $00, $00, $01, $00, $00, $00, $00, $02, $00, $00, $00, $00, $03, $00, $00
4891   1FE4 00 00 00 00 
4891   1FE8 02 00 00 00 
4891   1FEC 00 03 00 00 
4892   1FF0 00 04 00 05                        .DB $00, $04, $00, $05, $00, $00, $00, $00, $00, $01, $00, $00, $00, $00, $02, $00
4892   1FF4 00 00 00 00 
4892   1FF8 00 01 00 00 
4892   1FFC 00 00 02 00 
4893   2000             
4894   2000             ;*****************************************************************************
4895   2000             ; h5-ic49.5a
4896   2000             ;*****************************************************************************
4897   2000             ;*****************************************************************************
4898   2000             ;* Game level 1, 3 and B:
4899   2000             ;* 'player alife' with aliens, after 'fade in'
4900   2000             ;*****************************************************************************
4901   2000             L2000:
4902   2000 CD 76 08                           CALL    PlayerUpdate        ; Updates the player ship, player bullet and the shield.
4903   2003 CD F0 0D                           CALL    L0DF0               ; alien bullet to player, collission detection ?
4904   2006 CD A0 24                           CALL    L24A0               ; 
4905   2009 21 5F 43                           LD      HL,M435F            ; 8 bit counter for alien movement
4906   200C 7E                                 LD      A,(HL)              ; get value
4907   200D E6 03                              AND     $03                 ; mask out 0000_0011 for count 0 to 3
4908   200F 47                                 LD      B,A                 ; save the masked counter
4909   2010 34                                 INC     (HL)                ; increment alien movement counter
4910   2011 3A BA 43                           LD      A,(AliensLeft)      ; 
4911   2014 A7                                 AND     A                   ; updates the zero flag
4912   2015 CA BA 21                           JP      Z,L21BA             ; if no AliensLeft
4913   2018 FE 05                              CP      $05                 ;
4914   201A D2 30 21                           JP      NC,L2130            ; if <= 5 left
4915   201D 2D                                 DEC     L                   ; $435E
4916   201E 78                                 LD      A,B                 ; get masked counter
4917   201F A7                                 AND     A                   ; updates the zero flag
4918   2020 C2 25 20                           JP      NZ,L2025            ; if masked counter <> 0
4919   2023 36 FF                              LD      (HL),$FF            ; set all bits at $435E
4920   2025             L2025:
4921   2025 7E                                 LD      A,(HL)              ; get $435E
4922   2026 A7                                 AND     A                   ; updates the zero flag
4923   2027 CA 30 21                           JP      Z,L2130             ; if $435E = 0
4924   202A C3 46 21                           JP      L2146               ; 
4925   202D             
4926   2030                                    .ORG $2030
4927   2030             ;
4928   2030             L2030:
4929   2030 E6 03                              AND     $03                 
4930   2032 FE 01                              CP      $01                 
4931   2034 11 50 1B                           LD      DE,$1B50            
4932   2037 C3 AC 23                           JP      L23AC               ; 
4933   203A             
4934   2040                                    .ORG $2040
4935   2040             ;*****************************************************************************
4936   2040             ;* Add 1x1 small galaxies to background.
4937   2040             ;*****************************************************************************
4938   2040             AddGalaxiesToBackground:
4939   2040 21 AF 43                           LD      HL,M43AF            ; 
4940   2043 3A B9 43                           LD      A,(CounterB9)       ; 
4941   2046 4F                                 LD      C,A                 ;
4942   2047 BE                                 CP      (HL)                ;
4943   2048 C0                                 RET     NZ                  ;
4944   2049 7E                                 LD      A,(HL)              ;
4945   204A 2C                                 INC     L                   ;
4946   204B 96                                 SUB     (HL)                ;
4947   204C 2D                                 DEC     L                   ;
4948   204D 77                                 LD      (HL),A              ;
4949   204E 2C                                 INC     L                   ;
4950   204F 2C                                 INC     L                   ;
4951   2050 34                                 INC     (HL)                ;
4952   2051 7E                                 LD      A,(HL)              ;
4953   2052 21 80 1E                           LD      HL,T1E80            ; data for the 16 (1x1) small galaxies from setB
4954   2055 E6 1F                              AND     $1F                 ;
4955   2057 85                                 ADD     A,L                 ;
4956   2058 6F                                 LD      L,A                 ;
4957   2059 46                                 LD      B,(HL)              ;
4958   205A C6 20                              ADD     $20                 ;
4959   205C 6F                                 LD      L,A                 ;
4960   205D 56                                 LD      D,(HL)              ;
4961   205E C6 20                              ADD     $20                 ;
4962   2060 6F                                 LD      L,A                 ;
4963   2061 5E                                 LD      E,(HL)              ;
4964   2062 79                                 LD      A,C                 ;
4965   2063 0F                                 RRCA                        ;
4966   2064 0F                                 RRCA                        ;
4967   2065 0F                                 RRCA                        ;
4968   2066 E6 1F                              AND     $1F                 ;
4969   2068 83                                 ADD     A,E                 ;
4970   2069 3C                                 INC     A                   ;
4971   206A 5F                                 LD      E,A                 ;
4972   206B 78                                 LD      A,B                 ;
4973   206C 12                                 LD      (DE),A              ;
4974   206D C9                                 RET                         ;
4975   206E             
4976   2070                                    .ORG $2070
4977   2070             ;*****************************************************************************
4978   2070             ;* `L2070`/`L2085` compute the entry offset from the ship position and current phase,
4979   2070             ;* so as `CounterA5` counts down the "lit" cells sweep through the field.
4980   2070             ;* The ship visibly bursts into scattering particles that then thin out and vanish.
4981   2070             ;*****************************************************************************
4982   2070             L2070:
4983   2070 7B                                 LD      A,E                 
4984   2071 D6 0A                              SUB     $0A                 
4985   2073 C6 C0                              ADD     $C0                 
4986   2075 4F                                 LD      C,A                 
4987   2076 7A                                 LD      A,D                 
4988   2077 CE 00                              ADC     $00                 
4989   2079 47                                 LD      B,A                 
4990   207A 7E                                 LD      A,(HL)              
4991   207B 11 00 28                           LD      DE,T2800            ; get the foreground tiles of the player ship particles explosion
4992   207E 21 00 29                           LD      HL,T2900            ; and get the control data for it
4993   2081 C3 85 20                           JP      L2085               ; 
4994   2084             
4995   2085                                    .ORG $2085
4996   2085             ;
4997   2085             L2085:
4998   2085 D6 20                              SUB     $20                 
4999   2087 07                                 RLCA                        ; Multiply by 4 ..
5000   2088 07                                 RLCA                        ; ..
5001   2089 00                                 NOP                         
5002   208A E6 E0                              AND     $E0                 
5003   208C 6F                                 LD      L,A                 
5004   208D 3E E0                              LD      A,$E0               
5005   208F 95                                 SUB     L                   
5006   2090 6F                                 LD      L,A                 
5007   2091             L2091:
5008   2091 3E 3F                              LD      A,$3F               
5009   2093 91                                 SUB     C                   
5010   2094 3E 43                              LD      A,$43               
5011   2096 98                                 SBC     B                   
5012   2097 D2 B0 20                           JP      NC,L20B0            ; 
5013   209A 23                                 INC     HL                  
5014   209B 23                                 INC     HL                  
5015   209C 7B                                 LD      A,E                 
5016   209D C6 10                              ADD     $10                 
5017   209F 5F                                 LD      E,A                 
5018   20A0 79                                 LD      A,C                 
5019   20A1 D6 20                              SUB     $20                 
5020   20A3 4F                                 LD      C,A                 
5021   20A4 78                                 LD      A,B                 
5022   20A5 DE 00                              SBC     $00                 
5023   20A7 47                                 LD      B,A                 
5024   20A8 C3 91 20                           JP      L2091               ; 
5025   20AB             
5026   20B0                                    .ORG $20B0
5027   20B0             ;*****************************************************************************
5028   20B0             ;* Player ship particles explosion.
5029   20B0             ;*****************************************************************************
5030   20B0             L20B0:
5031   20B0 C5                                 PUSH    BC                  
5032   20B1             L20B1:
5033   20B1 7E                                 LD      A,(HL)              
5034   20B2 E3                                 EX      (SP),HL             
5035   20B3 06 08                              LD      B,$08               
5036   20B5             L20B5:
5037   20B5 36 00                              LD      (HL),$00            
5038   20B7 0F                                 RRCA                        
5039   20B8 D2 BF 20                           JP      NC,L20BF            ; 
5040   20BB EB                                 EX      DE,HL               
5041   20BC 4E                                 LD      C,(HL)              
5042   20BD EB                                 EX      DE,HL               ; get data from $2800
5043   20BE 71                                 LD      (HL),C              
5044   20BF             L20BF:
5045   20BF 23                                 INC     HL                  
5046   20C0 13                                 INC     DE                  
5047   20C1 05                                 DEC     B                   
5048   20C2 C2 B5 20                           JP      NZ,L20B5            ; 
5049   20C5 E3                                 EX      (SP),HL             
5050   20C6 23                                 INC     HL                  
5051   20C7 7D                                 LD      A,L                 
5052   20C8 0F                                 RRCA                        
5053   20C9 DA B1 20                           JP      C,L20B1             ; 
5054   20CC 7D                                 LD      A,L                 
5055   20CD E6 1F                              AND     $1F                 
5056   20CF CA E1 20                           JP      Z,L20E1             ; 
5057   20D2 E3                                 EX      (SP),HL             
5058   20D3 7D                                 LD      A,L                 
5059   20D4 D6 30                              SUB     $30                 
5060   20D6 6F                                 LD      L,A                 
5061   20D7 7C                                 LD      A,H                 
5062   20D8 DE 00                              SBC     $00                 
5063   20DA 67                                 LD      H,A                 
5064   20DB E3                                 EX      (SP),HL             
5065   20DC FE 3F                              CP      $3F                 
5066   20DE C2 B1 20                           JP      NZ,L20B1            ; 
5067   20E1             L20E1:
5068   20E1 C1                                 POP     BC                  
5069   20E2 C9                                 RET                         
5070   20E3             
5071   20E8                                    .ORG $20E8
5072   20E8             ;*****************************************************************************
5073   20E8             ;* Draw one 4x4 ship-fragment sprite during the player-ship explosion.
5074   20E8             ;* Entry (from L0BC4): A = CounterA5 phase, DE = ship screen address.
5075   20E8             ;* Fragment image pointer comes from T1B90; position is scattered using
5076   20E8             ;* CounterB9 (via L211C) and the phase.
5077   20E8             ;* Purpose:
5078   20E8             ;* `L20E8` draws the flying debris sprites of the exploding player ship
5079   20E8             ;* (fragment image chosen from `T1B90`, scattered by `CounterB9`/phase,
5080   20E8             ;* `L211C` freezing the scroll).
5081   20E8             ;*****************************************************************************
5082   20E8             L20E8:
5083   20E8 47                                 LD      B,A                 ; B = phase (CounterA5)
5084   20E9 7A                                 LD      A,D                 ; 
5085   20EA C6 08                              ADD     $08                 ; nudge the row
5086   20EC 57                                 LD      D,A                 ; 
5087   20ED CD 1C 21                           CALL    L211C               ; {code.L211C} clamp scroll during explosion
5088   20F0 0F                                 RRCA                        ; 
5089   20F1 0F                                 RRCA                        ; scatter offset from CounterB9
5090   20F2 0F                                 RRCA                        ; 
5091   20F3 83                                 ADD     A,E                 ; 
5092   20F4 E6 1F                              AND     $1F                 ; 0001_1111 keep within a column
5093   20F6 4F                                 LD      C,A                 ; 
5094   20F7 7B                                 LD      A,E                 ; 
5095   20F8 E6 E0                              AND     $E0                 ; 1110_0000 column bits
5096   20FA B1                                 OR      C                   ; 
5097   20FB 5F                                 LD      E,A                 ; E = scattered LSB
5098   20FC 78                                 LD      A,B                 ; phase
5099   20FD 0F                                 RRCA                        ; 
5100   20FE 0F                                 RRCA                        ; 
5101   20FF E6 0E                              AND     $0E                 ; 0000_1110 -> even index 0..14
5102   2101 C6 90                              ADD     $90                 ; -> T1B90 entry
5103   2103 6F                                 LD      L,A                 ; 
5104   2104 26 1B                              LD      H,$1B               ; HL = T1B90 + index
5105   2106 7E                                 LD      A,(HL)              ; fragment image MSB
5106   2107 2C                                 INC     L                   ; 
5107   2108 6E                                 LD      L,(HL)              ; fragment image LSB
5108   2109 67                                 LD      H,A                 ; HL = fragment image
5109   210A 01 04 04                           LD      BC,$0404            ; images are 4x4images are 4x4
5110   210D C3 D6 0A                           JP      DrawImageCbyB       ; draw it
5111   2110             
5112   211C                                    .ORG $211C
5113   211C             ;*****************************************************************************
5114   211C             ;* Clamp the scroll register to $10 while CounterB9 is in ($10,$30).
5115   211C             ;*****************************************************************************
5116   211C             L211C:
5117   211C 21 B9 43                           LD      HL,CounterB9        ; 
5118   211F 7E                                 LD      A,(HL)              
5119   2120 FE 10                              CP      $10                 
5120   2122 D8                                 RET     C                   
5121   2123 FE 30                              CP      $30                 
5122   2125 D0                                 RET     NC                  
5123   2126 3E 10                              LD      A,$10               
5124   2128 77                                 LD      (HL),A              
5125   2129 32 00 58                           LD      (scrollRegister),A  ; 58xx scroll register
5126   212C C9                                 RET                         
5127   212D             
5128   2130                                    .ORG $2130
5129   2130             ;*****************************************************************************
5130   2130             ;* Per-frame update dispatchers for the alien-wave levels.
5131   2130             ;* B = frame phase (rotating counter). Each phase runs a different subset of
5132   2130             ;* the heavy per-frame work, spreading it across frames.
5133   2130             ;* `L2130`/`L2146`/`L21BA` are the game's per frame level dispatchers:
5134   2130             ;* A rotating frame phase counter (`B`) selects one of several groups of update calls
5135   2130             ;* (`AlienDataController`, `AlienBehaviorUpdate`, `AlienMovementUpdate`,
5136   2130             ;* `AlienAnimationUpdate`, `EnemyBulletUpdate`, collision `L0F00`, killed alien anim `L0FC0`,
5137   2130             ;* bomb drop `L2560`, mothership housekeeping `L24C4`),
5138   2130             ;* so the heavy work is spread over multiple frames.
5139   2130             ;*****************************************************************************
5140   2130             L2130:
5141   2130 78                                 LD      A,B                 ; frame phase
5142   2131 A7                                 AND     A                   ; updates the zero flag
5143   2132 CA 50 21                           JP      Z,L2150             ; phase 0
5144   2135 FE 01                              CP      $01                 ;
5145   2137 CA 60 21                           JP      Z,L2160             ; phase 1
5146   213A FE 02                              CP      $02                 ;
5147   213C CA 70 21                           JP      Z,L2170             ; phase 2
5148   213F C3 80 21                           JP      L2180               ; phase 3
5149   2142             
5150   2146                                    .ORG $2146
5151   2146             ;*****************************************************************************
5152   2146             ;* Game's per frame level dispatcher (even/odd phase)
5153   2146             ;*****************************************************************************
5154   2146             L2146:
5155   2146 78                                 LD      A,B                 ; 
5156   2147 0F                                 RRCA                        ; test phase bit 0
5157   2148 D2 90 21                           JP      NC,L2190            ; even phase
5158   214B C3 A5 21                           JP      L21A5               ; odd phase
5159   214E             
5160   2150                                    .ORG $2150
5161   2150             ;*****************************************************************************
5162   2150             ;* Phase 0
5163   2150             ;*****************************************************************************
5164   2150             L2150:
5165   2150 CD 50 0A                           CALL    AlienDataController ; draw or delete alien
5166   2153 CD 00 30                           CALL    L3000               ; AlienBehaviorUpdate
5167   2156 C3 00 0F                           JP      L0F00               ; 'alien with player' collision check
5168   2159             
5169   2160                                    .ORG $2160
5170   2160             ;*****************************************************************************
5171   2160             ;* Phase 1
5172   2160             ;*****************************************************************************
5173   2160             L2160:
5174   2160 CD C4 24                           CALL    L24C4               ; background / mothership housekeeping
5175   2163 CD 40 0C                           CALL    L0C40               ; EnemyBulletUpdate
5176   2166 CD 1C 0D                           CALL    L0D1C               ; AlienMovementUpdate
5177   2169 C3 C0 0F                           JP      L0FC0               ; Handle animations for killed aliens
5178   216C             
5179   2170                                    .ORG $2170
5180   2170             ;*****************************************************************************
5181   2170             ;* Phase 2
5182   2170             ;*****************************************************************************
5183   2170             L2170:
5184   2170 CD 70 0D                           CALL    L0D70               ; AlienAnimationUpdate
5185   2173 C3 60 25                           JP      L2560               ; try to drop a bomb on the player
5186   2176             
5187   2180                                    .ORG $2180
5188   2180             ;*****************************************************************************
5189   2180             ;* Phase 3
5190   2180             ;*****************************************************************************
5191   2180             L2180:
5192   2180 CD C4 24                           CALL    L24C4               ; background / mothership housekeeping
5193   2183 CD 40 0C                           CALL    L0C40               ; EnemyBulletUpdate
5194   2186 CD 6C 0A                           CALL    L0A6C               ; get screen ram adress for all aliens
5195   2189 C3 C0 0F                           JP      L0FC0               ; Handle animations for killed aliens
5196   218C             
5197   2190                                    .ORG $2190
5198   2190             ;
5199   2190             L2190:
5200   2190 CD 50 0A                           CALL    AlienDataController ; draw or delete alien
5201   2193 CD 00 30                           CALL    L3000               ; AlienBehaviorUpdate
5202   2196 CD 00 0F                           CALL    L0F00               ; 'alien with player' collision check
5203   2199 CD 60 25                           CALL    L2560               ; try to drop a bomb
5204   219C C3 40 0C                           JP      L0C40               ; EnemyBulletUpdate
5205   219F             
5206   21A5                                    .ORG $21A5
5207   21A5             ;
5208   21A5             L21A5:
5209   21A5 CD 1C 0D                           CALL    L0D1C               ; AlienMovementUpdate
5210   21A8 CD 70 0D                           CALL    L0D70               ; AlienAnimationUpdate
5211   21AB CD 6C 0A                           CALL    L0A6C               ; get screen ram adress for all aliens
5212   21AE CD C0 0F                           CALL    L0FC0               ; Handle animations for killed aliens
5213   21B1 C3 C4 24                           JP      L24C4               ; background / mothership housekeeping
5214   21B4             
5215   21BA                                    .ORG $21BA
5216   21BA             ;*****************************************************************************
5217   21BA             ;* Mothership-wave dispatcher (and end-of-wave handling).
5218   21BA             ;*****************************************************************************
5219   21BA             L21BA:
5220   21BA 78                                 LD      A,B                 ;
5221   21BB 0F                                 RRCA                        ; test phase bit 0
5222   21BC D2 04 22                           JP      NC,L2204            ; even phase: end-of-wave countdown (L2204)
5223   21BF CD 40 0C                           CALL    L0C40               ; EnemyBulletUpdate
5224   21C2 CD C0 0F                           CALL    L0FC0               ; Handle animations for killed aliens
5225   21C5 CD C4 24                           CALL    L24C4               ; mothership housekeeping
5226   21C8 3A B8 43                           LD      A,(LevelAndRound)   ; 
5227   21CB E6 0F                              AND     $0F                 ; mask out 0000_1111
5228   21CD FE 0B                              CP      $0B                 ;
5229   21CF DA 04 22                           JP      C,L2204             ; if < game level B
5230   21D2 3E 10                              LD      A,$10               ; 16 aliens for a new wave
5231   21D4 32 BA 43                           LD      (AliensLeft),A      ; 
5232   21D7 C3 26 05                           JP      L0526               ; init alien data
5233   21DA             
5234   21DC                                    .ORG $21DC
5235   21DC             ;*****************************************************************************
5236   21DC             ;* Handles the bird animation at intro.
5237   21DC             ;* The driver is a single counter, `M4399` 
5238   21DC             ;* (the "slow-print" timer that advances during the intro splash).
5239   21DC             ;* Its bits are split into two roles:
5240   21DC             ;* - `M4399 & 7` -> the bird's animation sub-phase 
5241   21DC             ;*   (written to bird-object byte +3, `$4B73`).
5242   21DC             ;*   This cycles the wing position 0–7 within the current shape.
5243   21DC             ;* - `M4399 >> 3` -> the index into `T233A`, which yields the shape index 
5244   21DC             ;*   (written to bird-object byte +0, `$4B70`).
5245   21DC             ;* In other words, each entry in `T233A` is held for 8 timer ticks
5246   21DC             ;* (one full pass of the low-3-bit phase) before the script advances to the next shape.
5247   21DC             ;* `T233A` is therefore "the shape every 8 frames", and the low bits provide the in-between wing flapping.
5248   21DC             ;*****************************************************************************
5249   21DC             DrawIntroBirdAnimationFrame:
5250   21DC 7E                                 LD      A,(HL)              ; {ram.M4399} Actual index for slow print at intro splash (starts with $300)
5251   21DD 00                                 NOP                         ;
5252   21DE 47                                 LD      B,A                 ; save it
5253   21DF 21 73 4B                           LD      HL,B4B73            ; used as temp memory
5254   21E2 E6 07                              AND     $07                 ; mask out 0000_0111 in order to count from 0 to 7
5255   21E4 77                                 LD      (HL),A              ; save it
5256   21E5 2D                                 DEC     L                   ;
5257   21E6 36 EF                              LD      (HL),$EF            ; use $4B72 for LSB of screen ram
5258   21E8 2D                                 DEC     L                   ;
5259   21E9 36 49                              LD      (HL),$49            ; use $4B71 for MSB of screen ram
5260   21EB 2D                                 DEC     L                   ; $4B70 (bird0 index character block shape)
5261   21EC 78                                 LD      A,B                 ; restore $4399
5262   21ED E6 F8                              AND     $F8                 ; mask out 1111_1000
5263   21EF 0F                                 RRCA                        ; Divide by 8 ..
5264   21F0 0F                                 RRCA                        ; ..
5265   21F1 0F                                 RRCA                        ; ..
5266   21F2 C6 3A                              ADD     T233A & $FF         ; LSB of T233A
5267   21F4 5F                                 LD      E,A                 ;
5268   21F5 16 23                              LD      D,T233A >> 8        ; MSB of T233A
5269   21F7 1A                                 LD      A,(DE)              ; get data starting at T233A for animation frame index
5270   21F8 77                                 LD      (HL),A              ; write to $4B70
5271   21F9 CD C0 34                           CALL    DrawBirdObject      ; draw the bird at intro
5272   21FC C3 E0 1E                           JP      L1EE0               ; Copyright-notice integrity check
5273   21FF             
5274   2204                                    .ORG $2204
5275   2204             ;
5276   2204             L2204:
5277   2204 21 B6 43                           LD      HL,M43B6            ; End-of-wave countdown timer
5278   2207 35                                 DEC     (HL)                ;
5279   2208 7E                                 LD      A,(HL)              ;
5280   2209 FE A0                              CP      $A0                 ;
5281   220B D0                                 RET     NC                  ;
5282   220C 2E A4                              LD      L,$A4               ;
5283   220E 36 02                              LD      (HL),$02            ; set GameState to: 'initialization of game and level data'
5284   2210 2E A6                              LD      L,$A6               ;
5285   2212 36 00                              LD      (HL),$00            ; clear ShieldCount
5286   2214 2E B8                              LD      L,$B8               ;
5287   2216 34                                 INC     (HL)                ; increment LevelAndRound
5288   2217 7E                                 LD      A,(HL)              ;
5289   2218 E6 0E                              AND     $0E                 ; mask out 0000_1110
5290   221A 0F                                 RRCA                        ; divide by 2
5291   221B C6 60                              ADD     T1760 & $FF         ; add to base of table T1760
5292   221D 5F                                 LD      E,A                 ;
5293   221E 16 17                              LD      D,T1760 >> 8        ;
5294   2220 2C                                 INC     L                   ;
5295   2221 2C                                 INC     L                   ;
5296   2222 1A                                 LD      A,(DE)              ; get value from table T1760
5297   2223 A7                                 AND     A                   ; updates the flags
5298   2224 F2 2A 22                           JP      P,L222A             ; if not positive.
5299   2227 2C                                 INC     L                   ; use BirdsLeft
5300   2228 E6 7F                              AND     $7F                 ; mask out 0111_1111
5301   222A             L222A:
5302   222A 77                                 LD      (HL),A              ; save to $43BA (AliensLeft) or $43BB (BirdsLeft)
5303   222B C3 80 03                           JP      ClearForeground     ; 
5304   222E             
5305   2230                                    .ORG $2230
5306   2230             ;*****************************************************************************
5307   2230             ;* Game level 4, 6 and 8:
5308   2230             ;* Drives the spiral fade-in animation between waves.
5309   2230             ;* The animation step counter is incremented every frame,
5310   2230             ;* its value indexes the spiral drawing progress,
5311   2230             ;* and when the spiral is complete it advances to the next level.
5312   2230             ;*****************************************************************************
5313   2230             L2230:
5314   2230 21 9C 43                           LD      HL,M439C            ; 
5315   2233 7E                                 LD      A,(HL)              ;
5316   2234 34                                 INC     (HL)                ; advance animation
5317   2235 00                                 NOP                         ;
5318   2236 0F                                 RRCA                        ;
5319   2237 E6 3F                              AND     $3F                 ; mask out 0011_1111
5320   2239 FE 0D                              CP      $0D                 ;
5321   223B CA 92 22                           JP      Z,L2292             ; 
5322   223E 06 1F                              LD      B,$1F               ; The asterisk character
5323   2240 DA 60 22                           JP      C,L2260             ; 
5324   2243 06 00                              LD      B,$00               ; The space character
5325   2245 D6 0E                              SUB     $0E                 ;
5326   2247 FE 0D                              CP      $0D                 ;
5327   2249 C2 60 22                           JP      NZ,L2260            ; 
5328   224C 21 B8 43                           LD      HL,LevelAndRound    ; 
5329   224F 34                                 INC     (HL)                ; increment game level $43B8
5330   2250 2E A4                              LD      L,$A4               ; HL=43A4 -- game state
5331   2252 36 02                              LD      (HL),$02            ; Next interval game state is 2: 'init game and level data'
5332   2254 C9                                 RET                         ;
5333   2255             
5334   2260                                    .ORG $2260
5335   2260             ;
5336   2260             L2260:
5337   2260 4F                                 LD      C,A                 ;
5338   2261 0F                                 RRCA                        ;
5339   2262 0F                                 RRCA                        ;
5340   2263 0F                                 RRCA                        ;
5341   2264 57                                 LD      D,A                 ;
5342   2265 E6 1F                              AND     $1F                 ;
5343   2267 5F                                 LD      E,A                 ;
5344   2268 7A                                 LD      A,D                 ;
5345   2269 E6 E0                              AND     $E0                 ;
5346   226B C6 B0                              ADD     $B0                 ;
5347   226D 6F                                 LD      L,A                 ;
5348   226E 7B                                 LD      A,E                 ;
5349   226F CE 41                              ADC     $41                 ;
5350   2271 67                                 LD      H,A                 ;
5351   2272 7D                                 LD      A,L                 ;
5352   2273 91                                 SUB     C                   ;
5353   2274 6F                                 LD      L,A                 ;
5354   2275 79                                 LD      A,C                 ;
5355   2276 3C                                 INC     A                   ;
5356   2277 4F                                 LD      C,A                 ;
5357   2278 07                                 RLCA                        ; Multiply by 2
5358   2279 5F                                 LD      E,A                 ;
5359   227A             ;
5360   227A             L227A:
5361   227A 51                                 LD      D,C                 ; D is the height counter for each pass
5362   227B             ;
5363   227B             L227B:
5364   227B 70                                 LD      (HL),B              ; draw the asterisk or space
5365   227C 23                                 INC     HL                  ; one row down
5366   227D 70                                 LD      (HL),B              ; another asterisk or space
5367   227E 23                                 INC     HL                  ; one row down
5368   227F 15                                 DEC     D                   ; all of this column done?
5369   2280 C2 7B 22                           JP      NZ,L227B            ; No ... do all rows
5370   2283 7D                                 LD      A,L                 ; LSB of screen pointer
5371   2284 91                                 SUB     C                   ; move up ...
5372   2285 91                                 SUB     C                   ; ... height * 2
5373   2286 D6 20                              SUB     $20                 ; Move right one column
5374   2288 6F                                 LD      L,A                 ; New LSB
5375   2289 7C                                 LD      A,H                 ; Borrow into ...
5376   228A DE 00                              SBC     $00                 ; ... the ...
5377   228C 67                                 LD      H,A                 ; ... MSB
5378   228D 1D                                 DEC     E                   ; All columns done?
5379   228E C2 7A 22                           JP      NZ,L227A            ; no ... do all columns
5380   2291 C9                                 RET                         ; Done
5381   2292             ;*****************************************************************************
5382   2292             ;* Spiral step
5383   2292             ;*****************************************************************************
5384   2292             L2292:
5385   2292 21 B8 43                           LD      HL,LevelAndRound    ; 
5386   2295 7E                                 LD      A,(HL)              ;
5387   2296 E6 08                              AND     $08                 ; mask out 0000_1000
5388   2298 CA F0 22                           JP      Z,L22F0             ; 
5389   229B             ;*****************************************************************************
5390   229B             ;* Fill the entire background with stars (uses the whole `$1C00`–`$1CFF` page, including `$1CB4`–`$1CFF`).
5391   229B             ;* `L2292` copies the star page into background VRAM from `$4B3F` downward, reading `T1C00` with `INC L`
5392   229B             ;* (which wraps inside page `$1C`), until it has filled `$4800`–`$4B3F`.
5393   229B             ;*****************************************************************************
5394   229B 21 00 1C                           LD      HL,T1C00            ; Background stars to erase mother ship
5395   229E 11 3F 4B                           LD      DE,$4B3F            ; End of background screen memory
5396   22A1 06 47                              LD      B,$47               ;
5397   22A3             L22A3:
5398   22A3 7E                                 LD      A,(HL)              ;
5399   22A4 12                                 LD      (DE),A              ;
5400   22A5 2C                                 INC     L                   ;
5401   22A6 1B                                 DEC     DE                  ;
5402   22A7 7E                                 LD      A,(HL)              ;
5403   22A8 12                                 LD      (DE),A              ;
5404   22A9 2C                                 INC     L                   ;
5405   22AA 1B                                 DEC     DE                  ;
5406   22AB 78                                 LD      A,B                 ;
5407   22AC BA                                 CP      D                   ;
5408   22AD C2 A3 22                           JP      NZ,L22A3            ; 
5409   22B0 C3 E0 22                           JP      L22E0               ; 
5410   22B3             
5411   22B4                                    .ORG $22B4
5412   22B4             ;*****************************************************************************
5413   22B4             ;* Game level 9:
5414   22B4             ;* Mothership 'fade in' animation.
5415   22B4             ;*****************************************************************************
5416   22B4             L22B4:
5417   22B4 CD 7A 06                           CALL    StarsScrollDown     ; 
5418   22B7 21 B4 43                           LD      HL,CounterB4        ; 
5419   22BA 35                                 DEC     (HL)                ;
5420   22BB 7E                                 LD      A,(HL)              ;
5421   22BC FE 28                              CP      $28                 ;
5422   22BE C2 48 08                           JP      NZ,L0848            ; 
5423   22C1 2E 67                              LD      L,$67               ;
5424   22C3 36 FF                              LD      (HL),$FF            ;
5425   22C5 C9                                 RET                         ;
5426   22C6             
5427   22CA                                    .ORG $22CA
5428   22CA             ;*****************************************************************************
5429   22CA             ;* Game level A:
5430   22CA             ;* Mothership and aliens 'fade in'
5431   22CA             ;*****************************************************************************
5432   22CA             L22CA:
5433   22CA 21 B4 43                           LD      HL,CounterB4        ; 
5434   22CD 7E                                 LD      A,(HL)              ;
5435   22CE FE C0                              CP      $C0                 ;
5436   22D0 C2 34 08                           JP      NZ,L0834            ; Stars scrolling down and 'aliens fade in'
5437   22D3 36 30                              LD      (HL),$30            ;
5438   22D5 2E 67                              LD      L,$67               ;
5439   22D7 36 FF                              LD      (HL),$FF            ;
5440   22D9 2E BC                              LD      L,$BC               ;
5441   22DB 36 3F                              LD      (HL),$3F            ;
5442   22DD C9                                 RET                         ;
5443   22DE             
5444   22E0                                    .ORG $22E0
5445   22E0             ;
5446   22E0             L22E0:
5447   22E0 3E 71                              LD      A,$71               ; init the ...
5448   22E2             ;
5449   22E2             L22E2:
5450   22E2 32 B9 43                           LD      (CounterB9),A       ; free running 8 bit backwards counter
5451   22E5 32 00 58                           LD      (scrollRegister),A  ; 58xx scroll register
5452   22E8 C9                                 RET                         ;
5453   22E9             
5454   22F0                                    .ORG $22F0
5455   22F0             ;
5456   22F0             L22F0:
5457   22F0 CD A0 03                           CALL    ClearBackground     ; 
5458   22F3 AF                                 XOR     A                   ; A=0
5459   22F4 C3 E2 22                           JP      L22E2               ; 
5460   22F7             
5461   22FA                                    .ORG $22FA
5462   22FA             ;*****************************************************************************
5463   22FA             ;* Rotate the conveyor belt:
5464   22FA             ;* How the "rotation" actually works:
5465   22FA             ;* Each belt tile is a code in `$60`–`$6F`, i.e. `$60 + p` where `p` is a 4-bit phase (0–15)
5466   22FA             ;* that selects which frame of the belt-link graphic is shown. The routine treats that 4-bit phase as two 2-bit halves.
5467   22FA             ;* - high half = bits 2–3
5468   22FA             ;* - low half = bits 0–1
5469   22FA             ;* Walking up the belt column (`L -= $20` each step), every tile is rebuilt as:
5470   22FA             ;* new_phase = (previous_tile.low2 << 2) | (current_tile.high2)
5471   22FA             ;* new_tile  = $60 | new_phase
5472   22FA             ;* In other words:
5473   22FA             ;* - a tile's new high 2 bits come from the lower neighbour's old low 2 bits, and
5474   22FA             ;* - its new low 2 bits come from its own old high 2 bits.
5475   22FA             ;* That is a 2-bit-per-tile shift register running up the column:
5476   22FA             ;* Every animation step, the belt-link pattern marches exactly one 2-bit field up the chain.
5477   22FA             ;* The seed value read from `$488A` feeds a fresh pattern into the bottom of the chain each step,
5478   22FA             ;* so the motion is continuous and never runs out of pattern.
5479   22FA             ;* Because the cumulative effect is "every belt segment's pattern shifts one position along the belt each tick",
5480   22FA             ;* the row of `$60`–`$6F` tiles cycles through their link graphics in lock-step — which the eye reads as the belt rotating/conveying.
5481   22FA             ;*****************************************************************************
5482   22FA             L22FA:
5483   22FA 21 AA 4A                           LD      HL,BackgroundScreen+$2AA
5484   22FD 06 12                              LD      B,$12               
5485   22FF 3A 8A 48                           LD      A,(BackgroundScreen+$8A)
5486   2302 4F                                 LD      C,A                 
5487   2303             L2303:
5488   2303 79                                 LD      A,C                 
5489   2304 E6 03                              AND     $03                 
5490   2306 07                                 RLCA                        ; Multiply by 4 ..
5491   2307 07                                 RLCA                        ; ..
5492   2308 57                                 LD      D,A                 
5493   2309 4E                                 LD      C,(HL)              
5494   230A 79                                 LD      A,C                 
5495   230B E6 0C                              AND     $0C                 
5496   230D 0F                                 RRCA                        
5497   230E 0F                                 RRCA                        
5498   230F B2                                 OR      D                   
5499   2310 F6 60                              OR      $60                 
5500   2312 77                                 LD      (HL),A              
5501   2313 7D                                 LD      A,L                 
5502   2314 D6 20                              SUB     $20                 
5503   2316 6F                                 LD      L,A                 
5504   2317 D2 1B 23                           JP      NC,L231B            ; 
5505   231A 25                                 DEC     H                   
5506   231B             L231B:
5507   231B 05                                 DEC     B                   
5508   231C C2 03 23                           JP      NZ,L2303            ; 
5509   231F C9                                 RET                         
5510   2320             
5511   2322                                    .ORG $2322
5512   2322             ;*****************************************************************************
5513   2322             ;* Animation of the mothership's antenna and the alien pilot.
5514   2322             ;*****************************************************************************
5515   2322             L2322:
5516   2322 21 A7 43                           LD      HL,AnimationCounter ; 
5517   2325 34                                 INC     (HL)                ; increment the animation counter
5518   2326 7E                                 LD      A,(HL)              ;
5519   2327 E6 07                              AND     $07                 ; mask out 0000_0111, in order to count from 0 to 7 for 8 frames
5520   2329 07                                 RLCA                        ; Multiply by 8 ..
5521   232A 07                                 RLCA                        ; ..to get..
5522   232B 07                                 RLCA                        ; ..the frame data adress (8 characters per frame)
5523   232C C6 C0                              ADD     T1BC0 & $FF         ; LSB of T1BC0
5524   232E 6F                                 LD      L,A                 ;
5525   232F 26 1B                              LD      H,T1BC0 >> 8        ; MSB of T1BC0
5526   2331 11 A6 49                           LD      DE,BackgroundScreen+$1A6; at the middle of the mothership
5527   2334 01 02 04                           LD      BC,$0402            ; images are 2x4
5528   2337 C3 D6 0A                           JP      DrawImageCbyB       ; 
5529   233A             ; Intro-splash bird animation script table:
5530   233A             ; A list of bird shape indices that, played in order, make the attract-mode bird grow
5531   233A             ; from a twinkling star into a full flapping Phoenix and then shrink back.
5532   233A             ; Used at `DrawIntroBirdAnimationFrame` (`$21DC`).
5533   233A             ; The mapping is a two-level lookup:
5534   233A             ; M4399  --(>>3)-->  T233A[i] = shape index
5535   233A             ;                      |
5536   233A             ;                      +--(*8)--+--(+ M4399&7 phase)--> T3E08 entry --> bird tile-block address
5537   233A             ; So `T233A` is essentially a tiny animation timeline.
5538   233A             ; The index `M4399 >> 3` walks through it, each step lasting 8 ticks (during which `M4399 & 7` animates the wings),
5539   233A             ; turning the abstract growth/flap/shrink choreography into concrete shape indices that `DrawBirdObject` renders.
5540   233A             ; The trailing `FF` signals the end of the script (it's the sentinel the surrounding intro logic uses to know the sequence is finished).
5541   233A             T233A:
5542   233A 01 02 03 04                        .DB $01, $02, $03, $04, $05, $06, $07, $0A, $07, $0A, $07, $0A, $07, $0A, $07, $0A
5542   233E 05 06 07 0A 
5542   2342 07 0A 07 0A 
5542   2346 07 0A 07 0A 
5543   234A 09 08 04 03                        .DB $09, $08, $04, $03, $02, $01, $FF
5543   234E 02 01 FF 
5544   2351             
5545   2351             ;*****************************************************************************
5546   2351             ;* Mother-ship collision routine:
5547   2351             ;* During the mother-ship levels (game level ≥ 8), `L2000` -> `L24A0` calls `L2351`.
5548   2351             ;* It looks up the tile at the (scroll-adjusted) bullet position 
5549   2351             ;* and explicitly tests for the `$4C`–`$4F` group.
5550   2351             ;*****************************************************************************
5551   2351             L2351:
5552   2351 1A                                 LD      A,(DE)              
5553   2352 E6 08                              AND     $08                 
5554   2354 C8                                 RET     Z                   
5555   2355 7E                                 LD      A,(HL)              
5556   2356 2C                                 INC     L                   
5557   2357 6E                                 LD      L,(HL)              
5558   2358 C6 08                              ADD     $08                 
5559   235A 67                                 LD      H,A                 
5560   235B 3A B9 43                           LD      A,(CounterB9)       ; 
5561   235E 0F                                 RRCA                        
5562   235F 0F                                 RRCA                        
5563   2360 0F                                 RRCA                        
5564   2361 85                                 ADD     A,L                 
5565   2362 E6 1F                              AND     $1F                 
5566   2364 47                                 LD      B,A                 
5567   2365 7D                                 LD      A,L                 
5568   2366 E6 E0                              AND     $E0                 
5569   2368 B0                                 OR      B                   
5570   2369 6F                                 LD      L,A                 
5571   236A 7E                                 LD      A,(HL)              
5572   236B 47                                 LD      B,A                 
5573   236C E6 FC                              AND     $FC                 
5574   236E FE 4C                              CP      $4C                 
5575   2370 CA 7B 23                           JP      Z,L237B             ; 
5576   2373 E6 F0                              AND     $F0                 
5577   2375 FE 60                              CP      $60                 
5578   2377 CA 98 23                           JP      Z,L2398             ; 
5579   237A C9                                 RET                         
5580   237B             ;*****************************************************************************
5581   237B             ;* The mothership's protective shield was hit by a player bullet.
5582   237B             ;* Shield erosion.
5583   237B             ;* So a hit on a `$4C`–`$4F` tile does the following, with no score awarded:
5584   237B             ;* 1. The bullet is consumed (`AND $F7` clears the active bit) — the shot stops there; it does not punch through.
5585   237B             ;* 2. A "mother-ship hit" is registered (`$4366 = $FF`), which drives the hit sound effect.
5586   237B             ;* 3. The tile is decremented one step: `$4F -> $4E -> $4D -> $4C -> $4B`.
5587   237B             ;*    Because the four tiles are an increasing-density gradient, each shot visually "chips" the curved armour one notch thinner.
5588   237B             ;* 4. When a tile erodes to `$4B` it's cleared to `$00` (that chunk of shield is gone).
5589   237B             ;*    If the tile behind it is the solid hull `$5E`, that hull tile is turned into a fresh `$4F`,
5590   237B             ;*    i.e. the next layer of hull becomes the new erodible shield edge.
5591   237B             ;*****************************************************************************
5592   237B             L237B:
5593   237B 1A                                 LD      A,(DE)              
5594   237C E6 F7                              AND     $F7                 
5595   237E 12                                 LD      (DE),A              
5596   237F 3E FF                              LD      A,$FF               
5597   2381 32 66 43                           LD      (M4366),A           ; 
5598   2384 78                                 LD      A,B                 
5599   2385 3D                                 DEC     A                   
5600   2386 77                                 LD      (HL),A              
5601   2387 FE 4B                              CP      $4B                 
5602   2389 C0                                 RET     NZ                  
5603   238A 36 00                              LD      (HL),$00            
5604   238C 2D                                 DEC     L                   
5605   238D 7E                                 LD      A,(HL)              
5606   238E FE 5E                              CP      $5E                 
5607   2390 C0                                 RET     NZ                  
5608   2391 36 4F                              LD      (HL),$4F            
5609   2393 C9                                 RET                         
5610   2394             
5611   2398                                    .ORG $2398
5612   2398             ;*****************************************************************************
5613   2398             ;* Belt-hit handler:
5614   2398             ;*****************************************************************************
5615   2398             L2398:
5616   2398 1A                                 LD      A,(DE)              
5617   2399 E6 F7                              AND     $F7                 
5618   239B 12                                 LD      (DE),A              
5619   239C 1C                                 INC     E                   
5620   239D 1C                                 INC     E                   
5621   239E 1A                                 LD      A,(DE)              
5622   239F E6 04                              AND     $04                 
5623   23A1 78                                 LD      A,B                 
5624   23A2 C2 30 20                           JP      NZ,L2030            ; 
5625   23A5 E6 0C                              AND     $0C                 
5626   23A7 FE 04                              CP      $04                 
5627   23A9 11 40 1B                           LD      DE,$1B40            
5628   23AC             L23AC:
5629   23AC CA C0 23                           JP      Z,L23C0             ; 
5630   23AF 78                                 LD      A,B                 
5631   23B0 E6 0F                              AND     $0F                 
5632   23B2 83                                 ADD     A,E                 
5633   23B3 5F                                 LD      E,A                 
5634   23B4 1A                                 LD      A,(DE)              
5635   23B5 77                                 LD      (HL),A              
5636   23B6 3E FF                              LD      A,$FF               
5637   23B8 32 66 43                           LD      (M4366),A           ; 
5638   23BB C9                                 RET                         
5639   23BC             
5640   23C0                                    .ORG $23C0
5641   23C0             ;*****************************************************************************
5642   23C0             ;* The mothership will be destroyed if an alien pilot is hit.
5643   23C0             ;* If the hit lands on the belt segment directly in front of the alien pilot,
5644   23C0             ;* `L23AC` takes the `JP Z,L23C0` branch instead, which checks whether the tile behind
5645   23C0             ;* is a pilot tile (`$70`-range) and, if so, destroys the mother ship.
5646   23C0             ;*****************************************************************************
5647   23C0             L23C0:
5648   23C0 2D                                 DEC     L                   
5649   23C1 7E                                 LD      A,(HL)              
5650   23C2 E6 F0                              AND     $F0                 
5651   23C4 FE 70                              CP      $70                 
5652   23C6 C0                                 RET     NZ                  
5653   23C7 21 A4 43                           LD      HL,GameState        ; Next interval game state ...
5654   23CA 36 06                              LD      (HL),$06            ; ... is 6 (mother ship partikel explosion)
5655   23CC 2C                                 INC     L                   
5656   23CD 36 60                              LD      (HL),$60            
5657   23CF 2E 63                              LD      L,$63               
5658   23D1 36 FF                              LD      (HL),$FF            
5659   23D3 C9                                 RET                         
5660   23D4             
5661   23D6                                    .ORG $23D6
5662   23D6             ;*****************************************************************************
5663   23D6             ;* Background sound update.
5664   23D6             ;*****************************************************************************
5665   23D6             L23D6:
5666   23D6 21 B8 43                           LD      HL,LevelAndRound    ; 
5667   23D9 7E                                 LD      A,(HL)              ;
5668   23DA E6 0F                              AND     $0F                 ; mask out 0000_1111
5669   23DC FE 01                              CP      $01                 ;
5670   23DE CA 98 3A                           JP      Z,L3A98             ; if game level is 1 (1st alien wave)
5671   23E1 FE 03                              CP      $03                 ;
5672   23E3 CA 98 3A                           JP      Z,L3A98             ; if game level is 3 (2nd alien wave)
5673   23E6 FE 05                              CP      $05                 ;
5674   23E8 CA D0 3A                           JP      Z,L3AD0             ; if game level is 5 (1st bird wave)
5675   23EB FE 07                              CP      $07                 ;
5676   23ED CA D0 3A                           JP      Z,L3AD0             ; if game level is 7 (2nd bird wave)
5677   23F0 FE 09                              CP      $09                 ;
5678   23F2 D8                                 RET     C                   ; if game level is 9 (mothership 'fade in')
5679   23F3 FE 0B                              CP      $0B                 ;
5680   23F5 DA 02 3B                           JP      C,L3B02             ; if game level is B (mothership)
5681   23F8 CD 02 3B                           CALL    L3B02               ; Background sound for level B (mothership)
5682   23FB C3 98 3A                           JP      L3A98               ; Background sound for the alien waves
5683   23FE             
5684   2400                                    .ORG $2400
5685   2400             ;*****************************************************************************
5686   2400             ;* Game state 6.
5687   2400             ;* Mother ship partikel explosion.
5688   2400             ;*****************************************************************************
5689   2400             L2400:
5690   2400 CD 2C 24                           CALL    L242C               ; Shared per-frame prologue for game state 6
5691   2403 CA 52 25                           JP      Z,L2552             ; timer expired -> state 7, score display
5692   2406 FE 20                              CP      $20                 ; 
5693   2408 DA 6A 24                           JP      C,EraseMothership   ; last $20 frames: wipe the hull
5694   240B CA 20 25                           JP      Z,L2520             ; exactly $20: Calculation and display of the bonus score for mothership explosion
5695   240E 47                                 LD      B,A                 ; 
5696   240F 0F                                 RRCA                        ; 
5697   2410 00                                 NOP                         ; 
5698   2411 78                                 LD      A,B                 ; 
5699   2412 D2 E8 20                           JP      NC,L20E8            ; 
5700   2415 7B                                 LD      A,E                 ; 
5701   2416 D6 05                              SUB     $05                 ; 
5702   2418 C6 C0                              ADD     $C0                 ; 
5703   241A 4F                                 LD      C,A                 ; 
5704   241B 7A                                 LD      A,D                 ; 
5705   241C CE 00                              ADC     $00                 ; 
5706   241E 47                                 LD      B,A                 ; 
5707   241F 7E                                 LD      A,(HL)              ; 
5708   2420 11 00 2A                           LD      DE,T2A00            ; get the foreground tiles of the mothership particles explosion
5709   2423 21 00 2B                           LD      HL,T2B00            ; get the control data
5710   2426 C3 85 20                           JP      L2085               ; 
5711   2429             
5712   242C                                    .ORG $242C
5713   242C             ;*****************************************************************************
5714   242C             ;* Shared per-frame prologue for game state 6:
5715   242C             ;* It does three things: freezes the background scroll on a character boundary
5716   242C             ;* and re-programs the `58xx` scroll register, computes the scroll-compensated
5717   242C             ;* foreground screen origin for the explosion into `DE`,
5718   242C             ;* and ticks the state timer `CounterA5` down, returning it in `A` with the `Z` flag set on expiry.
5719   242C             ;* `L242C` therefore holds the scroll still: `AND $F8` rounds `CounterB9` down to a whole character row,
5720   242C             ;* stores it back, and re-programs the register with that value every frame.
5721   242C             ;* The background stops drifting, and — importantly for the next step,
5722   242C             ;* the scroll offset is guaranteed to be an exact multiple of 8 pixels.
5723   242C             ;*****************************************************************************
5724   242C             L242C:
5725   242C 21 B9 43                           LD      HL,CounterB9        ; 
5726   242F 7E                                 LD      A,(HL)              ; 
5727   2430 E6 F8                              AND     $F8                 ; 1111_1000 drop the 3 sub-character bits
5728   2432 77                                 LD      (HL),A              ; write the aligned value back
5729   2433 32 00 58                           LD      (scrollRegister),A  ; 58xx scroll register58xx scroll register
5730   2436 11 C6 41                           LD      DE,$41C6            ; mother-ship origin, foreground plane
5731   2439 0F                                 RRCA                        ; A = CounterB9 / 8
5732   243A 0F                                 RRCA                        ;   (clean shift: low 3 bits are 0)
5733   243B 0F                                 RRCA                        ; 
5734   243C 47                                 LD      B,A                 ; B = scroll offset in character rows
5735   243D 7B                                 LD      A,E                 ; $C6
5736   243E 90                                 SUB     B                   ; 
5737   243F E6 1F                              AND     $1F                 ; 0001_1111 wrap within the 5-bit row field
5738   2441 47                                 LD      B,A                 ; 
5739   2442 7B                                 LD      A,E                 ; $C6
5740   2443 E6 E0                              AND     $E0                 ; 1110_0000 keep the horizontal field ($C0)
5741   2445 B0                                 OR      B                   ; 
5742   2446 5F                                 LD      E,A                 ; E = $C0 | (($C6 - scroll) & $1F)
5743   2447 2E A5                              LD      L,$A5               ; CounterA5
5744   2449 35                                 DEC     (HL)                ; <- the flags the caller tests
5745   244A 7E                                 LD      A,(HL)              ; 
5746   244B C9                                 RET                         ; 
5747   244C             
5748   244C             ;*****************************************************************************
5749   244C             ;* Game state 7.
5750   244C             ;* Mother ship score display.
5751   244C             ;*****************************************************************************
5752   244C             L244C:
5753   244C 21 A5 43                           LD      HL,CounterA5        ; 
5754   244F 35                                 DEC     (HL)                ;
5755   2450 7E                                 LD      A,(HL)              ;
5756   2451 0F                                 RRCA                        ;
5757   2452 DA F0 06                           JP      C,L06F0             ; update scroll register and fill background
5758   2455 A7                                 AND     A                   ; updates the zero flag
5759   2456 C0                                 RET     NZ                  ;
5760   2457 2D                                 DEC     L                   ;
5761   2458 36 02                              LD      (HL),$02            ;
5762   245A 2E B8                              LD      L,$B8               ;
5763   245C 7E                                 LD      A,(HL)              ;
5764   245D E6 F0                              AND     $F0                 ;
5765   245F C6 10                              ADD     $10                 ; go to next round and ..
5766   2461 77                                 LD      (HL),A              ; .. store at LevelAndRound $43B8
5767   2462 2E BA                              LD      L,$BA               ;
5768   2464 36 10                              LD      (HL),$10            ; set AliensLeft to 16
5769   2466 C3 80 03                           JP      ClearForeground     ; 
5770   2469             
5771   246A                                    .ORG $246A
5772   246A             ;*****************************************************************************
5773   246A             ;* EraseMothership:
5774   246A             ;*****************************************************************************
5775   246A             EraseMothership:
5776   246A 01 14 09                           LD      BC,$0914            ; 20x9 image
5777   246D 11 C6 4A                           LD      DE,$4AC6            ; Screen coordinate of mother ship
5778   2470 21 00 1C                           LD      HL,$1C00            ; Background stars to erase the mother ship
5779   2473 C3 D6 0A                           JP      DrawImageCbyB       ; Erase the mother ship
5780   2476             
5781   2476             ;*****************************************************************************
5782   2476             ;* Re-arms the bird attack cycle:
5783   2476             ;* It runs once each time the bird dwell timer `B4BD3` expires and computes two fresh values:
5784   2476             ;* A new dwell time for `B4BD3` (how long until the next re-arm) and a new descent threshold `B4BD1`
5785   2476             ;* (how far the formation is allowed to scroll down before the direction flips).
5786   2476             ;* Both are derived from the surviving birds' vertical spread, the kill count,
5787   2476             ;* the frame counter, and the wave randomiser `M436F`.
5788   2476             ;* Notes
5789   2476             ;* - `RLCA` at `$2484`, `$2488` and `$26BD` is a rotate, not a shift.
5790   2476             ;*   For the small values involved it acts as ×2, but a value ≥ `$80` would wrap its top bit into bit 0.
5791   2476             ;* - Only `L` is reloaded throughout; `H` stays `$4B` for the `B4BDx` writes and `$43` after `$247E`.
5792   2476             ;*****************************************************************************
5793   2476             L2476:
5794   2476 78                                 LD      A,B                 ; 
5795   2477 81                                 ADD     A,C                 ; A = B + C
5796   2478 CD 95 24                           CALL    L2495               ; unrolled multiply
5797   247B 2E D3                              LD      L,$D3               ; $4BD3 countdown timer between bird attacks ("bird extended storage")
5798   247D 77                                 LD      (HL),A              ; B4BD3 = new dwell time
5799   247E 21 BB 43                           LD      HL,BirdsLeft        ; 
5800   2481 3E 08                              LD      A,$08               ; number of birds
5801   2483 96                                 SUB     (HL)                ; birds already killed
5802   2484 07                                 RLCA                        ; Multiply by 2
5803   2485 2E 9A                              LD      L,$9A               ; Counter9A
5804   2487 86                                 ADD     A,(HL)              ; 
5805   2488 07                                 RLCA                        ; Multiply by 2
5806   2489 47                                 LD      B,A                 ; 
5807   248A             ; Attack timing / launch slot                      
5808   248A 2E 6F                              LD      L,$6F               ; $436F (random)
5809   248C 7E                                 LD      A,(HL)              ; 
5810   248D E6 1E                              AND     $1E                 ; 0001_1110 random even value 0..$1E
5811   248F 80                                 ADD     A,B                 ; B from (8-BirdsLeft) & Counter9A
5812   2490 32 D1 4B                           LD      (B4BD1),A           ; new descent turnaround threshold (max depth)
5813   2493 C9                                 RET                         ; 
5814   2494             
5815   2495                                    .ORG $2495
5816   2495             ;*****************************************************************************
5817   2495             ;* Unrolled multiply:
5818   2495             ;* `L2495` is a hand-unrolled "add `B` up to three times, then maybe double" helper.
5819   2495             ;*****************************************************************************
5820   2495             L2495:
5821   2495 80                                 ADD     A,B                 ; 
5822   2496 0D                                 DEC     C                   ; 
5823   2497 C8                                 RET     Z                   ; 
5824   2498 80                                 ADD     A,B                 ; 
5825   2499 0D                                 DEC     C                   ; 
5826   249A C8                                 RET     Z                   ; 
5827   249B 80                                 ADD     A,B                 ; 
5828   249C 0D                                 DEC     C                   ; 
5829   249D C8                                 RET     Z                   ; 
5830   249E 87                                 ADD     A,A                 ; 
5831   249F C9                                 RET                         ; 
5832   24A0             ;
5833   24A0             L24A0:
5834   24A0 3A B8 43                           LD      A,(LevelAndRound)   ; 
5835   24A3 E6 0F                              AND     $0F                 ; mask out 0000_1111
5836   24A5 FE 08                              CP      $08                 ;
5837   24A7 D8                                 RET     C                   ; return if game level < 8
5838   24A8 11 C4 43                           LD      DE,PlayerBulletState
5839   24AB 21 E6 43                           LD      HL,AbovePlayerBulletMSB
5840   24AE CD 51 23                           CALL    L2351               ; 
5841   24B1 3A 9B 43                           LD      A,(Counter9A+$1)    ; 
5842   24B4 E6 03                              AND     $03                 ; mask out 0000_0011
5843   24B6 FE 03                              CP      $03                 ;
5844   24B8 C0                                 RET     NZ                  ; return if <> 3
5845   24B9 C3 F2 24                           JP      L24F2               ; 
5846   24BC             
5847   24C4                                    .ORG $24C4
5848   24C4             ;*****************************************************************************
5849   24C4             ;* The mother-ship level handlers (`L2130`/`L2146`/`L21BA`/`L21C5`) all call `L24C4` every frame.
5850   24C4             ;* `L24C4` bumps a frame counter (`$43AA`) and time-slices two animations:
5851   24C4             ;* The antenna/pilot animation `L2322` runs on 3 of every 4 frames,
5852   24C4             ;* and the belt rotation `L22FA` runs on the 4th.
5853   24C4             ;*****************************************************************************
5854   24C4             L24C4:
5855   24C4 3A B8 43                           LD      A,(LevelAndRound)   ; 
5856   24C7 E6 0F                              AND     $0F                 ; mask out 0000_1111
5857   24C9 FE 08                              CP      $08                 ;
5858   24CB DA F0 06                           JP      C,L06F0             ; update scroll register and fill background if game level < 8
5859   24CE CD E0 24                           CALL    L24E0               ; 
5860   24D1 21 AA 43                           LD      HL,M43AA            ; 
5861   24D4 34                                 INC     (HL)                ;
5862   24D5 7E                                 LD      A,(HL)              ;
5863   24D6 E6 03                              AND     $03                 ; mask out 0000_0011
5864   24D8 CA FA 22                           JP      Z,L22FA             ; if $43AA <> 3
5865   24DB C3 22 23                           JP      L2322               ; Animation of the mothership's antenna and the alien pilot
5866   24DE             
5867   24E0                                    .ORG $24E0
5868   24E0             ;
5869   24E0             L24E0:
5870   24E0 3A AA 43                           LD      A,(M43AA)           ; 
5871   24E3 E6 0F                              AND     $0F                 
5872   24E5 C0                                 RET     NZ                  
5873   24E6 3A B9 43                           LD      A,(CounterB9)       ; 
5874   24E9 FE A0                              CP      $A0                 
5875   24EB D8                                 RET     C                   
5876   24EC C3 7A 06                           JP      StarsScrollDown     ; 
5877   24EF             
5878   24F2                                    .ORG $24F2
5879   24F2             ;*****************************************************************************
5880   24F2             ;* Mother ship bomb attack (reached from L24A0 on level >= 8, when
5881   24F2             ;* Counter9A+1 & 3 == 3). Randomly targets the player's column, then fires.
5882   24F2             ;* Purpose:
5883   24F2             ;* On mother ship levels this fires a bomb only when a random number happens
5884   24F2             ;* to line up horizontally with the player ship (a "semi aimed" attack,
5885   24F2             ;* further rate limited by the `Counter9A` gate). It builds the bomb's `B`=X / `C`=Y
5886   24F2             ;* (Y derived from the scroll counter) and jumps into the shared spawner `L25B7`.
5887   24F2             ;* The two `PUSH HL` match the two `POP HL` that `L25B7`/`L25E0` do on exit.
5888   24F2             ;*****************************************************************************
5889   24F2             L24F2:
5890   24F2 CD AA 30                           CALL    GetRandomNumber     ; 
5891   24F5 C6 60                              ADD     $60                 
5892   24F7 00                                 NOP                         
5893   24F8 47                                 LD      B,A                 
5894   24F9 21 9B 43                           LD      HL,Counter9A+$1    ; 
5895   24FC E6 0E                              AND     $0E                 
5896   24FE A6                                 AND     (HL)                
5897   24FF C0                                 RET     NZ                  
5898   2500 3A 9E 43                           LD      A,(M439E)           ; 
5899   2503 B8                                 CP      B                   
5900   2504 D0                                 RET     NC                  
5901   2505 3A 9F 43                           LD      A,(M439F)           ; 
5902   2508 B8                                 CP      B                   
5903   2509 D8                                 RET     C                   
5904   250A 78                                 LD      A,B                 
5905   250B D6 04                              SUB     $04                 
5906   250D 47                                 LD      B,A                 
5907   250E 3A B9 43                           LD      A,(CounterB9)       ; 
5908   2511 2F                                 CPL                         
5909   2512 3C                                 INC     A                   
5910   2513 E6 F8                              AND     $F8                 
5911   2515 C6 48                              ADD     $48                 
5912   2517 4F                                 LD      C,A                 
5913   2518 E5                                 PUSH    HL                  
5914   2519 E5                                 PUSH    HL                  
5915   251A C3 B7 25                           JP      L25B7               ; 
5916   251D             
5917   2520                                    .ORG $2520
5918   2520             ;*****************************************************************************
5919   2520             ;* The 'alien pilot' at mothership was hit.
5920   2520             ;* Calculation and display of the bonus score for mothership explosion.
5921   2520             ;*****************************************************************************
5922   2520             L2520:
5923   2520 D5                                 PUSH    DE                  ;
5924   2521 CD 80 03                           CALL    ClearForeground     ; remove all but the rest of the mothership
5925   2524 D1                                 POP     DE                  ;
5926   2525 3A B9 43                           LD      A,(CounterB9)       ; get value from 8 bit backwards counter
5927   2528 C6 60                              ADD     $60                 ; use it for a ...
5928   252A 0F                                 RRCA                        ; ... score value
5929   252B 47                                 LD      B,A                 ; save it
5930   252C 3A B8 43                           LD      A,(LevelAndRound)   ; 
5931   252F E6 F0                              AND     $F0                 ; mask out 1111_0000 (bit4 - 7: game round)
5932   2531 80                                 ADD     A,B                 ; add score value
5933   2532 06 90                              LD      B,$90               ;
5934   2534 DA 3D 25                           JP      C,L253D             ; 
5935   2537 FE 90                              CP      $90                 ;
5936   2539 D2 3D 25                           JP      NC,L253D            ; 
5937   253C 47                                 LD      B,A                 ;
5938   253D             L253D:
5939   253D AF                                 XOR     A                   ; A=0
5940   253E 78                                 LD      A,B                 ;
5941   253F 27                                 DAA                         ; adjust for BCD
5942   2540 21 9D 43                           LD      HL,M439D            ; 
5943   2543 77                                 LD      (HL),A              ; set value for fist two digits of BCD score
5944   2544 2C                                 INC     L                   ;
5945   2545 36 00                              LD      (HL),$00            ; last two digits of BCD score set to '00'
5946   2547 7B                                 LD      A,E                 ; get LSB of screen ram...
5947   2548 D6 5E                              SUB     $5E                 ; ...
5948   254A 5F                                 LD      E,A                 ; ...
5949   254B 06 04                              LD      B,$04               ; number of digits to print
5950   254D C3 C4 00                           JP      PrintNumber         ; score for mothership explosion
5951   2550             
5952   2552                                    .ORG $2552
5953   2552             ;
5954   2552             L2552:
5955   2552 2E A4                              LD      L,$A4               ;
5956   2554 36 07                              LD      (HL),$07            
5957   2556 2C                                 INC     L                   
5958   2557 36 40                              LD      (HL),$40            
5959   2559 2E 6B                              LD      L,$6B               
5960   255B 36 FF                              LD      (HL),$FF            
5961   255D C9                                 RET                         
5962   255E             
5963   2560                                    .ORG $2560
5964   2560             ;*****************************************************************************
5965   2560             ;* Alien bomb-drop: pick a group of 8 aliens, find one lined up with the
5966   2560             ;* player at attack depth, and fire an enemy bullet at it.
5967   2560             ;* Purpose:
5968   2560             ;* `L2560` is the alien bomb drop selector. 
5969   2560             ;* It picks one of two 8 alien groups (alternating on `Counter93`),
5970   2560             ;* computes the player's horizontal window (`B`,`C`) and the required attack depth `D`
5971   2560             ;* (scaled by the attack escalation counter `$4357`), then scans the group with `L2596`.
5972   2560             ;*****************************************************************************
5973   2560             L2560:
5974   2560 21 93 43                           LD      HL,Counter93            ; 
5975   2563 7E                                 LD      A,(HL)              
5976   2564 E6 01                              AND     $01                 
5977   2566 07                                 RLCA                        ; Multiply by 32 ..
5978   2567 07                                 RLCA                        ; ..
5979   2568 07                                 RLCA                        ; ..
5980   2569 07                                 RLCA                        ; ..
5981   256A 07                                 RLCA                        ; ..
5982   256B C6 70                              ADD     $70                 
5983   256D 6F                                 LD      L,A                 
5984   256E 26 4B                              LD      H,$4B               
5985   2570 1E 08                              LD      E,$08               
5986   2572 3A 57 43                           LD      A,(M4357)           ; 
5987   2575 07                                 RLCA                        ; Multiply by 8 ..
5988   2576 07                                 RLCA                        ; ..
5989   2577 07                                 RLCA                        ; ..
5990   2578 00                                 NOP                         
5991   2579 C6 AD                              ADD     $AD                 
5992   257B 57                                 LD      D,A                 
5993   257C 3A 9F 43                           LD      A,(M439F)           ; 
5994   257F C6 03                              ADD     $03                 
5995   2581 4F                                 LD      C,A                 
5996   2582 3A 9E 43                           LD      A,(M439E)           ; 
5997   2585 D6 0A                              SUB     $0A                 
5998   2587 47                                 LD      B,A                 
5999   2588             L2588:
6000   2588 E5                                 PUSH    HL                  
6001   2589 CD 96 25                           CALL    L2596               ; 
6002   258C E1                                 POP     HL                  
6003   258D 7D                                 LD      A,L                 
6004   258E C6 04                              ADD     $04                 
6005   2590 6F                                 LD      L,A                 
6006   2591 1D                                 DEC     E                   
6007   2592 C2 88 25                           JP      NZ,L2588            ; 
6008   2595 C9                                 RET                         
6009   2596             ;*****************************************************************************
6010   2596             ;* Per-alien attack candidacy test. HL -> alien entry.
6011   2596             ;* Must be active, valid shape, horizontally over the player, and deep enough.
6012   2596             ;* `L2596` accepts an alien that is active, a valid shape, horizontally over the player,
6013   2596             ;* and deep enough on screen. When one qualifies it loads its position into `B`/`C` and drops into `L25B7`.
6014   2596             ;*****************************************************************************
6015   2596             L2596:
6016   2596 7E                                 LD      A,(HL)              
6017   2597 E6 08                              AND     $08                 
6018   2599 C8                                 RET     Z                   
6019   259A 2C                                 INC     L                   
6020   259B 7E                                 LD      A,(HL)              
6021   259C FE 08                              CP      $08                 
6022   259E C8                                 RET     Z                   
6023   259F FE 88                              CP      $88                 
6024   25A1 D0                                 RET     NC                  
6025   25A2 2C                                 INC     L                   
6026   25A3 7E                                 LD      A,(HL)              
6027   25A4 B8                                 CP      B                   
6028   25A5 D8                                 RET     C                   
6029   25A6 B9                                 CP      C                   
6030   25A7 D0                                 RET     NC                  
6031   25A8 2C                                 INC     L                   
6032   25A9 7E                                 LD      A,(HL)              
6033   25AA BA                                 CP      D                   
6034   25AB D0                                 RET     NC                  
6035   25AC FE 80                              CP      $80                 
6036   25AE D8                                 RET     C                   
6037   25AF 00                                 NOP                         
6038   25B0 00                                 NOP                         
6039   25B1 00                                 NOP                         
6040   25B2 00                                 NOP                         
6041   25B3 00                                 NOP                         
6042   25B4 4F                                 LD      C,A                 
6043   25B5 2D                                 DEC     L                   
6044   25B6 46                                 LD      B,(HL)              
6045   25B7             ;*****************************************************************************
6046   25B7             ;* Fire the enemy bullet (shared by alien and mother-ship attacks):
6047   25B7             ;* Finds a free enemy-bullet slot (max 3/4/5 depending on round) and,
6048   25B7             ;* if one exists, activates it at `(B,C)`; if all slots are busy
6049   25B7             ;* it returns up two stack levels (cancelling the scan for this frame).
6050   25B7             ;*****************************************************************************
6051   25B7             L25B7:
6052   25B7 3A B8 43                           LD      A,(LevelAndRound)   ; 
6053   25BA 16 03                              LD      D,$03               ;
6054   25BC FE 10                              CP      $10                 ; 0001_0000
6055   25BE DA CA 25                           JP      C,L25CA             ; if game round < 1
6056   25C1 16 04                              LD      D,$04               ;
6057   25C3 FE 20                              CP      $20                 ; 0010_0000
6058   25C5 DA CA 25                           JP      C,L25CA             ; if game round < 2
6059   25C8 16 05                              LD      D,$05               ;
6060   25CA             L25CA:
6061   25CA 21 CC 43                           LD      HL,AlienBullet0State
6062   25CD             L25CD:
6063   25CD 7E                                 LD      A,(HL)              ;
6064   25CE E6 08                              AND     $08                 ; mask out 0000_1000
6065   25D0 CA E0 25                           JP      Z,L25E0             ; 
6066   25D3 7D                                 LD      A,L                 
6067   25D4 C6 04                              ADD     $04                 
6068   25D6 6F                                 LD      L,A                 
6069   25D7 15                                 DEC     D                   
6070   25D8 C2 CD 25                           JP      NZ,L25CD            ; 
6071   25DB E1                                 POP     HL                  
6072   25DC E1                                 POP     HL                  
6073   25DD C9                                 RET                         
6074   25DE             
6075   25E0                                    .ORG $25E0
6076   25E0             ;*****************************************************************************
6077   25E0             ;* Bullet spawner:
6078   25E0             ;* It fills that slot — marking it active, computing a bullet character/type from the position,
6079   25E0             ;* and storing the X/Y. The paired `POP HL` at the ends unwind the two dummy
6080   25E0             ;* stack frames the callers pushed, so control returns cleanly
6081   25E0             ;* regardless of whether a bullet was actually fired.
6082   25E0             ;*****************************************************************************
6083   25E0             L25E0:
6084   25E0 78                                 LD      A,B                 
6085   25E1 C6 04                              ADD     $04                 
6086   25E3 47                                 LD      B,A                 
6087   25E4 79                                 LD      A,C                 
6088   25E5 C6 0C                              ADD     $0C                 
6089   25E7 4F                                 LD      C,A                 
6090   25E8 36 08                              LD      (HL),$08            
6091   25EA 2C                                 INC     L                   
6092   25EB 78                                 LD      A,B                 
6093   25EC 0F                                 RRCA                        
6094   25ED E6 03                              AND     $03                 
6095   25EF 57                                 LD      D,A                 
6096   25F0 79                                 LD      A,C                 
6097   25F1 E6 04                              AND     $04                 
6098   25F3 82                                 ADD     A,D                 
6099   25F4 C6 58                              ADD     $58                 
6100   25F6 77                                 LD      (HL),A              
6101   25F7 2C                                 INC     L                   
6102   25F8 70                                 LD      (HL),B              
6103   25F9 2C                                 INC     L                   
6104   25FA 71                                 LD      (HL),C              
6105   25FB E1                                 POP     HL                  
6106   25FC E1                                 POP     HL                  
6107   25FD C9                                 RET                         
6108   25FE             
6109   2600                                    .ORG $2600
6110   2600             ;*****************************************************************************
6111   2600             ;* Birds vertical movement update (with 58xx scroll register).
6112   2600             ;*****************************************************************************
6113   2600             L2600:
6114   2600 00                                 NOP                         ; Old command removed or space for a future replace patch
6115   2601 00                                 NOP                         ; ..
6116   2602 00                                 NOP                         ; ..
6117   2603 00                                 NOP                         ; ..
6118   2604 00                                 NOP                         ; ..
6119   2605 3A B9 43                           LD      A,(CounterB9)       ; 
6120   2608 2F                                 CPL                         
6121   2609 0F                                 RRCA                        
6122   260A 0F                                 RRCA                        
6123   260B 0F                                 RRCA                        
6124   260C E6 1F                              AND     $1F                 
6125   260E 21 D2 4B                           LD      HL,M4BD2            ; 
6126   2611 77                                 LD      (HL),A              
6127   2612 2C                                 INC     L                   
6128   2613 3A D1 4B                           LD      A,(M4BD1)           ; 
6129   2616 BE                                 CP      (HL)                
6130   2617 DA 50 26                           JP      C,L2650             ; 
6131   261A 3A D5 4B                           LD      A,(M4BD5)           ; 
6132   261D 57                                 LD      D,A                 
6133   261E E6 03                              AND     $03                 
6134   2620 5F                                 LD      E,A                 
6135   2621 3A 9B 43                           LD      A,(Counter9A+$1)    ; 
6136   2624 07                                 RLCA                        ; Multiply by 4 ..
6137   2625 07                                 RLCA                        ; ..
6138   2626 E6 0C                              AND     $0C                 
6139   2628 83                                 ADD     A,E                 
6140   2629 C6 D0                              ADD     $D0                 
6141   262B 6F                                 LD      L,A                 
6142   262C 26 3E                              LD      H,$3E               
6143   262E 7A                                 LD      A,D                 
6144   262F 0F                                 RRCA                        
6145   2630 0F                                 RRCA                        
6146   2631 E6 07                              AND     $07                 
6147   2633 86                                 ADD     A,(HL)              
6148   2634 57                                 LD      D,A                 
6149   2635 3A B9 43                           LD      A,(CounterB9)       ; 
6150   2638 92                                 SUB     D                   
6151   2639             L2639:
6152   2639 32 B9 43                           LD      (CounterB9),A       ; 
6153   263C 32 00 58                           LD      (scrollRegister),A  ; 58xx scroll register
6154   263F 3A 9B 43                           LD      A,(Counter9A+$1)    ; 
6155   2642 0F                                 RRCA                        
6156   2643 D2 D0 26                           JP      NC,L26D0            ; 
6157   2646 CD 68 26                           CALL    L2668               ; 
6158   2649 C3 AA 26                           JP      L26AA               ; 
6159   264C             
6160   2650                                    .ORG $2650
6161   2650             ;
6162   2650             L2650:
6163   2650 2C                                 INC     L                   ;
6164   2651 3A 9B 43                           LD      A,(Counter9A+$1)    ; 
6165   2654 07                                 RLCA                        ; Multiply by 4 ..
6166   2655 07                                 RLCA                        ; ..
6167   2656 E6 0C                              AND     $0C                 
6168   2658 86                                 ADD     A,(HL)              
6169   2659 C6 D0                              ADD     $D0                 
6170   265B 6F                                 LD      L,A                 
6171   265C 26 3E                              LD      H,$3E               
6172   265E 3A B9 43                           LD      A,(CounterB9)       ; 
6173   2661 86                                 ADD     A,(HL)              
6174   2662 C3 39 26                           JP      L2639               ; 
6175   2665 D2 AE 26                           JP      NC,L26AE            ; 
6176   2668             
6177   2668             ;
6178   2668             L2668:
6179   2668 3A 6E 43                           LD      A,(M436E)           ; 
6180   266B 00                                 NOP                         
6181   266C 47                                 LD      B,A                 
6182   266D 3A 9A 43                           LD      A,(Counter9A)       ; 
6183   2670 FE 18                              CP      $18                 
6184   2672 DA 76 26                           JP      C,L2676             ; 
6185   2675 04                                 INC     B                   
6186   2676             L2676:
6187   2676 FE 10                              CP      $10                 
6188   2678 DA 7C 26                           JP      C,L267C             ; 
6189   267B 04                                 INC     B                   
6190   267C             L267C:
6191   267C 3A BA 43                           LD      A,(AliensLeft)      ; 
6192   267F FE 03                              CP      $03                 
6193   2681 D2 85 26                           JP      NC,L2685            ; 
6194   2684 04                                 INC     B                   
6195   2685             L2685:
6196   2685 3A D6 4B                           LD      A,(M4BD6)           ; 
6197   2688 C6 E0                              ADD     $E0                 
6198   268A 6F                                 LD      L,A                 
6199   268B 26 3E                              LD      H,$3E               
6200   268D 78                                 LD      A,B                 
6201   268E BE                                 CP      (HL)                
6202   268F DA 93 26                           JP      C,L2693             ; 
6203   2692 7E                                 LD      A,(HL)              
6204   2693             L2693:
6205   2693 57                                 LD      D,A                 
6206   2694 3A BB 43                           LD      A,(BirdsLeft)       ; 
6207   2697 FE 04                              CP      $04                 
6208   2699 D2 9D 26                           JP      NC,L269D            ; 
6209   269C 14                                 INC     D                   
6210   269D             L269D:
6211   269D FE 02                              CP      $02                 
6212   269F D2 A3 26                           JP      NC,L26A3            ; 
6213   26A2 14                                 INC     D                   
6214   26A3             L26A3:
6215   26A3 7A                                 LD      A,D                 
6216   26A4 32 D5 4B                           LD      (M4BD5),A           ; 
6217   26A7 C9                                 RET                         
6218   26A8             
6219   26AA                                    .ORG $26AA
6220   26AA             L26AA:
6221   26AA 21 D3 4B                           LD      HL,M4BD3            ; countdown timer between bird attacks ("bird extended storage")
6222   26AD 7E                                 LD      A,(HL)              
6223   26AE             L26AE:
6224   26AE 35                                 DEC     (HL)                
6225   26AF A7                                 AND     A                   ; updates the zero flag
6226   26B0 C0                                 RET     NZ                  
6227   26B1 34                                 INC     (HL)                
6228   26B2 2E D6                              LD      L,$D6               
6229   26B4 7E                                 LD      A,(HL)              
6230   26B5 FE 16                              CP      $16                 
6231   26B7 D0                                 RET     NC                  
6232   26B8 FE 08                              CP      $08                 
6233   26BA D8                                 RET     C                   
6234   26BB 2C                                 INC     L                   
6235   26BC 96                                 SUB     (HL)                
6236   26BD 07                                 RLCA                        ; Multiply by 2
6237   26BE 47                                 LD      B,A                 
6238   26BF             ; Attack sub-pattern selector
6239   26BF 3A 6F 43                           LD      A,(M436F)           ; 
6240   26C2 E6 03                              AND     $03                 
6241   26C4 2E D4                              LD      L,$D4               
6242   26C6 77                                 LD      (HL),A              
6243   26C7 2F                                 CPL                         
6244   26C8 E6 03                              AND     $03                 
6245   26CA 3C                                 INC     A                   
6246   26CB 4F                                 LD      C,A                 
6247   26CC C3 76 24                           JP      L2476               ; 
6248   26CF             
6249   26D0                                    .ORG $26D0
6250   26D0             ;
6251   26D0             L26D0:
6252   26D0 21 A8 4B                           LD      HL,M4BA8            ; 
6253   26D3 01 00 08                           LD      BC,$0800            
6254   26D6 11 00 80                           LD      DE,$8000            
6255   26D9             L26D9:
6256   26D9 7E                                 LD      A,(HL)              
6257   26DA A7                                 AND     A                   ; updates the zero flag
6258   26DB CA E5 26                           JP      Z,L26E5             ; 
6259   26DE 7A                                 LD      A,D                 
6260   26DF 07                                 RLCA                        ; Multiply by 2
6261   26E0 D2 E4 26                           JP      NC,L26E4            ; 
6262   26E3 51                                 LD      D,C                 
6263   26E4             L26E4:
6264   26E4 59                                 LD      E,C                 
6265   26E5             L26E5:
6266   26E5 0C                                 INC     C                   
6267   26E6 7D                                 LD      A,L                 
6268   26E7 90                                 SUB     B                   
6269   26E8 6F                                 LD      L,A                 
6270   26E9 FE 68                              CP      $68                 
6271   26EB C2 D9 26                           JP      NZ,L26D9            ; 
6272   26EE 3A D2 4B                           LD      A,(M4BD2)           ; 
6273   26F1 82                                 ADD     A,D                 
6274   26F2 83                                 ADD     A,E                 
6275   26F3 E6 1F                              AND     $1F                 
6276   26F5 32 D6 4B                           LD      (M4BD6),A           ; 
6277   26F8 7B                                 LD      A,E                 
6278   26F9 92                                 SUB     D                   
6279   26FA 32 D7 4B                           LD      (M4BD7),A           ; 
6280   26FD C9                                 RET                         
6281   26FE             
6282   2700                                    .ORG $2700
6283   2700             ;*****************************************************************************
6284   2700             ;* Handles the scoring, and the update of sound control HW.
6285   2700             ;*****************************************************************************
6286   2700             UpdateScoresAndSound:
6287   2700 21 A2 43                           LD      HL,GameOrAttract    ; 
6288   2703 7E                                 LD      A,(HL)              ; get it
6289   2704 A7                                 AND     A                   ; updates the zero flag
6290   2705 C8                                 RET     Z                   ; if GameOrAttract is 'Attract mode'.
6291   2706 2C                                 INC     L                   ;
6292   2707 7E                                 LD      A,(HL)              ; get GameAndDemoOrSplash
6293   2708 E6 01                              AND     $01                 ; mask out 0000_0001 'Game for player 2'
6294   270A 07                                 RLCA                        ; Multiply by 4 ..
6295   270B 07                                 RLCA                        ; ..
6296   270C C6 83                              ADD     $83                 ;
6297   270E 6F                                 LD      L,A                 ;
6298   270F 3E FF                              LD      A,$FF               ;
6299   2711 32 97 43                           LD      (M4397),A           ; 
6300   2714 11 70 43                           LD      DE,M4370            ; 
6301   2717             L2717:
6302   2717 CD 48 27                           CALL    L2748               ; add score values for all enemies hit.
6303   271A 1C                                 INC     E                   ;
6304   271B 1C                                 INC     E                   ;
6305   271C 1C                                 INC     E                   ;
6306   271D 7B                                 LD      A,E                 ;
6307   271E FE 80                              CP      $80                 ; from $4370 to $4380
6308   2720 C2 17 27                           JP      NZ,L2717            ; 
6309   2723 1E 9D                              LD      E,$9D               ;
6310   2725 3A A4 43                           LD      A,(GameState)       ; 
6311   2728 FE 06                              CP      $06                 ;
6312   272A C2 39 27                           JP      NZ,L2739            ; 
6313   272D 1A                                 LD      A,(DE)              ;
6314   272E 47                                 LD      B,A                 ;
6315   272F 0E 00                              LD      C,$00               ;
6316   2731 CD 20 02                           CALL    AddToScore          ; 
6317   2734 AF                                 XOR     A                   ; A=0
6318   2735 12                                 LD      (DE),A              ;
6319   2736 32 97 43                           LD      (M4397),A           ; 
6320   2739             L2739:
6321   2739 3A 97 43                           LD      A,(M4397)           ; 
6322   273C A7                                 AND     A                   ; updates the zero flag
6323   273D CC 68 27                           CALL    Z,L2768             ; if $4397 is 0.
6324   2740 CD A8 27                           CALL    UpdateSoundControlHW
6325   2743 C3 10 3A                           JP      L3A10               ; 
6326   2746             
6327   2748                                    .ORG $2748
6328   2748             ;*****************************************************************************
6329   2748             ;* Add score values for enemies hit.
6330   2748             ;*****************************************************************************
6331   2748             L2748:
6332   2748 1A                                 LD      A,(DE)              ; get $4370
6333   2749 1C                                 INC     E                   ;
6334   274A FE 01                              CP      $01                 ;
6335   274C C0                                 RET     NZ                  ; if not 1
6336   274D 1A                                 LD      A,(DE)              ;
6337   274E A7                                 AND     A                   ; updates the zero flag
6338   274F C8                                 RET     Z                   ;
6339   2750 0F                                 RRCA                        ; enemy has been hit
6340   2751 0F                                 RRCA                        ;
6341   2752 0F                                 RRCA                        ;
6342   2753 0F                                 RRCA                        ;
6343   2754 47                                 LD      B,A                 ;
6344   2755 E6 F0                              AND     $F0                 ;
6345   2757 4F                                 LD      C,A                 ;
6346   2758 78                                 LD      A,B                 ;
6347   2759 E6 0F                              AND     $0F                 ;
6348   275B 47                                 LD      B,A                 ;
6349   275C CD 20 02                           CALL    AddToScore          ; 
6350   275F AF                                 XOR     A                   ; Clear A Reg.
6351   2760 12                                 LD      (DE),A              ; clear the temp. score storage and ...
6352   2761 32 97 43                           LD      (M4397),A           ; ... the first two digits of BCD score value
6353   2764 C9                                 RET                         ;
6354   2765             
6355   2768                                    .ORG $2768
6356   2768             ;*****************************************************************************
6357   2768             ;* Score-display
6358   2768             ;* Together with `$43BE` (`BonusLivesAt`), these make a contiguous 3 byte BCD value
6359   2768             ;* (`$43BD` = low, `$43BE` = middle, `$43BF` = high).
6360   2768             ;* `$43BE` is loaded from the DIP switches to `$30/$40/$50/$60`,
6361   2768             ;* the "extra ship at 3000/4000/5000/6000 points" setting,
6362   2768             ;* and `$43BD`/`$43BF` are its companion digit bytes (zeroed at init).
6363   2768             ;* This 3-byte threshold is checked against the player's score,
6364   2768             ;* using the 3 byte BCD compare `L0314`.
6365   2768             ;*****************************************************************************
6366   2768             L2768:
6367   2768 E5                                 PUSH    HL                  
6368   2769 11 61 42                           LD      DE,$4261            ; end of the screen area of player 1 score
6369   276C 06 06                              LD      B,$06               ; number of digits to print
6370   276E 3A A3 43                           LD      A,(GameAndDemoOrSplash)
6371   2771 A7                                 AND     A                   ; updates the zero flag
6372   2772 CA 78 27                           JP      Z,$2778             ; if GameAndDemoOrSplash is 'Game and demo for player 1'
6373   2775 11 21 40                           LD      DE,$4021            ; end of the screen area of player 2 score
6374   2778 CD C4 00                           CALL    PrintNumber         ; update the score on screen
6375   277B E1                                 POP     HL                  
6376   277C 11 BD 43                           LD      DE,M43BD            ; 
6377   277F EB                                 EX      DE,HL               
6378   2780 7E                                 LD      A,(HL)              
6379   2781 2C                                 INC     L                   
6380   2782 B6                                 OR      (HL)                
6381   2783 C8                                 RET     Z                   
6382   2784 2C                                 INC     L                   
6383   2785 EB                                 EX      DE,HL               
6384   2786 CD 14 03                           CALL    L0314               ; 
6385   2789 D0                                 RET     NC                  
6386   278A 3A A3 43                           LD      A,(GameAndDemoOrSplash)
6387   278D C6 90                              ADD     $90                 
6388   278F 6F                                 LD      L,A                 
6389   2790 34                                 INC     (HL)                
6390   2791 CD 67 03                           CALL    UpdateLivesScreen   ; 
6391   2794 3E FF                              LD      A,$FF               
6392   2796 32 6A 43                           LD      (M436A),A           ; 
6393   2799 2E BE                              LD      L,$BE               
6394   279B 7E                                 LD      A,(HL)              
6395   279C 36 00                              LD      (HL),$00            
6396   279E 0F                                 RRCA                        
6397   279F 0F                                 RRCA                        
6398   27A0 0F                                 RRCA                        
6399   27A1 0F                                 RRCA                        
6400   27A2 2D                                 DEC     L                   
6401   27A3 77                                 LD      (HL),A              
6402   27A4 C9                                 RET                         
6403   27A5             
6404   27A8                                    .ORG $27A8
6405   27A8             ;*****************************************************************************
6406   27A8             ;* Update the sound control hardware registers
6407   27A8             ;*****************************************************************************
6408   27A8             UpdateSoundControlHW:
6409   27A8 21 8C 43                           LD      HL,SoundControlA    ; ..
6410   27AB 7E                                 LD      A,(HL)              ; .. to
6411   27AC 32 00 60                           LD      (SOUNDCTLA),A       ; 60xx sound A
6412   27AF 2C                                 INC     L                   ; SoundControlB ..
6413   27B0 7E                                 LD      A,(HL)              ; .. to
6414   27B1 32 00 68                           LD      (SOUNDCTLB),A       ; 68xx sound B
6415   27B4 F6 0F                              OR      $0F                 ; 0000_1111
6416   27B6 77                                 LD      (HL),A              ;
6417   27B7 2D                                 DEC     L                   ;
6418   27B8 36 0F                              LD      (HL),$0F            ;
6419   27BA C9                                 RET                         ;
6420   27BB             
6421   27BD                                    .ORG $27BD
6422   27BD             ;*****************************************************************************
6423   27BD             ;* Sound for player bullet or ship explosion.
6424   27BD             ;*****************************************************************************
6425   27BD             L27BD:
6426   27BD 21 63 43                           LD      HL,ParticleExplosion
6427   27C0 7E                                 LD      A,(HL)              ;
6428   27C1 A7                                 AND     A                   ; updates the zero flag
6429   27C2 C2 E2 27                           JP      NZ,L27E2            ; if player ship was hit.
6430   27C5 2E 61                              LD      L,$61               
6431   27C7 7E                                 LD      A,(HL)              
6432   27C8 A7                                 AND     A                   ; updates the zero flag
6433   27C9 C8                                 RET     Z                   
6434   27CA FE 19                              CP      $19                 
6435   27CC D2 D8 27                           JP      NC,L27D8            ; 
6436   27CF 35                                 DEC     (HL)                
6437   27D0 2E 8C                              LD      L,$8C               
6438   27D2 7E                                 LD      A,(HL)              
6439   27D3 F6 40                              OR      $40                 
6440   27D5 77                                 LD      (HL),A              
6441   27D6 C9                                 RET                         
6442   27D7             
6443   27D8                                    .ORG $27D8
6444   27D8             L27D8:
6445   27D8 36 18                              LD      (HL),$18            
6446   27DA 2E 8C                              LD      L,$8C               
6447   27DC 7E                                 LD      A,(HL)              
6448   27DD E6 BF                              AND     $BF                 
6449   27DF 77                                 LD      (HL),A              
6450   27E0 C9                                 RET                         
6451   27E1             
6452   27E2                                    .ORG $27E2
6453   27E2             ;*****************************************************************************
6454   27E2             ;* Sound for player ship explosion.
6455   27E2             ;*****************************************************************************
6456   27E2             L27E2:
6457   27E2 FE 40                              CP      $40                 
6458   27E4 DA E9 27                           JP      C,L27E9             ; 
6459   27E7 36 40                              LD      (HL),$40            
6460   27E9             L27E9:
6461   27E9 35                                 DEC     (HL)                
6462   27EA 2E 8C                              LD      L,$8C               
6463   27EC 36 8F                              LD      (HL),$8F            
6464   27EE C9                                 RET                         
6465   27EF             
6466   27EF             ;*****************************************************************************
6467   27EF             ; h6-ic50.6a
6468   27EF             ;*****************************************************************************
6469   2800                                    .ORG $2800
6470   2800             ; Foreground tiles of the player ship particles explosion:
6471   2800             ; This is the character code to draw in each cell of the explosion field.
6472   2800             ; Non zero bytes are the debris glyphs (`E0 E1 E2`, `C1 C2 C3`, `3D 3B 30 32 42 5A 4D 4F`, ...).
6473   2800             ; `00` means "no particle in this cell".
6474   2800             T2800:
6475   2800 00 32 00 00                        .DB $00, $32, $00, $00, $00, $00, $00, $00, $00, $00, $00, $00, $00, $00, $42, $42
6475   2804 00 00 00 00 
6475   2808 00 00 00 00 
6475   280C 00 00 42 42 
6476   2810 00 00 00 00                        .DB $00, $00, $00, $00, $00, $00, $00, $00, $00, $00, $E1, $00, $00, $E2, $00, $00
6476   2814 00 00 00 00 
6476   2818 00 00 E1 00 
6476   281C 00 E2 00 00 
6477   2820 32 00 00 00                        .DB $32, $00, $00, $00, $00, $00, $00, $00, $00, $E0, $00, $00, $40, $00, $00, $C3
6477   2824 00 00 00 00 
6477   2828 00 E0 00 00 
6477   282C 40 00 00 C3 
6478   2830 00 00 00 00                        .DB $00, $00, $00, $00, $00, $00, $DF, $00, $00, $E2, $00, $00, $E0, $00, $E1, $00
6478   2834 00 00 DF 00 
6478   2838 00 E2 00 00 
6478   283C E0 00 E1 00 
6479   2840 00 30 00 00                        .DB $00, $30, $00, $00, $00, $00, $DE, $00, $00, $00, $C2, $00, $40, $00, $E0, $00
6479   2844 00 00 DE 00 
6479   2848 00 00 C2 00 
6479   284C 40 00 E0 00 
6480   2850 00 00 00 30                        .DB $00, $00, $00, $30, $00, $30, $00, $5A, $00, $00, $E1, $00, $40, $00, $E2, $00
6480   2854 00 30 00 5A 
6480   2858 00 00 E1 00 
6480   285C 40 00 E2 00 
6481   2860 00 00 00 00                        .DB $00, $00, $00, $00, $00, $00, $00, $30, $C1, $3E, $00, $E0, $00, $40, $C2, $00
6481   2864 00 00 00 30 
6481   2868 C1 3E 00 E0 
6481   286C 00 40 C2 00 
6482   2870 00 00 00 00                        .DB $00, $00, $00, $00, $00, $00, $00, $00, $00, $5A, $C1, $3E, $C8, $D8, $00, $00
6482   2874 00 00 00 00 
6482   2878 00 5A C1 3E 
6482   287C C8 D8 00 00 
6483   2880 E0 E1 C2 E2                        .DB $E0, $E1, $C2, $E2, $E0, $00, $E1, $00, $C2, $00, $E2, $CE, $CA, $DA, $00, $00
6483   2884 E0 00 E1 00 
6483   2888 C2 00 E2 CE 
6483   288C CA DA 00 00 
6484   2890 00 00 00 00                        .DB $00, $00, $00, $00, $00, $00, $00, $00, $CF, $CF, $C3, $3F, $C2, $41, $E0, $00
6484   2894 00 00 00 00 
6484   2898 CF CF C3 3F 
6484   289C C2 41 E0 00 
6485   28A0 00 00 00 00                        .DB $00, $00, $00, $00, $00, $00, $00, $DE, $00, $3F, $00, $C2, $41, $00, $E1, $00
6485   28A4 00 00 00 DE 
6485   28A8 00 3F 00 C2 
6485   28AC 41 00 E1 00 
6486   28B0 00 00 00 00                        .DB $00, $00, $00, $00, $00, $3D, $DF, $3D, $00, $00, $E1, $00, $41, $00, $00, $C2
6486   28B4 00 3D DF 3D 
6486   28B8 00 00 E1 00 
6486   28BC 41 00 00 C2 
6487   28C0 00 00 00 3D                        .DB $00, $00, $00, $3D, $00, $00, $00, $00, $00, $E0, $00, $00, $41, $00, $00, $E2
6487   28C4 00 00 00 00 
6487   28C8 00 E0 00 00 
6487   28CC 41 00 00 E2 
6488   28D0 00 00 3D 00                        .DB $00, $00, $3D, $00, $00, $00, $00, $00, $E2, $00, $00, $00, $00, $4F, $00, $E0
6488   28D4 00 00 00 00 
6488   28D8 E2 00 00 00 
6488   28DC 00 4F 00 E0 
6489   28E0 00 3B 00 00                        .DB $00, $3B, $00, $00, $00, $00, $00, $00, $00, $C2, $00, $00, $00, $4F, $00, $00
6489   28E4 00 00 00 00 
6489   28E8 00 C2 00 00 
6489   28EC 00 4F 00 00 
6490   28F0 00 00 3B 00                        .DB $00, $00, $3B, $00, $00, $00, $00, $00, $00, $00, $00, $00, $00, $00, $4D, $4D
6490   28F4 00 00 00 00 
6490   28F8 00 00 00 00 
6490   28FC 00 00 4D 4D 
6491   2900             
6492   2900             ; Control data of the player ship particles explosion:
6493   2900             ; `T2900` is paired 1:1 with `T2800` and holds a 1 bit per cell "draw/erase" flag.
6494   2900             ; The renderer `L2070`->`L2085`->`L20B0` selects a phase offset into both tables,
6495   2900             ; then processes cells 8 at a time: it clears each screen cell, rotates a control byte,
6496   2900             ; and only where a bit is set does it stamp the matching `T2800` tile.
6497   2900             T2900:
6498   2900 00 00 00 00                        .DB $00, $00, $00, $00, $00, $00, $00, $00, $00, $00, $00, $00, $00, $20, $00, $38
6498   2904 00 00 00 00 
6498   2908 00 00 00 00 
6498   290C 00 20 00 38 
6499   2910 00 34 00 28                        .DB $00, $34, $00, $28, $00, $00, $00, $00, $00, $00, $00, $00, $00, $00, $00, $00
6499   2914 00 00 00 00 
6499   2918 00 00 00 00 
6499   291C 00 00 00 00 
6500   2920 00 00 00 00                        .DB $00, $00, $00, $00, $00, $00, $00, $00, $00, $00, $00, $10, $00, $02, $00, $00
6500   2924 00 00 00 00 
6500   2928 00 00 00 10 
6500   292C 00 02 00 00 
6501   2930 00 01 00 00                        .DB $00, $01, $00, $00, $12, $00, $00, $00, $00, $00, $00, $00, $00, $00, $00, $00
6501   2934 12 00 00 00 
6501   2938 00 00 00 00 
6501   293C 00 00 00 00 
6502   2940 00 00 00 00                        .DB $00, $00, $00, $00, $00, $00, $00, $00, $00, $10, $00, $00, $80, $48, $00, $04
6502   2944 00 00 00 00 
6502   2948 00 10 00 00 
6502   294C 80 48 00 04 
6503   2950 40 08 00 50                        .DB $40, $08, $00, $50, $00, $00, $80, $10, $00, $00, $00, $00, $00, $00, $00, $00
6503   2954 00 00 80 10 
6503   2958 00 00 00 00 
6503   295C 00 00 00 00 
6504   2960 00 00 00 00                        .DB $00, $00, $00, $00, $00, $00, $00, $10, $00, $00, $20, $44, $00, $00, $00, $02
6504   2964 00 00 00 10 
6504   2968 00 00 20 44 
6504   296C 00 00 00 02 
6505   2970 10 00 00 04                        .DB $10, $00, $00, $04, $00, $48, $20, $00, $00, $10, $00, $00, $00, $00, $00, $00
6505   2974 00 48 20 00 
6505   2978 00 10 00 00 
6505   297C 00 00 00 00 
6506   2980 00 00 00 00                        .DB $00, $00, $00, $00, $00, $10, $00, $00, $00, $44, $08, $00, $00, $01, $00, $00
6506   2984 00 10 00 00 
6506   2988 00 44 08 00 
6506   298C 00 01 00 00 
6507   2990 08 00 00 02                        .DB $08, $00, $00, $02, $00, $00, $00, $84, $08, $00, $00, $20, $00, $00, $00, $00
6507   2994 00 00 00 84 
6507   2998 08 00 00 20 
6507   299C 00 00 00 00 
6508   29A0 00 00 00 20                        .DB $00, $00, $00, $20, $00, $00, $00, $42, $02, $00, $80, $00, $00, $00, $00, $00
6508   29A4 00 00 00 42 
6508   29A8 02 00 80 00 
6508   29AC 00 00 00 00 
6509   29B0 04 00 00 01                        .DB $04, $00, $00, $01, $00, $00, $00, $00, $00, $82, $04, $00, $00, $20, $00, $00
6509   29B4 00 00 00 00 
6509   29B8 00 82 04 00 
6509   29BC 00 20 00 00 
6510   29C0 00 40 00 00                        .DB $00, $40, $00, $00, $01, $82, $00, $00, $40, $00, $00, $00, $00, $00, $00, $00
6510   29C4 01 82 00 00 
6510   29C8 40 00 00 00 
6510   29CC 00 00 00 00 
6511   29D0 02 00 00 00                        .DB $02, $00, $00, $00, $80, $00, $00, $00, $00, $00, $00, $81, $02, $00, $00, $40
6511   29D4 80 00 00 00 
6511   29D8 00 00 00 81 
6511   29DC 02 00 00 40 
6512   29E0 02 80 00 04                        .DB $02, $80, $00, $04, $00, $00, $40, $00, $00, $00, $00, $00, $00, $00, $00, $00
6512   29E4 00 00 40 00 
6512   29E8 00 00 00 00 
6512   29EC 00 00 00 00 
6513   29F0 01 00 00 00                        .DB $01, $00, $00, $00, $00, $00, $40, $00, $00, $00, $00, $00, $00, $02, $04, $08
6513   29F4 00 00 40 00 
6513   29F8 00 00 00 00 
6513   29FC 00 02 04 08 
6514   2A00             
6515   2A00             ; Foreground tiles of the mothership particles explosion
6516   2A00             T2A00:
6517   2A00 00 00 00 00                        .DB $00, $00, $00, $00, $00, $00, $00, $D2, $00, $00, $00, $00, $00, $00, $00, $00
6517   2A04 00 00 00 D2 
6517   2A08 00 00 00 00 
6517   2A0C 00 00 00 00 
6518   2A10 00 00 00 00                        .DB $00, $00, $00, $00, $00, $DE, $00, $5E, $E0, $00, $00, $E1, $00, $00, $00, $00
6518   2A14 00 DE 00 5E 
6518   2A18 E0 00 00 E1 
6518   2A1C 00 00 00 00 
6519   2A20 00 00 C1 00                        .DB $00, $00, $C1, $00, $00, $CF, $53, $E2, $00, $D2, $E0, $00, $00, $D0, $00, $00
6519   2A24 00 CF 53 E2 
6519   2A28 00 D2 E0 00 
6519   2A2C 00 D0 00 00 
6520   2A30 00 00 00 DE                        .DB $00, $00, $00, $DE, $00, $CE, $53, $E1, $D1, $E3, $00, $E1, $D3, $00, $00, $00
6520   2A34 00 CE 53 E1 
6520   2A38 D1 E3 00 E1 
6520   2A3C D3 00 00 00 
6521   2A40 00 00 CF C0                        .DB $00, $00, $CF, $C0, $DE, $DF, $53, $D3, $E2, $00, $E2, $D2, $00, $5E, $E2, $00
6521   2A44 DE DF 53 D3 
6521   2A48 E2 00 E2 D2 
6521   2A4C 00 5E E2 00 
6522   2A50 00 00 00 CE                        .DB $00, $00, $00, $CE, $C1, $C2, $DE, $D2, $E1, $E3, $D1, $00, $D2, $00, $00, $00
6522   2A54 C1 C2 DE D2 
6522   2A58 E1 E3 D1 00 
6522   2A5C D2 00 00 00 
6523   2A60 00 00 00 00                        .DB $00, $00, $00, $00, $DF, $DE, $C2, $CF, $E0, $D0, $E2, $E1, $C2, $C3, $00, $00
6523   2A64 DF DE C2 CF 
6523   2A68 E0 D0 E2 E1 
6523   2A6C C2 C3 00 00 
6524   2A70 DF DE CF CE                        .DB $DF, $DE, $CF, $CE, $DF, $DE, $CF, $C8, $D8, $5E, $CE, $00, $CF, $DE, $DF, $CE
6524   2A74 DF DE CF C8 
6524   2A78 D8 5E CE 00 
6524   2A7C CF DE DF CE 
6525   2A80 E0 E3 E2 E1                        .DB $E0, $E3, $E2, $E1, $00, $E0, $D1, $CA, $DA, $D1, $D2, $D3, $D0, $D1, $D2, $D3
6525   2A84 00 E0 D1 CA 
6525   2A88 DA D1 D2 D3 
6525   2A8C D0 D1 D2 D3 
6526   2A90 00 00 00 00                        .DB $00, $00, $00, $00, $E3, $D2, $CE, $D2, $E2, $E0, $D3, $D1, $D3, $00, $00, $00
6526   2A94 E3 D2 CE D2 
6526   2A98 E2 E0 D3 D1 
6526   2A9C D3 00 00 00 
6527   2AA0 00 00 00 E2                        .DB $00, $00, $00, $E2, $D3, $CF, $DF, $E1, $D0, $E3, $E1, $D2, $00, $00, $00, $00
6527   2AA4 D3 CF DF E1 
6527   2AA8 D0 E3 E1 D2 
6527   2AAC 00 00 00 00 
6528   2AB0 00 00 E1 D0                        .DB $00, $00, $E1, $D0, $DE, $00, $DE, $E2, $00, $D3, $53, $E2, $5E, $C1, $C0, $00
6528   2AB4 DE 00 DE E2 
6528   2AB8 00 D3 53 E2 
6528   2ABC 5E C1 C0 00 
6529   2AC0 00 00 00 DF                        .DB $00, $00, $00, $DF, $00, $00, $CF, $5E, $D1, $D2, $00, $53, $E3, $00, $00, $00
6529   2AC4 00 00 CF 5E 
6529   2AC8 D1 D2 00 53 
6529   2ACC E3 00 00 00 
6530   2AD0 00 00 CE 00                        .DB $00, $00, $CE, $00, $CF, $00, $CE, $D2, $D2, $00, $53, $00, $5E, $E0, $00, $00
6530   2AD4 CF 00 CE D2 
6530   2AD8 D2 00 53 00 
6530   2ADC 5E E0 00 00 
6531   2AE0 00 00 00 00                        .DB $00, $00, $00, $00, $00, $DE, $00, $E1, $D3, $00, $E2, $00, $00, $00, $00, $00
6531   2AE4 00 DE 00 E1 
6531   2AE8 D3 00 E2 00 
6531   2AEC 00 00 00 00 
6532   2AF0 00 00 00 00                        .DB $00, $00, $00, $00, $00, $00, $00, $5E, $D0, $00, $00, $00, $00, $00, $00, $00
6532   2AF4 00 00 00 5E 
6532   2AF8 D0 00 00 00 
6532   2AFC 00 00 00 00 
6533   2B00             
6534   2B00             ; Control data of the mothership particles explosion
6535   2B00             T2B00:
6536   2B00 00 00 00 00                        .DB $00, $00, $00, $00, $00, $00, $00, $00, $00, $00, $80, $01, $40, $02, $80, $05
6536   2B04 00 00 00 00 
6536   2B08 00 00 80 01 
6536   2B0C 40 02 80 05 
6537   2B10 A0 01 40 02                        .DB $A0, $01, $40, $02, $00, $01, $00, $00, $00, $00, $00, $00, $00, $00, $00, $00
6537   2B14 00 01 00 00 
6537   2B18 00 00 00 00 
6537   2B1C 00 00 00 00 
6538   2B20 00 00 00 00                        .DB $00, $00, $00, $00, $00, $00, $80, $00, $00, $01, $20, $04, $00, $01, $40, $12
6538   2B24 00 00 80 00 
6538   2B28 00 01 20 04 
6538   2B2C 00 01 40 12 
6539   2B30 48 02 80 01                        .DB $48, $02, $80, $01, $20, $04, $00, $00, $00, $01, $00, $00, $00, $00, $00, $00
6539   2B34 20 04 00 00 
6539   2B38 00 01 00 00 
6539   2B3C 00 00 00 00 
6540   2B40 00 00 00 00                        .DB $00, $00, $00, $00, $80, $00, $00, $02, $10, $08, $00, $01, $80, $04, $A0, $21
6540   2B44 80 00 00 02 
6540   2B48 10 08 00 01 
6540   2B4C 80 04 A0 21 
6541   2B50 84 05 20 02                        .DB $84, $05, $20, $02, $80, $01, $10, $08, $00, $00, $00, $01, $00, $00, $00, $00
6541   2B54 80 01 10 08 
6541   2B58 00 00 00 01 
6541   2B5C 00 00 00 00 
6542   2B60 00 00 80 00                        .DB $00, $00, $80, $00, $00, $04, $08, $10, $00, $01, $40, $00, $40, $0A, $10, $40
6542   2B64 00 04 08 10 
6542   2B68 00 01 40 00 
6542   2B6C 40 0A 10 40 
6543   2B70 02 08 40 00                        .DB $02, $08, $40, $00, $10, $04, $80, $02, $08, $10, $00, $00, $00, $01, $00, $00
6543   2B74 10 04 80 02 
6543   2B78 08 10 00 00 
6543   2B7C 00 01 00 00 
6544   2B80 80 00 00 08                        .DB $80, $00, $00, $08, $04, $20, $00, $02, $20, $00, $20, $14, $00, $01, $08, $80
6544   2B84 04 20 00 02 
6544   2B88 20 00 20 14 
6544   2B8C 00 01 08 80 
6545   2B90 01 10 80 02                        .DB $01, $10, $80, $02, $20, $00, $08, $04, $80, $02, $04, $20, $00, $00, $00, $01
6545   2B94 20 00 08 04 
6545   2B98 80 02 04 20 
6545   2B9C 00 00 00 01 
6546   2BA0 01 01 01 01                        .DB $01, $01, $01, $01, $01, $04, $20, $00, $10, $28, $80, $02, $04, $00, $00, $04
6546   2BA4 01 04 20 00 
6546   2BA8 10 28 80 02 
6546   2BAC 04 00 00 04 
6547   2BB0 20 20 00 04                        .DB $20, $20, $00, $04, $40, $01, $10, $00, $04, $08, $80, $04, $00, $00, $00, $00
6547   2BB4 40 01 10 00 
6547   2BB8 04 08 80 04 
6547   2BBC 00 00 00 00 
6548   2BC0 00 00 00 08                        .DB $00, $00, $00, $08, $20, $00, $88, $10, $00, $44, $00, $00, $00, $10, $02, $00
6548   2BC4 20 00 88 10 
6548   2BC8 00 44 00 00 
6548   2BCC 00 10 02 00 
6549   2BD0 08 40 00 00                        .DB $08, $40, $00, $00, $00, $08, $40, $00, $08, $01, $00, $10, $80, $04, $00, $00
6549   2BD4 00 08 40 00 
6549   2BD8 08 01 00 10 
6549   2BDC 80 04 00 00 
6550   2BE0 00 00 20 00                        .DB $00, $00, $20, $00, $84, $20, $00, $08, $00, $00, $00, $00, $00, $20, $01, $00
6550   2BE4 84 20 00 08 
6550   2BE8 00 00 00 00 
6550   2BEC 00 20 01 00 
6551   2BF0 04 80 00 00                        .DB $04, $80, $00, $00, $00, $00, $00, $10, $40, $00, $04, $01, $00, $00, $80, $00
6551   2BF4 00 00 00 10 
6551   2BF8 40 00 04 01 
6551   2BFC 00 00 80 00 
6552   2C00             
6553   2C00             ; Closed loop pattern table part 2:
6554   2C00             ; Used for single or multiple aliens, depending on the game round.
6555   2C00             ; Pattern 18
6556   2C00             T2C00:
6557   2C00 0B 0C 0D 0E                        .DB $0B, $0C, $0D, $0E, $0B, $0C, $0A, $0A, $0A, $0A, $0A, $0A, $0A, $06, $06, $1E
6557   2C04 0B 0C 0A 0A 
6557   2C08 0A 0A 0A 0A 
6557   2C0C 0A 06 06 1E 
6558   2C10 03 03 1F 05                        .DB $03, $03, $1F, $05, $05, $1C, $04, $04, $04, $1D, $06, $06, $1A, $04, $04, $04
6558   2C14 05 1C 04 04 
6558   2C18 04 1D 06 06 
6558   2C1C 1A 04 04 04 
6559   2C20 1B 05 05 05                        .DB $1B, $05, $05, $05, $05, $18, $1F, $07, $07, $07, $07, $07, $07, $07, $07, $07
6559   2C24 05 18 1F 07 
6559   2C28 07 07 07 07 
6559   2C2C 07 07 07 07 
6560   2C30 00 FF FF FF                        .DB $00, $FF, $FF, $FF
6561   2C34             ; Pattern 19
6562   2C34             T2C34:
6563   2C34 05 05 1C 04                        .DB $05, $05, $1C, $04, $1D, $0A, $0A, $0A, $0A, $0A, $0A, $06
6563   2C38 1D 0A 0A 0A 
6563   2C3C 0A 0A 0A 06 
6564   2C40 06 1E 03 03                        .DB $06, $1E, $03, $03, $1F, $05, $1C, $04, $04, $1D, $0A, $06, $06, $1E, $03, $03
6564   2C44 1F 05 1C 04 
6564   2C48 04 1D 0A 06 
6564   2C4C 06 1E 03 03 
6565   2C50 1F 05 1C 04                        .DB $1F, $05, $1C, $04, $04, $1D, $0A, $06, $06, $1E, $03, $03, $1F, $05, $1C, $04
6565   2C54 04 1D 0A 06 
6565   2C58 06 1E 03 03 
6565   2C5C 1F 05 1C 04 
6566   2C60 04 1D 0A 06                        .DB $04, $1D, $0A, $06, $1E, $03, $1F, $05, $1C, $04, $1D, $06, $1E, $03, $03, $03
6566   2C64 1E 03 1F 05 
6566   2C68 1C 04 1D 06 
6566   2C6C 1E 03 03 03 
6567   2C70 03 15 16 17                        .DB $03, $15, $16, $17, $01, $01, $05, $05, $01, $01, $05, $05, $01, $01, $05, $05
6567   2C74 01 01 05 05 
6567   2C78 01 01 05 05 
6567   2C7C 01 01 05 05 
6568   2C80 01 01 05 05                        .DB $01, $01, $05, $05, $02, $02, $18, $07, $07, $07, $00, $FF, $FF, $FF, $FF, $FF
6568   2C84 02 02 18 07 
6568   2C88 07 07 00 FF 
6568   2C8C FF FF FF FF 
6569   2C90             ; Pattern 20 (phase 3)
6570   2C90             T2C90:
6571   2C90 1C 04 04 04                        .DB $1C, $04, $04, $04, $04, $04, $04, $04, $04, $04, $04, $04, $04, $04, $04, $1D
6571   2C94 04 04 04 04 
6571   2C98 04 04 04 04 
6571   2C9C 04 04 04 1D 
6572   2CA0 06 06 06 06                        .DB $06, $06, $06, $06, $06, $06, $06, $1E, $03, $03, $03, $03, $03, $03, $1F, $05
6572   2CA4 06 06 06 1E 
6572   2CA8 03 03 03 03 
6572   2CAC 03 03 1F 05 
6573   2CB0 05 05 05 1C                        .DB $05, $05, $05, $1C, $04, $04, $1D, $06, $09, $09, $09, $1E, $03, $07, $07, $08
6573   2CB4 04 04 1D 06 
6573   2CB8 09 09 09 1E 
6573   2CBC 03 07 07 08 
6574   2CC0 08 07 07 08                        .DB $08, $07, $07, $08, $07, $00, $FF, $FF
6574   2CC4 07 00 FF FF 
6575   2CC8             ; Pattern 21 (phase 3)
6576   2CC8             T2CC8:
6577   2CC8 05 05 05 05                        .DB $05, $05, $05, $05, $1C, $04, $04, $04
6577   2CCC 1C 04 04 04 
6578   2CD0 04 04 04 04                        .DB $04, $04, $04, $04, $04, $04, $04, $04, $04, $04, $04, $1D, $09, $09, $09, $09
6578   2CD4 04 04 04 04 
6578   2CD8 04 04 04 1D 
6578   2CDC 09 09 09 09 
6579   2CE0 0A 0A 0A 09                        .DB $0A, $0A, $0A, $09, $0A, $0A, $06, $1E, $03, $03, $03, $1F, $05, $05, $18, $03
6579   2CE4 0A 0A 06 1E 
6579   2CE8 03 03 03 1F 
6579   2CEC 05 05 18 03 
6580   2CF0 19 06 06 1E                        .DB $19, $06, $06, $1E, $03, $03, $1F, $05, $05, $05, $05, $05, $05, $05, $00, $FF
6580   2CF4 03 03 1F 05 
6580   2CF8 05 05 05 05 
6580   2CFC 05 05 00 FF 
6581   2D00             ; Pattern 22
6582   2D00             T2D00:
6583   2D00 0B 0C 0D 0E                        .DB $0B, $0C, $0D, $0E, $0B, $0C, $06, $1E, $03, $03, $03, $03, $03, $03, $03, $03
6583   2D04 0B 0C 06 1E 
6583   2D08 03 03 03 03 
6583   2D0C 03 03 03 03 
6584   2D10 03 03 03 03                        .DB $03, $03, $03, $03, $03, $03, $1F, $05, $05, $1C, $04, $04, $04, $04, $04, $04
6584   2D14 03 03 1F 05 
6584   2D18 05 1C 04 04 
6584   2D1C 04 04 04 04 
6585   2D20 04 04 04 04                        .DB $04, $04, $04, $04, $1D, $06, $06, $1E, $03, $03, $03, $03, $03, $03, $1F, $05
6585   2D24 1D 06 06 1E 
6585   2D28 03 03 03 03 
6585   2D2C 03 03 1F 05 
6586   2D30 05 05 05 05                        .DB $05, $05, $05, $05, $1C, $04, $04, $04, $04, $04, $04, $04, $04, $04, $04, $1B
6586   2D34 1C 04 04 04 
6586   2D38 04 04 04 04 
6586   2D3C 04 04 04 1B 
6587   2D40 00 FF FF FF                        .DB $00, $FF, $FF, $FF
6588   2D44             ; Pattern 23 (phase 3)
6589   2D44             T2D44:
6590   2D44 05 05 05 18                        .DB $05, $05, $05, $18, $03, $03, $03, $03, $03, $03, $03, $03
6590   2D48 03 03 03 03 
6590   2D4C 03 03 03 03 
6591   2D50 03 19 06 06                        .DB $03, $19, $06, $06, $1A, $04, $04, $1B, $05, $05, $18, $03, $03, $03, $03, $03
6591   2D54 1A 04 04 1B 
6591   2D58 05 05 18 03 
6591   2D5C 03 03 03 03 
6592   2D60 03 03 19 06                        .DB $03, $03, $19, $06, $06, $06, $06, $06, $06, $06, $06, $06, $06, $1A, $04, $04
6592   2D64 06 06 06 06 
6592   2D68 06 06 06 06 
6592   2D6C 06 1A 04 04 
6593   2D70 1B 05 05 1C                        .DB $1B, $05, $05, $1C, $04, $04, $1D, $06, $06, $1A, $04, $04, $1B, $05, $05, $05
6593   2D74 04 04 1D 06 
6593   2D78 06 1A 04 04 
6593   2D7C 1B 05 05 05 
6594   2D80 05 05 05 05                        .DB $05, $05, $05, $05, $00, $FF, $FF, $FF
6594   2D84 00 FF FF FF 
6595   2D88             ; Pattern 24 (phase 3)
6596   2D88             T2D88:
6597   2D88 1C 04 04 1D                        .DB $1C, $04, $04, $1D, $06, $06, $09, $0A
6597   2D8C 06 06 09 0A 
6598   2D90 0A 09 09 09                        .DB $0A, $09, $09, $09, $16, $17, $14, $03, $03, $03, $1F, $05, $05, $1C, $04, $04
6598   2D94 16 17 14 03 
6598   2D98 03 03 1F 05 
6598   2D9C 05 1C 04 04 
6599   2DA0 1D 06 06 1E                        .DB $1D, $06, $06, $1E, $03, $03, $03, $03, $07, $07, $08, $08, $07, $07, $05, $05
6599   2DA4 03 03 03 03 
6599   2DA8 07 07 08 08 
6599   2DAC 07 07 05 05 
6600   2DB0 1C 04 04 04                        .DB $1C, $04, $04, $04, $04, $04, $04, $04, $1D, $1A, $04, $1B, $00, $FF, $FF, $FF
6600   2DB4 04 04 04 04 
6600   2DB8 1D 1A 04 1B 
6600   2DBC 00 FF FF FF 
6601   2DC0             ; Pattern 25 (phase 3)
6602   2DC0             T2DC0:
6603   2DC0 14 03 03 19                        .DB $14, $03, $03, $19, $06, $0A, $0A, $09, $09, $09, $0A, $12, $13, $10, $11, $12
6603   2DC4 06 0A 0A 09 
6603   2DC8 09 09 0A 12 
6603   2DCC 13 10 11 12 
6604   2DD0 13 10 11 12                        .DB $13, $10, $11, $12, $13, $10, $04, $04, $04, $04, $1B, $05, $18, $03, $19, $06
6604   2DD4 13 10 04 04 
6604   2DD8 04 04 1B 05 
6604   2DDC 18 03 19 06 
6605   2DE0 1A 04 1B 05                        .DB $1A, $04, $1B, $05, $18, $07, $07, $07, $08, $08, $07, $07, $07, $03, $03, $19
6605   2DE4 18 07 07 07 
6605   2DE8 08 08 07 07 
6605   2DEC 07 03 03 19 
6606   2DF0 0D 0E 00 FF                        .DB $0D, $0E, $00, $FF, $FF, $FF, $FF, $FF, $FF, $FF, $FF, $FF, $FF, $FF, $FF, $FF
6606   2DF4 FF FF FF FF 
6606   2DF8 FF FF FF FF 
6606   2DFC FF FF FF FF 
6607   2E00             ; Pattern 26
6608   2E00             ; Used for all aliens.
6609   2E00             ; This is the 'Angry movement pattern A'.
6610   2E00             ; At the end of that sequence, the alien formation is further down
6611   2E00             ; and the 'phase' is increased by 1.
6612   2E00             T2E00:
6613   2E00 0B 0C 0D 0E                        .DB $0B, $0C, $0D, $0E, $02, $02, $02, $02, $0B, $0C, $0D, $0E, $01, $01, $14, $15
6613   2E04 02 02 02 02 
6613   2E08 0B 0C 0D 0E 
6613   2E0C 01 01 14 15 
6614   2E10 16 17 01 01                        .DB $16, $17, $01, $01, $05, $05, $05, $05, $02, $02, $02, $02, $00, $FF, $FF, $FF
6614   2E14 05 05 05 05 
6614   2E18 02 02 02 02 
6614   2E1C 00 FF FF FF 
6615   2E20             ; Pattern, 27 (phase 3)
6616   2E20             T2E20:
6617   2E20 0B 0C 0D 0E                        .DB $0B, $0C, $0D, $0E, $0B, $0C, $0D, $0E, $02, $02, $02, $02, $02, $02, $02, $02
6617   2E24 0B 0C 0D 0E 
6617   2E28 02 02 02 02 
6617   2E2C 02 02 02 02 
6618   2E30 05 05 01 05                        .DB $05, $05, $01, $05, $05, $01, $05, $05, $01, $05, $05, $01, $00, $FF, $FF, $FF
6618   2E34 05 01 05 05 
6618   2E38 01 05 05 01 
6618   2E3C 00 FF FF FF 
6619   2E40             ; Pattern 28
6620   2E40             ; Used for all aliens.
6621   2E40             ; This is the 'Angry movement pattern B'.
6622   2E40             ; At the end of that sequence, the alien formation is further down
6623   2E40             ; and the 'phase' is increased by 1.
6624   2E40             T2E40:
6625   2E40 0B 0C 0D 0E                        .DB $0B, $0C, $0D, $0E, $01, $01, $01, $18, $03, $19, $06, $06, $1A, $04, $1B, $05
6625   2E44 01 01 01 18 
6625   2E48 03 19 06 06 
6625   2E4C 1A 04 1B 05 
6626   2E50 18 03 19 06                        .DB $18, $03, $19, $06, $06, $1A, $04, $04, $04, $04, $04, $04, $04, $04, $04, $1B
6626   2E54 06 1A 04 04 
6626   2E58 04 04 04 04 
6626   2E5C 04 04 04 1B 
6627   2E60 05 05 05 01                        .DB $05, $05, $05, $01, $01, $01, $01, $01, $00, $FF, $FF, $FF
6627   2E64 01 01 01 01 
6627   2E68 00 FF FF FF 
6628   2E6C             ; Pattern, 29 (phase 3)
6629   2E6C             T2E6C:
6630   2E6C 0B 0C 0D 0E                        .DB $0B, $0C, $0D, $0E
6631   2E70 01 01 0B 0C                        .DB $01, $01, $0B, $0C, $0D, $0E, $01, $01, $05, $05, $05, $05, $01, $01, $0B, $0C
6631   2E74 0D 0E 01 01 
6631   2E78 05 05 05 05 
6631   2E7C 01 01 0B 0C 
6632   2E80 0D 0E 01 01                        .DB $0D, $0E, $01, $01, $07, $08, $08, $07, $08, $08, $08, $07, $00, $FF, $FF, $FF
6632   2E84 07 08 08 07 
6632   2E88 08 08 08 07 
6632   2E8C 00 FF FF FF 
6633   2E90             ; Pattern, 30
6634   2E90             T2E90:
6635   2E90 14 15 16 17                        .DB $14, $15, $16, $17, $14, $15, $16, $17, $14, $03, $03, $03, $03, $03, $03, $03
6635   2E94 14 15 16 17 
6635   2E98 14 03 03 03 
6635   2E9C 03 03 03 03 
6636   2EA0 03 03 03 03                        .DB $03, $03, $03, $03, $03, $19, $09, $0A, $0A, $09, $09, $0A, $0A, $12, $13, $08
6636   2EA4 03 19 09 0A 
6636   2EA8 0A 09 09 0A 
6636   2EAC 0A 12 13 08 
6637   2EB0 08 07 07 08                        .DB $08, $07, $07, $08, $08, $08, $08, $04, $04, $04, $11, $12, $13, $10, $11, $12
6637   2EB4 08 08 08 04 
6637   2EB8 04 04 11 12 
6637   2EBC 13 10 11 12 
6638   2EC0 13 00 FF FF                        .DB $13, $00, $FF, $FF
6639   2EC4             ; Pattern, 31
6640   2EC4             T2EC4:
6641   2EC4 10 11 12 13                        .DB $10, $11, $12, $13, $10, $11, $12, $13, $10, $04, $04, $04
6641   2EC8 10 11 12 13 
6641   2ECC 10 04 04 04 
6642   2ED0 04 04 04 04                        .DB $04, $04, $04, $04, $04, $04, $0A, $0A, $0A, $09, $0A, $09, $0A, $09, $16, $17
6642   2ED4 04 04 0A 0A 
6642   2ED8 0A 09 0A 09 
6642   2EDC 0A 09 16 17 
6643   2EE0 14 03 03 03                        .DB $14, $03, $03, $03, $07, $07, $07, $07, $03, $19, $06, $1A, $04, $1B, $05, $18
6643   2EE4 07 07 07 07 
6643   2EE8 03 19 06 1A 
6643   2EEC 04 1B 05 18 
6644   2EF0 07 07 07 07                        .DB $07, $07, $07, $07, $00, $FF, $FF, $FF, $FF, $FF, $FF, $FF, $FF, $FF, $FF, $FF
6644   2EF4 00 FF FF FF 
6644   2EF8 FF FF FF FF 
6644   2EFC FF FF FF FF 
6645   2F00             ; Pattern, 32
6646   2F00             T2F00:
6647   2F00 05 1C 04 1D                        .DB $05, $1C, $04, $1D, $06, $06, $06, $06, $06, $09, $09, $09, $0A, $0A, $0A, $09
6647   2F04 06 06 06 06 
6647   2F08 06 09 09 09 
6647   2F0C 0A 0A 0A 09 
6648   2F10 09 16 17 14                        .DB $09, $16, $17, $14, $1F, $05, $18, $03, $19, $06, $1E, $03, $1F, $05, $18, $03
6648   2F14 1F 05 18 03 
6648   2F18 19 06 1E 03 
6648   2F1C 1F 05 18 03 
6649   2F20 19 06 1E 03                        .DB $19, $06, $1E, $03, $1F, $05, $05, $1C, $08, $08, $08, $08, $08, $08, $08, $08
6649   2F24 1F 05 05 1C 
6649   2F28 08 08 08 08 
6649   2F2C 08 08 08 08 
6650   2F30 00 FF FF FF                        .DB $00, $FF, $FF, $FF
6651   2F34             ; Pattern, 33
6652   2F34             T2F34:
6653   2F34 05 18 03 19                        .DB $05, $18, $03, $19, $06, $06, $06, $06, $0A, $0A, $09, $09
6653   2F38 06 06 06 06 
6653   2F3C 0A 0A 09 09 
6654   2F40 0A 0A 09 0A                        .DB $0A, $0A, $09, $0A, $0A, $12, $13, $10, $1B, $05, $1C, $04, $1D, $1E, $1F, $1C
6654   2F44 0A 12 13 10 
6654   2F48 1B 05 1C 04 
6654   2F4C 1D 1E 1F 1C 
6655   2F50 04 1D 06 1A                        .DB $04, $1D, $06, $1A, $04, $04, $1B, $05, $18, $07, $07, $07, $07, $08, $07, $07
6655   2F54 04 04 1B 05 
6655   2F58 18 07 07 07 
6655   2F5C 07 08 07 07 
6656   2F60 07 07 00 FF                        .DB $07, $07, $00, $FF
6657   2F64             ; Pattern, 34
6658   2F64             T2F64:
6659   2F64 0B 0C 0D 0E                        .DB $0B, $0C, $0D, $0E, $0B, $0C, $1E, $03, $19, $06, $1E, $03
6659   2F68 0B 0C 1E 03 
6659   2F6C 19 06 1E 03 
6660   2F70 19 06 1E 03                        .DB $19, $06, $1E, $03, $19, $06, $1E, $1F, $1C, $1D, $1E, $03, $03, $03, $1F, $05
6660   2F74 19 06 1E 1F 
6660   2F78 1C 1D 1E 03 
6660   2F7C 03 03 1F 05 
6661   2F80 18 03 19 06                        .DB $18, $03, $19, $06, $1E, $03, $1F, $05, $08, $08, $08, $08, $08, $08, $08, $07
6661   2F84 1E 03 1F 05 
6661   2F88 08 08 08 08 
6661   2F8C 08 08 08 07 
6662   2F90 07 08 08 08                        .DB $07, $08, $08, $08, $08, $08, $00, $FF, $FF, $FF, $FF, $FF, $FF, $FF, $FF, $FF
6662   2F94 08 08 00 FF 
6662   2F98 FF FF FF FF 
6662   2F9C FF FF FF FF 
6663   2FA0             ; Pattern, 35
6664   2FA0             T2FA0:
6665   2FA0 05 05 18 03                        .DB $05, $05, $18, $03, $03, $03, $03, $03, $03, $03, $03, $19, $06, $06, $06, $06
6665   2FA4 03 03 03 03 
6665   2FA8 03 03 03 19 
6665   2FAC 06 06 06 06 
6666   2FB0 06 06 06 1A                        .DB $06, $06, $06, $1A, $04, $1B, $05, $18, $03, $03, $03, $03, $19, $06, $06, $06
6666   2FB4 04 1B 05 18 
6666   2FB8 03 03 03 03 
6666   2FBC 19 06 06 06 
6667   2FC0 1A 04 1B 05                        .DB $1A, $04, $1B, $05, $18, $03, $03, $03, $03, $19, $06, $06, $06, $1A, $04, $1B
6667   2FC4 18 03 03 03 
6667   2FC8 03 19 06 06 
6667   2FCC 06 1A 04 1B 
6668   2FD0 05 18 03 03                        .DB $05, $18, $03, $03, $03, $03, $19, $06, $06, $06, $1A, $04, $1B, $05, $18, $03
6668   2FD4 03 03 19 06 
6668   2FD8 06 06 1A 04 
6668   2FDC 1B 05 18 03 
6669   2FE0 03 19 06 06                        .DB $03, $19, $06, $06, $1A, $11, $12, $13, $02, $02, $02, $05, $05, $02, $02, $02
6669   2FE4 1A 11 12 13 
6669   2FE8 02 02 02 05 
6669   2FEC 05 02 02 02 
6670   2FF0 05 05 02 02                        .DB $05, $05, $02, $02, $02, $05, $1C, $08, $08, $07, $07, $08, $08, $08, $00, $FF
6670   2FF4 02 05 1C 08 
6670   2FF8 08 07 07 08 
6670   2FFC 08 08 00 FF 
6671   3000             
6672   3000             ;*****************************************************************************
6673   3000             ; h7-ic51.7a
6674   3000             ;*****************************************************************************
6675   3000             
6676   3000             ;*****************************************************************************
6677   3000             ;* AlienBehaviorUpdate.
6678   3000             ;* This is the 'core of the matter'!
6679   3000             ;* The 'core of the matter': drives every alien attack pattern and the
6680   3000             ;* randomized selection. One sub-task runs per frame, chosen round-robin by
6681   3000             ;* Counter93 (0-7) via jump table T3018. The sub-tasks cooperate through the
6682   3000             ;* behavior state machine at $4350 and the control block $4350-$435B.
6683   3000             ;* The selected patterns do always fit on the screen,
6684   3000             ;* even if the alien formation is further down. (phase 1, 2, 3)
6685   3000             ;*****************************************************************************
6686   3000             L3000:
6687   3000 21 93 43                           LD      HL,Counter93        ; 
6688   3003 7E                                 LD      A,(HL)              ; load and save ram value
6689   3004 34                                 INC     (HL)                ; increment Counter93
6690   3005 E6 07                              AND     $07                 ; masc out 0000_0111 the saved value in order to count from 0 to 7
6691   3007 21 18 30                           LD      HL,T3018            ; base of jump table
6692   300A 07                                 RLCA                        ; Multiply by 2 to get a 2 byte offset
6693   300B 85                                 ADD     A,L                 ;
6694   300C 6F                                 LD      L,A                 ;
6695   300D 7E                                 LD      A,(HL)              ; get MSB from jump table
6696   300E 23                                 INC     HL                  ;
6697   300F 6E                                 LD      L,(HL)              ; get LSB from jump table
6698   3010 67                                 LD      H,A                 ;
6699   3011 E9                                 JP      (HL)                ; jump to the corresponding function
6700   3012             ;*****************************************************************************
6701   3012             ;* Sub-task 7: Do nothing.
6702   3012             ;*****************************************************************************
6703   3012             L3012:
6704   3012 C9                                 RET                         ;
6705   3013             
6706   3018                                    .ORG $3018
6707   3018             ;
6708   3018             T3018:
6709   3018                                    .MSFIRST
6710   3018 32 64                              .DW L3264 ; 0 -> L3264  install chosen pattern / rotate start pointer
6711   301A 30 28                              .DW L3028 ; 1 -> L3028  'Angry movement A/B' (push formation down)
6712   301C 30 BA                              .DW L30BA ; 2 -> L30BA  tick attack-delay + group timers
6713   301E 31 24                              .DW L3124 ; 3 -> L3124  decide how many aliens attack
6714   3020 31 5A                              .DW L315A ; 4 -> L315A  pick a random alien to attack
6715   3022 31 B4                              .DW L31B4 ; 5 -> L31B4  choose the closed-loop swoop pattern
6716   3024 32 2C                              .DW L322C ; 6 -> L322C  confirm pattern start across the grid
6717   3026 30 12                              .DW L3012 ; 7 -> L3012  (nop)
6718   3028             
6719   3028             ;*****************************************************************************
6720   3028             ;* Sub-task 1: 'Angry movement pattern A/B' (pattern 26/28).
6721   3028             ;* Every $4358 frames, escalate $4357 and re-arm the downward-push pattern
6722   3028             ;* (T2E00/T2E40), so the formation creeps further down the screen.
6723   3028             ;*****************************************************************************
6724   3028             L3028:
6725   3028 21 57 43                           LD      HL,M4357            ; 
6726   302B 7E                                 LD      A,(HL)              
6727   302C FE 03                              CP      $03                 
6728   302E D0                                 RET     NC                  ; if >= 3
6729   302F 2E 50                              LD      L,$50               
6730   3031 7E                                 LD      A,(HL)              ; get $4350
6731   3032 FE 04                              CP      $04                 
6732   3034 D0                                 RET     NC                  ; if >= 4
6733   3035 2E 58                              LD      L,$58               
6734   3037 7E                                 LD      A,(HL)              ; get $4358
6735   3038 A7                                 AND     A                   ; updates the zero flag
6736   3039 CA 5C 30                           JP      Z,L305C             ; 
6737   303C 35                                 DEC     (HL)                ; $4358
6738   303D C0                                 RET     NZ                  
6739   303E 2D                                 DEC     L                   
6740   303F 34                                 INC     (HL)                ; $4357
6741   3040 2E 50                              LD      L,$50               
6742   3042 36 04                              LD      (HL),$04            ; set $4350
6743   3044 2E 53                              LD      L,$53               
6744   3046 36 10                              LD      (HL),$10            ; set $4353
6745   3048 2C                                 INC     L                   
6746   3049 36 50                              LD      (HL),$50            ; set $4354
6747   304B 2E 51                              LD      L,$51               
6748   304D 36 2E                              LD      (HL),$2E            ; set $4351
6749   304F 2C                                 INC     L                   
6750   3050 36 00                              LD      (HL),$00            ; clear $4352
6751   3052 3A C2 43                           LD      A,(PlayerShipX)     ; 
6752   3055 0F                                 RRCA                        
6753   3056 D8                                 RET     C                   
6754   3057 36 40                              LD      (HL),$40            ; set $4352
6755   3059 C9                                 RET                         
6756   305A             
6757   305C                                    .ORG $305C
6758   305C             ;*****************************************************************************
6759   305C             ;* End of movement pattern reached. Get the next start pointer.
6760   305C             ;*****************************************************************************
6761   305C             L305C:
6762   305C CD 74 30                           CALL    L3074               ; 
6763   305F 21 57 43                           LD      HL,M4357            ; 
6764   3062 7E                                 LD      A,(HL)              ; get $4357
6765   3063 07                                 RLCA                        ; Multiply by 4 ..
6766   3064 07                                 RLCA                        ; ..
6767   3065 00                                 NOP                         ;
6768   3066 00                                 NOP                         ;
6769   3067 81                                 ADD     A,C                 ;
6770   3068 C6 07                              ADD     $07                 ;
6771   306A 2E 58                              LD      L,$58               ;
6772   306C 77                                 LD      (HL),A              ; store to $4358
6773   306D C9                                 RET                         ;
6774   306E             
6775   3074                                    .ORG $3074
6776   3074             ;*****************************************************************************
6777   3074             ;* Build a scaled random magnitude in C from round, level, aliens-left and
6778   3074             ;* a random number. Used to size timer spans and attacker counts.
6779   3074             ;*****************************************************************************
6780   3074             L3074:
6781   3074 21 B8 43                           LD      HL,LevelAndRound    ; 
6782   3077 7E                                 LD      A,(HL)              
6783   3078 0F                                 RRCA                        
6784   3079 00                                 NOP                         
6785   307A E6 07                              AND     $07                 ; 0000_0111
6786   307C 47                                 LD      B,A                 
6787   307D 3E 07                              LD      A,$07               
6788   307F 90                                 SUB     B                   
6789   3080 4F                                 LD      C,A                 
6790   3081 7E                                 LD      A,(HL)              ; get LevelAndRound
6791   3082 FE 80                              CP      $80                 
6792   3084 DA 89 30                           JP      C,L3089             ; 
6793   3087 3E 70                              LD      A,$70               
6794   3089             L3089:
6795   3089 0F                                 RRCA                        
6796   308A 0F                                 RRCA                        
6797   308B 0F                                 RRCA                        
6798   308C 0F                                 RRCA                        
6799   308D E6 07                              AND     $07                 
6800   308F 47                                 LD      B,A                 
6801   3090 3E 07                              LD      A,$07               
6802   3092 90                                 SUB     B                   
6803   3093 81                                 ADD     A,C                 
6804   3094 4F                                 LD      C,A                 
6805   3095 3A BA 43                           LD      A,(AliensLeft)      ; 
6806   3098 D6 05                              SUB     $05                 
6807   309A D2 9F 30                           JP      NC,L309F            ; 
6808   309D 3E 10                              LD      A,$10               
6809   309F             L309F:
6810   309F 81                                 ADD     A,C                 
6811   30A0 4F                                 LD      C,A                 
6812   30A1 CD AA 30                           CALL    GetRandomNumber     ; 
6813   30A4 E6 07                              AND     $07                 
6814   30A6 81                                 ADD     A,C                 
6815   30A7 4F                                 LD      C,A                 
6816   30A8 C9                                 RET                         
6817   30A9             
6818   30AA                                    .ORG $30AA
6819   30AA             ;*****************************************************************************
6820   30AA             ;* Free running counter ($439B) and the X position of the player ship ($43C2)
6821   30AA             ;* is the base for a pseudo random number.
6822   30AA             ;* Returns A-register: $00 to $0F.
6823   30AA             ;*****************************************************************************
6824   30AA             GetRandomNumber:
6825   30AA 21 9B 43                           LD      HL,Counter9A+$1     ; 
6826   30AD 7E                                 LD      A,(HL)              ;
6827   30AE 07                                 RLCA                        ; Multiply by 8 ..
6828   30AF 07                                 RLCA                        ; ..
6829   30B0 07                                 RLCA                        ; ..
6830   30B1 E6 07                              AND     $07                 ; mask out 0000_0111 in order to count from 0 to 7
6831   30B3 2E C2                              LD      L,$C2               ; get $43C2 PlayerShipX
6832   30B5 86                                 ADD     A,(HL)              ; add to counter value
6833   30B6 E6 0F                              AND     $0F                 ; mask out 0000_1111
6834   30B8 C9                                 RET                         ;
6835   30B9             
6836   30BA                                    .ORG $30BA
6837   30BA             ;*****************************************************************************
6838   30BA             ;* Sub-task 2: tick the three staggered group timers and the attack delay.
6839   30BA             ;* When the delay $4355 expires (in state 0) begin a new attack (state 1).
6840   30BA             ;*****************************************************************************
6841   30BA             L30BA:
6842   30BA 21 58 43                           LD      HL,M4358            ; 
6843   30BD CD DA 30                           CALL    L30DA               ; for $4359
6844   30C0 CD DA 30                           CALL    L30DA               ; for $435A
6845   30C3 CD DA 30                           CALL    L30DA               ; for $435B
6846   30C6 2E 50                              LD      L,$50               
6847   30C8 7E                                 LD      A,(HL)              ; get $4350
6848   30C9 A7                                 AND     A                   ; updates the zero flag
6849   30CA C0                                 RET     NZ                  ; if <> 0
6850   30CB 2E 55                              LD      L,$55               
6851   30CD 7E                                 LD      A,(HL)              ; get $4355
6852   30CE A7                                 AND     A                   ; updates the zero flag
6853   30CF CA E4 30                           JP      Z,L30E4             ; if 0
6854   30D2 35                                 DEC     (HL)                
6855   30D3 C0                                 RET     NZ                  
6856   30D4 2E 50                              LD      L,$50               
6857   30D6 36 01                              LD      (HL),$01            
6858   30D8 C9                                 RET                         
6859   30D9             
6860   30DA                                    .ORG $30DA
6861   30DA             ;*****************************************************************************
6862   30DA             ;* Tick one timer (does not go below 0).
6863   30DA             ;*****************************************************************************
6864   30DA             L30DA:
6865   30DA 2C                                 INC     L                   
6866   30DB 7E                                 LD      A,(HL)              
6867   30DC A7                                 AND     A                   ; updates the zero flag
6868   30DD C8                                 RET     Z                   ; if 4359, 435A, 435B = 0
6869   30DE 35                                 DEC     (HL)                
6870   30DF C9                                 RET                         
6871   30E0             
6872   30E4                                    .ORG $30E4
6873   30E4             ;*****************************************************************************
6874   30E4             ;* Recompute the attack delay $4355 and reload the 3 group timers.
6875   30E4             ;*****************************************************************************
6876   30E4             L30E4:
6877   30E4 CD 74 30                           CALL    L3074               ; 
6878   30E7 21 9A 43                           LD      HL,Counter9A        ; 
6879   30EA 7E                                 LD      A,(HL)              
6880   30EB FE 10                              CP      $10                 
6881   30ED DA F2 30                           JP      C,L30F2             ; 
6882   30F0 3E 0F                              LD      A,$0F               
6883   30F2             L30F2:
6884   30F2 47                                 LD      B,A                 
6885   30F3 3E 0F                              LD      A,$0F               
6886   30F5 90                                 SUB     B                   
6887   30F6 81                                 ADD     A,C                 
6888   30F7 4F                                 LD      C,A                 
6889   30F8 06 01                              LD      B,$01               
6890   30FA 2E 58                              LD      L,$58               
6891   30FC CD 12 31                           CALL    L3112               ; for $4359
6892   30FF CD 12 31                           CALL    L3112               ; for $435A
6893   3102 CD 12 31                           CALL    L3112               ; for $435B
6894   3105 79                                 LD      A,C                 
6895   3106 0F                                 RRCA                        
6896   3107 0F                                 RRCA                        
6897   3108 E6 3F                              AND     $3F                 ; 0011_1111
6898   310A C6 01                              ADD     $01                 
6899   310C 2E 55                              LD      L,$55               
6900   310E 77                                 LD      (HL),A              ; set $4355
6901   310F C9                                 RET                         
6902   3110             
6903   3112                                    .ORG $3112
6904   3112             ;*****************************************************************************
6905   3112             ;* Reload one group timer (only if it is currently 0).
6906   3112             ;*****************************************************************************
6907   3112             L3112:
6908   3112 2C                                 INC     L                   
6909   3113 7E                                 LD      A,(HL)              
6910   3114 A7                                 AND     A                   ; updates the zero flag
6911   3115 C0                                 RET     NZ                  ; if <> 0
6912   3116 79                                 LD      A,C                 
6913   3117 0F                                 RRCA                        
6914   3118 E6 7F                              AND     $7F                 ; 0111_1111
6915   311A 4F                                 LD      C,A                 
6916   311B 78                                 LD      A,B                 
6917   311C A7                                 AND     A                   ; updates the zero flag
6918   311D C8                                 RET     Z                   
6919   311E 05                                 DEC     B                   
6920   311F 36 0C                              LD      (HL),$0C            
6921   3121 C9                                 RET                         
6922   3122             
6923   3124                                    .ORG $3124
6924   3124             ;*****************************************************************************
6925   3124             ;* Sub-task 3: in state 1, advance to state 2 and compute the number of
6926   3124             ;* aliens that will fly the swoop ($4353), from round + random, reduced as
6927   3124             ;* the escalation counter $4357 grows.
6928   3124             ;*****************************************************************************
6929   3124             L3124:
6930   3124 21 50 43                           LD      HL,M4350            ; 
6931   3127 7E                                 LD      A,(HL)              
6932   3128 FE 01                              CP      $01                 
6933   312A C0                                 RET     NZ                  ; if <> 1
6934   312B 36 02                              LD      (HL),$02            ; set $4350
6935   312D 2E B8                              LD      L,$B8               
6936   312F 7E                                 LD      A,(HL)              ; get LevelAndRound
6937   3130 0F                                 RRCA                        
6938   3131 0F                                 RRCA                        
6939   3132 E6 0F                              AND     $0F                 
6940   3134 C6 05                              ADD     $05                 
6941   3136 FE 11                              CP      $11                 
6942   3138 DA 3D 31                           JP      C,L313D             ; 
6943   313B 3E 05                              LD      A,$05               
6944   313D             L313D:
6945   313D 2E 57                              LD      L,$57               
6946   313F 96                                 SUB     (HL)                
6947   3140 47                                 LD      B,A                 
6948   3141 CD AA 30                           CALL    GetRandomNumber     ; 
6949   3144 3C                                 INC     A                   
6950   3145 B8                                 CP      B                   
6951   3146 DA 4B 31                           JP      C,L314B             ; 
6952   3149 3E 01                              LD      A,$01               
6953   314B             L314B:
6954   314B 2E 53                              LD      L,$53               
6955   314D 77                                 LD      (HL),A              
6956   314E C9                                 RET                         
6957   314F             
6958   315A                                    .ORG $315A
6959   315A             ;*****************************************************************************
6960   315A             ;* Sub-task 4: in state 2, scan the 16-alien grid from a random offset for
6961   315A             ;* an active alien whose control bytes match the current start pointer.
6962   315A             ;* The first match is recorded in $4354 and state advances to 3.
6963   315A             ;*****************************************************************************
6964   315A             L315A:
6965   315A 21 50 43                           LD      HL,M4350            ; 
6966   315D 7E                                 LD      A,(HL)              
6967   315E FE 02                              CP      $02                 
6968   3160 C0                                 RET     NZ                  ; if <> 2
6969   3161 CD AA 30                           CALL    GetRandomNumber     ; 
6970   3164 00                                 NOP                         
6971   3165 47                                 LD      B,A                 
6972   3166 07                                 RLCA                        ; Multiply by 2
6973   3167 C6 50                              ADD     $50                 
6974   3169 6F                                 LD      L,A                 
6975   316A 26 4B                              LD      H,$4B               
6976   316C 78                                 LD      A,B                 
6977   316D 07                                 RLCA                        ; Multiply by 4 ..
6978   316E 07                                 RLCA                        ;
6979   316F C6 70                              ADD     $70                 
6980   3171 5F                                 LD      E,A                 
6981   3172 16 4B                              LD      D,$4B               
6982   3174 0E 10                              LD      C,$10               
6983   3176 79                                 LD      A,C                 
6984   3177 90                                 SUB     B                   
6985   3178 47                                 LD      B,A                 
6986   3179             L3179:
6987   3179 CD 92 31                           CALL    L3192               ; 
6988   317C 13                                 INC     DE                  
6989   317D 13                                 INC     DE                  
6990   317E 13                                 INC     DE                  
6991   317F 13                                 INC     DE                  
6992   3180 23                                 INC     HL                  
6993   3181 23                                 INC     HL                  
6994   3182 05                                 DEC     B                   
6995   3183 C2 8A 31                           JP      NZ,L318A            ; 
6996   3186 1E 70                              LD      E,$70               
6997   3188 2E 50                              LD      L,$50               
6998   318A             L318A:
6999   318A 0D                                 DEC     C                   
7000   318B C2 79 31                           JP      NZ,L3179            ; 
7001   318E C9                                 RET                         
7002   318F             
7003   3192                                    .ORG $3192
7004   3192             ;*****************************************************************************
7005   3192             ;* Match test: active alien whose control bytes equal the start pointer.
7006   3192             ;*****************************************************************************
7007   3192             L3192:
7008   3192 1A                                 LD      A,(DE)              
7009   3193 E6 08                              AND     $08                 
7010   3195 C8                                 RET     Z                   
7011   3196 3A 94 43                           LD      A,(M4394)           ; 
7012   3199 BE                                 CP      (HL)                
7013   319A C0                                 RET     NZ                  
7014   319B 3A 56 43                           LD      A,(M4356)           ; 
7015   319E 2C                                 INC     L                   
7016   319F 46                                 LD      B,(HL)              
7017   31A0 2D                                 DEC     L                   
7018   31A1 B8                                 CP      B                   
7019   31A2 C0                                 RET     NZ                  
7020   31A3 7D                                 LD      A,L                 
7021   31A4 32 54 43                           LD      (M4354),A           ; 
7022   31A7 3E 03                              LD      A,$03               
7023   31A9 32 50 43                           LD      (M4350),A           ; 
7024   31AC E1                                 POP     HL                  
7025   31AD C9                                 RET                         
7026   31AE             
7027   31B4                                    .ORG $31B4
7028   31B4             ;*****************************************************************************
7029   31B4             ;* Sub-task 5: in state 3, choose the closed-loop swoop pattern for the
7030   31B4             ;* selected alien based on its position relative to the player (T3300),
7031   31B4             ;* its row/phase (L3210 + T3310) and a random pick (T3330). Pattern pointer
7032   31B4             ;* is stored at $4351/$4352 and state advances to 5.
7033   31B4             ;*****************************************************************************
7034   31B4             L31B4:
7035   31B4 3A 50 43                           LD      A,(M4350)           ; 
7036   31B7 FE 03                              CP      $03                 
7037   31B9 C0                                 RET     NZ                  ; if <> 3
7038   31BA 3A 54 43                           LD      A,(M4354)           ; 
7039   31BD D6 50                              SUB     $50                 
7040   31BF 07                                 RLCA                        ; Multiply by 2
7041   31C0 C6 72                              ADD     $72                 
7042   31C2 6F                                 LD      L,A                 
7043   31C3 26 4B                              LD      H,$4B               
7044   31C5 46                                 LD      B,(HL)              
7045   31C6 2C                                 INC     L                   
7046   31C7 56                                 LD      D,(HL)              
7047   31C8 3A C2 43                           LD      A,(PlayerShipX)     ; 
7048   31CB 0E 04                              LD      C,$04               
7049   31CD B8                                 CP      B                   
7050   31CE D2 D6 31                           JP      NC,L31D6            ; 
7051   31D1 4F                                 LD      C,A                 
7052   31D2 78                                 LD      A,B                 
7053   31D3 41                                 LD      B,C                 
7054   31D4 0E 00                              LD      C,$00               
7055   31D6             L31D6:
7056   31D6 90                                 SUB     B                   
7057   31D7 07                                 RLCA                        ; Multiply by 8 ..
7058   31D8 07                                 RLCA                        ; ..
7059   31D9 07                                 RLCA                        ; ..
7060   31DA E6 07                              AND     $07                 
7061   31DC C6 00                              ADD     $00                 ; LSB for table T3300
7062   31DE 6F                                 LD      L,A                 
7063   31DF 26 33                              LD      H,$33               ; get MSB for table T3300
7064   31E1 7E                                 LD      A,(HL)              
7065   31E2 81                                 ADD     A,C                 
7066   31E3 07                                 RLCA                        ; Multiply by 4 ..
7067   31E4 07                                 RLCA                        ; ..
7068   31E5 4F                                 LD      C,A                 
7069   31E6 00                                 NOP                         
7070   31E7 00                                 NOP                         
7071   31E8 00                                 NOP                         
7072   31E9 3A 57 43                           LD      A,(M4357)           ; 
7073   31EC 47                                 LD      B,A                 
7074   31ED CD 10 32                           CALL    L3210               ; 
7075   31F0 79                                 LD      A,C                 
7076   31F1 80                                 ADD     A,B                 
7077   31F2 C6 10                              ADD     $10                 ; LSB for table T3310
7078   31F4 6F                                 LD      L,A                 
7079   31F5 26 33                              LD      H,$33               ; get MSB for table T3310
7080   31F7 4E                                 LD      C,(HL)              
7081   31F8 CD AA 30                           CALL    GetRandomNumber     ; 
7082   31FB E6 06                              AND     $06                 
7083   31FD 81                                 ADD     A,C                 
7084   31FE 6F                                 LD      L,A                 
7085   31FF 26 33                              LD      H,$33               ; get MSB for table T3330 (base adresses of closed loops pattern tables for aliens)
7086   3201 7E                                 LD      A,(HL)              
7087   3202 2C                                 INC     L                   
7088   3203 46                                 LD      B,(HL)              
7089   3204 21 50 43                           LD      HL,M4350            ; 
7090   3207 36 05                              LD      (HL),$05            
7091   3209 2C                                 INC     L                   
7092   320A 77                                 LD      (HL),A              
7093   320B 2C                                 INC     L                   
7094   320C 70                                 LD      (HL),B              
7095   320D C9                                 RET                         
7096   320E             
7097   3210                                    .ORG $3210
7098   3210             ;*****************************************************************************
7099   3210             ;* Get the attack phase at Reg. B (0..3) from the alien Y (only when one attacker).
7100   3210             ;*****************************************************************************
7101   3210             L3210:
7102   3210 3A 53 43                           LD      A,(M4353)           ; Number of aliens doing the closed loop pattern
7103   3213 FE 01                              CP      $01                 ; 
7104   3215 C0                                 RET     NZ                  ; only meaningful for 1
7105   3216 7A                                 LD      A,D                 ; alien screen coordinate Y
7106   3217 06 00                              LD      B,$00               ; return B = phase 0
7107   3219 FE 58                              CP      $58                 ; 
7108   321B D8                                 RET     C                   ; if alien screen coordinate Y < $58
7109   321C 06 01                              LD      B,$01               ; return B = phase 1
7110   321E FE 78                              CP      $78                 ; 
7111   3220 D8                                 RET     C                   ; if alien screen coordinate Y < $78
7112   3221 06 02                              LD      B,$02               ; return B = phase 2
7113   3223 FE 98                              CP      $98                 ; 
7114   3225 D8                                 RET     C                   ; if alien screen coordinate Y < $98
7115   3226 06 03                              LD      B,$03               ; return B = phase 3
7116   3228 C9                                 RET                         ; 
7117   3229             
7118   322C                                    .ORG $322C
7119   322C             ;*****************************************************************************
7120   322C             ;* Sub-task 6: in state 4 (angry path), verify all active aliens carry the
7121   322C             ;* start pointer, then advance to state 6.
7122   322C             ;*****************************************************************************
7123   322C             L322C:
7124   322C 3A 50 43                           LD      A,(M4350)           ; 
7125   322F FE 04                              CP      $04                 
7126   3231 C0                                 RET     NZ                  ; if <> 4
7127   3232 21 50 4B                           LD      HL,M4B50            ; Pointer to alien movement pattern
7128   3235 11 70 4B                           LD      DE,M4B70            ; Alien data structure (grid)
7129   3238 3A 56 43                           LD      A,(M4356)           ; 
7130   323B 4F                                 LD      C,A                 
7131   323C 3A 94 43                           LD      A,(M4394)           ; 
7132   323F 47                                 LD      B,A                 
7133   3240             L3240:
7134   3240 1A                                 LD      A,(DE)              
7135   3241 E6 08                              AND     $08                 
7136   3243 CA 4E 32                           JP      Z,L324E             ; 
7137   3246 7E                                 LD      A,(HL)              
7138   3247 B8                                 CP      B                   
7139   3248 C0                                 RET     NZ                  
7140   3249 2C                                 INC     L                   
7141   324A 7E                                 LD      A,(HL)              
7142   324B 2D                                 DEC     L                   
7143   324C B9                                 CP      C                   
7144   324D C0                                 RET     NZ                  
7145   324E             L324E:
7146   324E 2C                                 INC     L                   
7147   324F 2C                                 INC     L                   
7148   3250 7B                                 LD      A,E                 
7149   3251 C6 04                              ADD     $04                 
7150   3253 5F                                 LD      E,A                 
7151   3254 FE B0                              CP      $B0                 
7152   3256 C2 40 32                           JP      NZ,L3240            ; 
7153   3259 3E 06                              LD      A,$06               
7154   325B 32 50 43                           LD      (M4350),A           ; 
7155   325E C9                                 RET                         
7156   325F             
7157   3264                                    .ORG $3264
7158   3264             ;*****************************************************************************
7159   3264             ;* Sub-task 0: rotate the 'start value list' pointer $4356 (0-15). If a
7160   3264             ;* pattern is fully prepared (state >= 5), reset to state 0 and write the
7161   3264             ;* chosen closed-loop pattern pointer into the movement slots ($4B50) of the
7162   3264             ;* matching aliens - launching the actual swoop.
7163   3264             ;*****************************************************************************
7164   3264             L3264:
7165   3264 21 95 43                           LD      HL,M4395            ; 
7166   3267 7E                                 LD      A,(HL)              ;
7167   3268 32 56 43                           LD      (M4356),A           ; 
7168   326B 3C                                 INC     A                   
7169   326C E6 0F                              AND     $0F                 ; 0000_1111
7170   326E 77                                 LD      (HL),A              
7171   326F 2E 50                              LD      L,$50               
7172   3271 7E                                 LD      A,(HL)              ; get $4350
7173   3272 FE 05                              CP      $05                 
7174   3274 D8                                 RET     C                   ; if < 5
7175   3275 36 00                              LD      (HL),$00            ; clear $4350
7176   3277 2E 53                              LD      L,$53               
7177   3279 4E                                 LD      C,(HL)              ; get $4353
7178   327A 2C                                 INC     L                   
7179   327B 6E                                 LD      L,(HL)              ; get $4354
7180   327C 26 4B                              LD      H,$4B               
7181   327E 3A 56 43                           LD      A,(M4356)           ; 
7182   3281 57                                 LD      D,A                 
7183   3282 3A 94 43                           LD      A,(M4394)           ; 
7184   3285 5F                                 LD      E,A                 
7185   3286 7D                                 LD      A,L                 
7186   3287 D6 50                              SUB     $50                 
7187   3289 0F                                 RRCA                        
7188   328A 47                                 LD      B,A                 
7189   328B 3E 10                              LD      A,$10               
7190   328D 90                                 SUB     B                   
7191   328E 47                                 LD      B,A                 
7192   328F             L328F:
7193   328F 7E                                 LD      A,(HL)              
7194   3290 2C                                 INC     L                   
7195   3291 BB                                 CP      E                   
7196   3292 C2 A4 32                           JP      NZ,L32A4            ; 
7197   3295 7E                                 LD      A,(HL)              
7198   3296 BA                                 CP      D                   
7199   3297 C2 A4 32                           JP      NZ,L32A4            ; 
7200   329A 2D                                 DEC     L                   
7201   329B 3A 51 43                           LD      A,(M4351)           ; 
7202   329E 77                                 LD      (HL),A              
7203   329F 2C                                 INC     L                   
7204   32A0 3A 52 43                           LD      A,(M4352)           ; 
7205   32A3 77                                 LD      (HL),A              
7206   32A4             L32A4:
7207   32A4 2C                                 INC     L                   
7208   32A5 05                                 DEC     B                   
7209   32A6 C2 AB 32                           JP      NZ,L32AB            ; 
7210   32A9 2E 50                              LD      L,$50               
7211   32AB             L32AB:
7212   32AB 0D                                 DEC     C                   
7213   32AC C2 8F 32                           JP      NZ,L328F            ; 
7214   32AF C9                                 RET                         
7215   32B0             
7216   32B0             ;*****************************************************************************
7217   32B0             ;* Bird-level init:
7218   32B0             ;* First clears `$4B70`–`$4BAF`, then copies `BirdsLeft × 8` bytes from table T3F80
7219   32B0             ;* into the object array, choosing the source block by level.
7220   32B0             ;* So when a full wave starts (`BirdsLeft = 8`, `C = $40`),
7221   32B0             ;* the source LSB resolves to `$80` -> it copies the whole table starting at `$3F80` into `$4B70`,
7222   32B0             ;* meaning `$3F80`–`$3F87` becomes the live control block of bird #0 at `$4B70`.
7223   32B0             ;* (If fewer birds are present, both source and destination are offset toward the end of their respective arrays,
7224   32B0             ;* so the remaining birds are taken from the tail of the table.)
7225   32B0             ;* The `LevelAndRound` bit test redirects the source to `$3FC0` for levels 4/9.
7226   32B0             ;* After the copy, these objects are driven by the bird routines — e.g. `DrawFirst4BirdObjects`/`DrawSecond4BirdObjects`
7227   32B0             ;* and `L35B0`, all of which iterate the array in 8 byte steps (`ADD $08`) over `$4B70`–`$4BAF`, confirming the 8 byte-per-bird structure.
7228   32B0             ;*****************************************************************************
7229   32B0             L32B0:
7230   32B0 21 50 43                           LD      HL,M4350            ; 
7231   32B3 06 30                              LD      B,$30               ; 4350 to 437F
7232   32B5 CD D8 05                           CALL    ClearBbytesAtHL     ; 
7233   32B8 2E 9A                              LD      L,$9A               ;
7234   32BA 06 04                              LD      B,$04               ; 439A to 439D
7235   32BC CD D8 05                           CALL    ClearBbytesAtHL     ; 
7236   32BF 3A BB 43                           LD      A,(BirdsLeft)       ; 
7237   32C2 A7                                 AND     A                   ; updates the zero flag
7238   32C3 C8                                 RET     Z                   ; if no BirdsLeft
7239   32C4 07                                 RLCA                        ; Multiply by 8 ..
7240   32C5 07                                 RLCA                        ; ..
7241   32C6 07                                 RLCA                        ; ..
7242   32C7 4F                                 LD      C,A                 
7243   32C8 21 70 4B                           LD      HL,M4B70            ; 
7244   32CB 06 40                              LD      B,$40               
7245   32CD CD D8 05                           CALL    ClearBbytesAtHL     ; 
7246   32D0 16 4B                              LD      D,$4B               
7247   32D2 26 3F                              LD      H,$3F               
7248   32D4 3E 40                              LD      A,$40               
7249   32D6 91                                 SUB     C                   
7250   32D7 C6 70                              ADD     $70                 
7251   32D9 5F                                 LD      E,A                 
7252   32DA C6 10                              ADD     $10                 
7253   32DC 6F                                 LD      L,A                 
7254   32DD 41                                 LD      B,C                 
7255   32DE 3A B8 43                           LD      A,(LevelAndRound)   ; 
7256   32E1 0F                                 RRCA                        
7257   32E2 0F                                 RRCA                        
7258   32E3 D2 E0 05                           JP      NC,CopyBbytesHLtoDE ; 
7259   32E6 7D                                 LD      A,L                 
7260   32E7 C6 40                              ADD     $40                 
7261   32E9 6F                                 LD      L,A                 
7262   32EA C3 E0 05                           JP      CopyBbytesHLtoDE    ; 
7263   32ED             
7264   3300                                    .ORG $3300
7265   3300             ; Maps "distance from player" -> T3310 group.
7266   3300             T3300:
7267   3300 00 01 02 02                        .DB $00, $01, $02, $02, $03, $03, $03, $03
7267   3304 03 03 03 03 
7268   3308 FF FF FF FF                        .DB $FF, $FF, $FF, $FF, $FF, $FF, $FF, $FF
7268   330C FF FF FF FF 
7269   3310             
7270   3310             ; Pointer table for T3330.
7271   3310             ; T1160, T1020, T1020, T10A8
7272   3310             ; T1160, T1020, T1020, T2C90...
7273   3310             ; The random values (0, 2, 4 or 6) are added in order to
7274   3310             ; address the rest of T3330.
7275   3310             T3310:
7276   3310 88 90 98 A0                        .DB $88, $90, $98, $A0, $68, $70, $78, $80, $48, $50, $58, $60, $48, $30, $38, $40
7276   3314 68 70 78 80 
7276   3318 48 50 58 60 
7276   331C 48 30 38 40 
7277   3320 88 90 98 A0                        .DB $88, $90, $98, $A0, $A8, $B0, $B8, $C0, $C8, $D0, $D8, $E0, $C8, $E8, $F0, $F8
7277   3324 A8 B0 B8 C0 
7277   3328 C8 D0 D8 E0 
7277   332C C8 E8 F0 F8 
7278   3330             
7279   3330             ; Base adresses of closed loop pattern tables for aliens:
7280   3330             ; The actual flight paths the aliens follow.
7281   3330             ; T1130, T2C00, T2FA0...
7282   3330             T3330:
7283   3330                                    .MSFIRST
7284   3330 11 30 2C 00                        .DW T1130, T2C00, T2FA0, T2C00, T2EC4, T2FA0, T2F34, T2FA0
7284   3334 2F A0 2C 00 
7284   3338 2E C4 2F A0 
7284   333C 2F 34 2F A0 
7285   3340 2C C8 2E C4                        .DW T2CC8, T2EC4, T2E20, T2EC4, T1130, T139C, T13D0, T2C00
7285   3344 2E 20 2E C4 
7285   3348 11 30 13 9C 
7285   334C 13 D0 2C 00 
7286   3350 11 30 13 28                        .DW T1130, T1328, T2C00, T2F34, T11A4, T2C90, T2F34, T2FA0
7286   3354 2C 00 2F 34 
7286   3358 11 A4 2C 90 
7286   335C 2F 34 2F A0 
7287   3360 2C 90 2C C8                        .DW T2C90, T2CC8, T2E20, T2EC4, T1160, T1354, T139C, T13D0
7287   3364 2E 20 2E C4 
7287   3368 11 60 13 54 
7287   336C 13 9C 13 D0 
7288   3370 10 20 10 64                        .DW T1020, T1064, T11A4, T1328, T1020, T11A4, T1200, T2F34
7288   3374 11 A4 13 28 
7288   3378 10 20 11 A4 
7288   337C 12 00 2F 34 
7289   3380 2C 90 2C C8                        .DW T2C90, T2CC8, T2DC0, T2E20, T1160, T1244, T1288, T1354
7289   3384 2D C0 2E 20 
7289   3388 11 60 12 44 
7289   338C 12 88 13 54 
7290   3390 10 20 10 64                        .DW T1020, T1064, T1200, T1244, T1020, T1200, T1020, T1200
7290   3394 12 00 12 44 
7290   3398 10 20 12 00 
7290   339C 10 20 12 00 
7291   33A0 10 A8 2D 88                        .DW T10A8, T2D88, T10A8, T2DC0, T11D0, T12CA, T1300, T1354
7291   33A4 10 A8 2D C0 
7291   33A8 11 D0 12 CA 
7291   33AC 13 00 13 54 
7292   33B0 10 20 10 64                        .DW T1020, T1064, T10D4, T1300, T1020, T10D4, T1200, T2F00
7292   33B4 10 D4 13 00 
7292   33B8 10 20 10 D4 
7292   33BC 12 00 2F 00 
7293   33C0 2D 00 2D 44                        .DW T2D00, T2D44, T2D88, T2E6C, T1100, T11D0, T12CA, T2F64
7293   33C4 2D 88 2E 6C 
7293   33C8 11 00 11 D0 
7293   33CC 12 CA 2F 64 
7294   33D0 11 00 13 00                        .DW T1100, T1300, T2F64, T2F00, T10D4, T2D00, T2F00, T2C34
7294   33D4 2F 64 2F 00 
7294   33D8 10 D4 2D 00 
7294   33DC 2F 00 2C 34 
7295   33E0 2D 00 2D 44                        .DW T2D00, T2D44, T2E6C, T2E90, T1100, T2C34, T2F64, T2F64
7295   33E4 2E 6C 2E 90 
7295   33E8 11 00 2C 34 
7295   33EC 2F 64 2F 64 
7296   33F0 2E 90 2F 00                        .DW T2E90, T2F00, T2C34, T2C34, T2D44, T2E6C, T2E90, T2E90
7296   33F4 2C 34 2C 34 
7296   33F8 2D 44 2E 6C 
7296   33FC 2E 90 2E 90 
7297   3400             
7298   3400             ;*****************************************************************************
7299   3400             ;* Game level 7
7300   3400             ;* birds level including 'fade in'
7301   3400             ;*****************************************************************************
7302   3400             L3400:
7303   3400 CD 76 08                           CALL    PlayerUpdate        ; Updates the player ship, player bullet and the shield.
7304   3403 CD 00 38                           CALL    L3800               ; Collision detection for birds
7305   3406 CD 00 26                           CALL    L2600               ; birds vertical movement update (with 58xx scroll register)
7306   3409 CD 00 38                           CALL    L3800               ; Collision detection for birds
7307   340C CD 80 39                           CALL    L3980               ; 
7308   340F 3A BB 43                           LD      A,(BirdsLeft)       ; 
7309   3412 A7                                 AND     A                   ; updates the zero flag
7310   3413 CA 62 34                           JP      Z,L3462             ; if no BirdsLeft.
7311   3416 FE 04                              CP      $04                 ;
7312   3418 D2 38 34                           JP      NC,L3438            ; 
7313   341B CD 74 34                           CALL    DrawFirst4BirdObjects ; including the horizontal movement update
7314   341E CD 86 34                           CALL    DrawSecond4BirdObjects ; including the horizontal movement update
7315   3421 CD 60 35                           CALL    L3560               ; 
7316   3424 CD 98 34                           CALL    L3498               ; 
7317   3427 CD AA 34                           CALL    L34AA               ; 
7318   342A 3A 9B 43                           LD      A,(Counter9A+$1)    ; 
7319   342D 0F                                 RRCA                        
7320   342E DA C0 0F                           JP      C,L0FC0             ; Handle animations for killed aliens
7321   3431 CD 30 39                           CALL    L3930               ; 
7322   3434 C3 40 0C                           JP      L0C40               ; 
7323   3437             
7324   3438                                    .ORG $3438
7325   3438             ;
7326   3438             L3438:
7327   3438 3A 9B 43                           LD      A,(Counter9A+$1)    ; 
7328   343B 0F                                 RRCA                        
7329   343C DA 52 34                           JP      C,L3452             ; 
7330   343F CD 74 34                           CALL    DrawFirst4BirdObjects
7331   3442 CD 60 35                           CALL    L3560               ; 
7332   3445 CD 98 34                           CALL    L3498               ; 
7333   3448 CD 30 39                           CALL    L3930               ; 
7334   344B C3 40 0C                           JP      L0C40               ; 
7335   344E             
7336   3452                                    .ORG $3452
7337   3452             ;
7338   3452             L3452:
7339   3452 CD 86 34                           CALL    DrawSecond4BirdObjects
7340   3455 CD 60 35                           CALL    L3560               ; 
7341   3458 CD AA 34                           CALL    L34AA               ; 
7342   345B C3 C0 0F                           JP      L0FC0               ; Handle animations for killed aliens
7343   345E             
7344   3462                                    .ORG $3462
7345   3462             ;
7346   3462             L3462:
7347   3462 3A 9B 43                           LD      A,(Counter9A+$1)    ; 
7348   3465 0F                                 RRCA                        
7349   3466 D8                                 RET     C                   
7350   3467 CD 40 0C                           CALL    L0C40               ; 
7351   346A CD C0 0F                           CALL    L0FC0               ; Handle animations for killed aliens
7352   346D C3 04 22                           JP      L2204               ; 
7353   3470             
7354   3474                                    .ORG $3474
7355   3474             ;*****************************************************************************
7356   3474             ;* Draw bird objects 0 to 3.
7357   3474             ;* Including the horizontal movement update.
7358   3474             ;*****************************************************************************
7359   3474             DrawFirst4BirdObjects:
7360   3474 21 70 4B                           LD      HL,B4B70            ; 
7361   3477             ;
7362   3477             L3477:
7363   3477 E5                                 PUSH    HL                  ;
7364   3478 CD C0 34                           CALL    DrawBirdObject      ; 
7365   347B E1                                 POP     HL                  ;
7366   347C 7D                                 LD      A,L                 ;
7367   347D C6 08                              ADD     $08                 ; go to next bird object
7368   347F 6F                                 LD      L,A                 ;
7369   3480 FE 90                              CP      $90                 ; for bird0 to bird3
7370   3482 C2 77 34                           JP      NZ,L3477            ; 
7371   3485 C9                                 RET                         ;
7372   3486             
7373   3486             ;*****************************************************************************
7374   3486             ;* Draw bird objects 4 to 7.
7375   3486             ;* Including the horizontal movement update.
7376   3486             ;*****************************************************************************
7377   3486             DrawSecond4BirdObjects:
7378   3486 21 90 4B                           LD      HL,B4B90            ; 
7379   3489             ;
7380   3489             L3489:
7381   3489 E5                                 PUSH    HL                  ;
7382   348A CD C0 34                           CALL    DrawBirdObject      ; 
7383   348D E1                                 POP     HL                  ;
7384   348E 7D                                 LD      A,L                 ;
7385   348F C6 08                              ADD     $08                 ; go to next bird object
7386   3491 6F                                 LD      L,A                 ;
7387   3492 FE B0                              CP      $B0                 ; for bird4 to bird7
7388   3494 C2 89 34                           JP      NZ,L3489            ; 
7389   3497 C9                                 RET                         ;
7390   3498             
7391   3498             ;
7392   3498             L3498:
7393   3498 21 70 4B                           LD      HL,B4B70            ; 
7394   349B             ;
7395   349B             L349B:
7396   349B E5                                 PUSH    HL                  ;
7397   349C CD B0 35                           CALL    L35B0               ; 
7398   349F E1                                 POP     HL                  ;
7399   34A0 7D                                 LD      A,L                 ;
7400   34A1 C6 08                              ADD     $08                 ; go to next bird object
7401   34A3 6F                                 LD      L,A                 ;
7402   34A4 FE 90                              CP      $90                 ; for bird 0 to bird3
7403   34A6 C2 9B 34                           JP      NZ,L349B            ; 
7404   34A9 C9                                 RET                         ;
7405   34AA             
7406   34AA             ;
7407   34AA             L34AA:
7408   34AA 21 90 4B                           LD      HL,B4B90            ; 
7409   34AD             ;
7410   34AD             L34AD:
7411   34AD E5                                 PUSH    HL                  ;
7412   34AE CD B0 35                           CALL    L35B0               ; 
7413   34B1 E1                                 POP     HL                  ;
7414   34B2 7D                                 LD      A,L                 ;
7415   34B3 C6 08                              ADD     $08                 ; go to next bird object
7416   34B5 6F                                 LD      L,A                 ;
7417   34B6 FE B0                              CP      $B0                 ; for bird4 to bird7
7418   34B8 C2 AD 34                           JP      NZ,L34AD            ; 
7419   34BB C9                                 RET                         ;
7420   34BC             
7421   34C0                                    .ORG $34C0
7422   34C0             ;*****************************************************************************
7423   34C0             ;* Draw a given bird object.
7424   34C0             ;* Input HL is the data structur of one bird object.
7425   34C0             ;* (For the 8 birds: $4B70, $4B78, $4B80, $4B88, $4B90, $4B98, $4BA0, $4BA8)
7426   34C0             ;*****************************************************************************
7427   34C0             DrawBirdObject:
7428   34C0 7E                                 LD      A,(HL)              ; HL=$4B70 (or $4B78,...)
7429   34C1 A7                                 AND     A                   ; updates the zero flag
7430   34C2 C8                                 RET     Z                   ; if 0
7431   34C3 47                                 LD      B,A                 ; save it
7432   34C4 C6 C0                              ADD     $C0                 ; add to base for table T3EC0
7433   34C6 5F                                 LD      E,A                 ; save it
7434   34C7 16 3E                              LD      D,$3E               ; MSB for T3EC0
7435   34C9 1A                                 LD      A,(DE)              ; get data starting from $3EC1
7436   34CA 4F                                 LD      C,A                 ;
7437   34CB 2C                                 INC     L                   ;
7438   34CC 56                                 LD      D,(HL)              ; get $4B71 MSB of screen ram
7439   34CD 2C                                 INC     L                   ;
7440   34CE 5E                                 LD      E,(HL)              ; get $4B72 LSB of screen ram
7441   34CF 2C                                 INC     L                   ;
7442   34D0 78                                 LD      A,B                 ; restore it
7443   34D1 07                                 RLCA                        ; Multiply by 8 ..
7444   34D2 07                                 RLCA                        ; ..
7445   34D3 07                                 RLCA                        ; ..
7446   34D4 86                                 ADD     A,(HL)              ; and add to $4B73 alien0 screen coordinate Y
7447   34D5 E6 7E                              AND     $7E                 ; mask out 0111_1110
7448   34D7 6F                                 LD      L,A                 ;
7449   34D8 26 3E                              LD      H,$3E               ;
7450   34DA 7E                                 LD      A,(HL)              ; get MSB from address table for bird character block shapes (T3E08)
7451   34DB 2C                                 INC     L                   ;
7452   34DC 6E                                 LD      L,(HL)              ; get LSB
7453   34DD 67                                 LD      H,A                 ;
7454   34DE             L34DE:
7455   34DE 7A                                 LD      A,D                 ;
7456   34DF FE 4B                              CP      $4B                 ; MSB of screen ram
7457   34E1 C2 0C 35                           JP      NZ,L350C            ; if value is not equal $4B
7458   34E4 7B                                 LD      A,E                 ;
7459   34E5 FE 50                              CP      $50                 ;
7460   34E7 DA 0C 35                           JP      C,L350C             ; 
7461   34EA 06 08                              LD      B,$08               ;
7462   34EC 2C                                 INC     L                   ;
7463   34ED 2C                                 INC     L                   ;
7464   34EE D6 20                              SUB     $20                 ;
7465   34F0 5F                                 LD      E,A                 ;
7466   34F1 FE 50                              CP      $50                 ;
7467   34F3 DA 09 35                           JP      C,L3509             ; 
7468   34F6 06 10                              LD      B,$10               ;
7469   34F8 2C                                 INC     L                   ;
7470   34F9 2C                                 INC     L                   ;
7471   34FA D6 20                              SUB     $20                 ;
7472   34FC 5F                                 LD      E,A                 ;
7473   34FD FE 50                              CP      $50                 ;
7474   34FF DA 09 35                           JP      C,L3509             ; 
7475   3502 06 18                              LD      B,$18               ;
7476   3504 2C                                 INC     L                   ;
7477   3505 2C                                 INC     L                   ;
7478   3506 D6 20                              SUB     $20                 ;
7479   3508 5F                                 LD      E,A                 ;
7480   3509             ;
7481   3509             L3509:
7482   3509 79                                 LD      A,C                 ;
7483   350A 80                                 ADD     A,B                 ;
7484   350B 4F                                 LD      C,A                 ;
7485   350C             ;
7486   350C             L350C:
7487   350C 06 35                              LD      B,$35               ; MSB of return address for the draw shape entry.
7488   350E C5                                 PUSH    BC                  ;
7489   350F 01 DF FF                           LD      BC,$FFDF            ; Screen offset constant -33 right one column (-1), up one row (-32)
7490   3512 EB                                 EX      DE,HL               ;
7491   3513 36 00                              LD      (HL),$00            ; delete character on screen
7492   3515 23                                 INC     HL                  ;
7493   3516 36 00                              LD      (HL),$00            ; delete character on screen
7494   3518 09                                 ADD     HL,BC               ;
7495   3519 C9                                 RET                         ; jumps to draw shape entry.
7496   351A             
7497   3520                                    .ORG $3520
7498   3520             ;*****************************************************************************
7499   3520             ;* Draw a shape.
7500   3520             ;* Entry dep. on size of shape: 2x2,3x2,4x2,5x2,6x2,7x2.
7501   3520             ;*****************************************************************************
7502   3520             Draw7x2:
7503   3520 1A                                 LD      A,(DE)              ;
7504   3521 77                                 LD      (HL),A              ;
7505   3522 13                                 INC     DE                  ;
7506   3523 23                                 INC     HL                  ;
7507   3524 1A                                 LD      A,(DE)              ;
7508   3525 77                                 LD      (HL),A              ;
7509   3526 13                                 INC     DE                  ;
7510   3527 09                                 ADD     HL,BC               ;
7511   3528             Draw6x2:
7512   3528 1A                                 LD      A,(DE)              ;
7513   3529 77                                 LD      (HL),A              ;
7514   352A 13                                 INC     DE                  ;
7515   352B 23                                 INC     HL                  ;
7516   352C 1A                                 LD      A,(DE)              ;
7517   352D 77                                 LD      (HL),A              ;
7518   352E 13                                 INC     DE                  ;
7519   352F 09                                 ADD     HL,BC               ;
7520   3530             Draw5x2:
7521   3530 1A                                 LD      A,(DE)              ;
7522   3531 77                                 LD      (HL),A              ;
7523   3532 13                                 INC     DE                  ;
7524   3533 23                                 INC     HL                  ;
7525   3534 1A                                 LD      A,(DE)              ;
7526   3535 77                                 LD      (HL),A              ;
7527   3536 13                                 INC     DE                  ;
7528   3537 09                                 ADD     HL,BC               ;
7529   3538             Draw4x2:
7530   3538 1A                                 LD      A,(DE)              ;
7531   3539 77                                 LD      (HL),A              ;
7532   353A 13                                 INC     DE                  ;
7533   353B 23                                 INC     HL                  ;
7534   353C 1A                                 LD      A,(DE)              ;
7535   353D 77                                 LD      (HL),A              ;
7536   353E 13                                 INC     DE                  ;
7537   353F 09                                 ADD     HL,BC               ;
7538   3540             Draw3x2:
7539   3540 1A                                 LD      A,(DE)              ;
7540   3541 77                                 LD      (HL),A              ;
7541   3542 13                                 INC     DE                  ;
7542   3543 23                                 INC     HL                  ;
7543   3544 1A                                 LD      A,(DE)              ;
7544   3545 77                                 LD      (HL),A              ;
7545   3546 13                                 INC     DE                  ;
7546   3547 09                                 ADD     HL,BC               ;
7547   3548             Draw2x2:
7548   3548 1A                                 LD      A,(DE)              ;
7549   3549 77                                 LD      (HL),A              ;
7550   354A 13                                 INC     DE                  ;
7551   354B 23                                 INC     HL                  ;
7552   354C 1A                                 LD      A,(DE)              ;
7553   354D 77                                 LD      (HL),A              ;
7554   354E 13                                 INC     DE                  ;
7555   354F 09                                 ADD     HL,BC               ;
7556   3550             Draw1x2:
7557   3550 1A                                 LD      A,(DE)              ;
7558   3551 77                                 LD      (HL),A              ;
7559   3552 13                                 INC     DE                  ;
7560   3553 23                                 INC     HL                  ;
7561   3554 1A                                 LD      A,(DE)              ;
7562   3555 77                                 LD      (HL),A              ;
7563   3556 13                                 INC     DE                  ;
7564   3557 09                                 ADD     HL,BC               ;
7565   3558             ;
7566   3558             L3558:
7567   3558 36 00                              LD      (HL),$00            ;
7568   355A 23                                 INC     HL                  ;
7569   355B 36 00                              LD      (HL),$00            ;
7570   355D C9                                 RET                         ;
7571   355E             
7572   3560                                    .ORG $3560
7573   3560             ;*****************************************************************************
7574   3560             ;* Bird-launch setup:
7575   3560             ;* Decides the parameters of the next incoming bird group.
7576   3560             ;* Builds a random horizontal jitter, then composes an index from the current game state.
7577   3560             ;* The index is `bit5(timing) | round(bits 3 4) | (BirdsLeft 1)(bits 1 2)`,
7578   3560             ;* which spans `$00`–`$3E` in steps of 2 -> addresses `$3E80`–`$3EBE`.
7579   3560             ;* So the table is 32 two byte entries, selected by:
7580   3560             ;* - Game round (`LevelAndRound`, clamped at round 4) -> one of 4 difficulty groups
7581   3560             ;* - Birds remaining (`BirdsLeft 1`, clamped to 0–3) -> entry within the group
7582   3560             ;* - A timing bit from `Counter9A` -> alternates between the two halves of the table
7583   3560             ;* They're then consumed by the bird movement/attack code.
7584   3560             ;*****************************************************************************
7585   3560             L3560:
7586   3560 CD AA 30                           CALL    GetRandomNumber     ; 
7587   3563 47                                 LD      B,A                 ;
7588   3564 07                                 RLCA                        ; Multiply by 4 ..
7589   3565 07                                 RLCA                        ; ..
7590   3566 4F                                 LD      C,A                 ;
7591   3567 07                                 RLCA                        ; Multiply by 4 ..
7592   3568 07                                 RLCA                        ; ..
7593   3569 B0                                 OR      B                   
7594   356A 32 6F 43                           LD      (M436F),A           ; 
7595   356D 3A B8 43                           LD      A,(LevelAndRound)   ; 
7596   3570 FE 40                              CP      $40                 ;
7597   3572 DA 77 35                           JP      C,L3577             ; if game round < 4
7598   3575 3E 30                              LD      A,$30               
7599   3577             L3577:
7600   3577 E6 30                              AND     $30                 
7601   3579 0F                                 RRCA                        
7602   357A 47                                 LD      B,A                 
7603   357B 3A BB 43                           LD      A,(BirdsLeft)       ; 
7604   357E 3D                                 DEC     A                   
7605   357F FE 04                              CP      $04                 
7606   3581 DA 86 35                           JP      C,L3586             ; 
7607   3584 3E 03                              LD      A,$03               
7608   3586             L3586:
7609   3586 07                                 RLCA                        ; Multiply by 2
7610   3587 B0                                 OR      B                   
7611   3588 47                                 LD      B,A                 
7612   3589 3A 9A 43                           LD      A,(Counter9A)       ; 
7613   358C 07                                 RLCA                        ; Multiply by 4 ..
7614   358D 07                                 RLCA                        ; ..
7615   358E E6 20                              AND     $20                 ; mask out 0010_0000
7616   3590 B0                                 OR      B                   
7617   3591 C6 80                              ADD     $80                 
7618   3593 6F                                 LD      L,A                 
7619   3594 26 3E                              LD      H,$3E               
7620   3596 7E                                 LD      A,(HL)              ; data from table T3E80
7621   3597 32 6E 43                           LD      (M436E),A           ; 
7622   359A 2C                                 INC     L                   
7623   359B 7E                                 LD      A,(HL)              ; data from table T3E80
7624   359C 81                                 ADD     A,C                 
7625   359D E6 F8                              AND     $F8                 
7626   359F 32 6D 43                           LD      (M436D),A           ; 
7627   35A2 C9                                 RET                         
7628   35A3             
7629   35B0                                    .ORG $35B0
7630   35B0             ;*****************************************************************************
7631   35B0             ;* The dispatch trick:
7632   35B0             ;* `L35B0` is called with `HL` -> the bird's record.
7633   35B0             ;* It reads the state index at record offset +0, then (crucially) advances `HL`
7634   35B0             ;* to offset +4 and passes that pointer along.
7635   35B0             ;* It then looks up `T3F00 + index*8` and pushes four 16 bit values, then does `RET`.
7636   35B0             ;*****************************************************************************
7637   35B0             L35B0:
7638   35B0 7E                                 LD      A,(HL)              ; get index character block shape
7639   35B1 A7                                 AND     A                   ; updates the zero flag
7640   35B2 C8                                 RET     Z                   ; if index is 0
7641   35B3 47                                 LD      B,A                 ; save index to B
7642   35B4 2C                                 INC     L                   ;
7643   35B5 2C                                 INC     L                   ;
7644   35B6 2C                                 INC     L                   ;
7645   35B7 2C                                 INC     L                   ;
7646   35B8 7E                                 LD      A,(HL)              ;
7647   35B9 A7                                 AND     A                   ; updates the zero flag
7648   35BA CA BE 35                           JP      Z,L35BE             ; 
7649   35BD 35                                 DEC     (HL)                ;
7650   35BE             L35BE:
7651   35BE EB                                 EX      DE,HL               ;
7652   35BF D5                                 PUSH    DE                  ;
7653   35C0 78                                 LD      A,B                 ; load index
7654   35C1 07                                 RLCA                        ; Multiply by 8 ..
7655   35C2 07                                 RLCA                        ; ..
7656   35C3 07                                 RLCA                        ; ..
7657   35C4 6F                                 LD      L,A                 ;
7658   35C5 26 3F                              LD      H,$3F               ; MSB of table T3F00 for stack manipulation
7659   35C7 46                                 LD      B,(HL)              ; get 1st byte
7660   35C8 23                                 INC     HL                  ;
7661   35C9 4E                                 LD      C,(HL)              ; get 2nd byte
7662   35CA C5                                 PUSH    BC                  ; to stack
7663   35CB 23                                 INC     HL                  ;
7664   35CC 46                                 LD      B,(HL)              ; get 3rd byte
7665   35CD 23                                 INC     HL                  ;
7666   35CE 4E                                 LD      C,(HL)              ; get 4rd byte
7667   35CF C5                                 PUSH    BC                  ; to stack
7668   35D0 23                                 INC     HL                  ;
7669   35D1 46                                 LD      B,(HL)              ; get MSB of 1st address
7670   35D2 23                                 INC     HL                  ;
7671   35D3 4E                                 LD      C,(HL)              ; get LSB of 1st address
7672   35D4 C5                                 PUSH    BC                  ; to stack
7673   35D5 23                                 INC     HL                  ;
7674   35D6 46                                 LD      B,(HL)              ; get MSB of 2nd address
7675   35D7 23                                 INC     HL                  ;
7676   35D8 4E                                 LD      C,(HL)              ; get LSB of 2nd address
7677   35D9 C5                                 PUSH    BC                  ; to stack
7678   35DA EB                                 EX      DE,HL               ;
7679   35DB C9                                 RET                         ; calls the 2nd address
7680   35DC             ;*****************************************************************************
7681   35DC             ;* Because the 2nd address was pushed last, `RET` jumps there first. So the sequence is:
7682   35DC             ;* 1. `RET` -> 2nd address (`$35E0` or `$36C0`) runs first, with `HL` = bird record +4.
7683   35DC             ;*    These are the movement / animation routines. They do their work and finish with their own `RET`.
7684   35DC             ;* 2. That `RET` pops the next stack item — the 1st address (`$36CC`, `$36D2`, `$36EA`, or `$370A`)
7685   35DC             ;*     — and jumps there. These are the state transition routines.
7686   35DC             ;*     They begin by popping the two constants and the bird pointer back off the stack.
7687   35DC             ;*****************************************************************************
7688   35DC             
7689   35E0                                    .ORG $35E0
7690   35E0             ; called by $35B0
7691   35E0             L35E0:
7692   35E0 2C                                 INC     L                   
7693   35E1 2C                                 INC     L                   
7694   35E2 7E                                 LD      A,(HL)              
7695   35E3 FE 10                              CP      $10                 
7696   35E5 D2 28 36                           JP      NC,L3628            ; 
7697   35E8 47                                 LD      B,A                 
7698   35E9 2D                                 DEC     L                   
7699   35EA 86                                 ADD     A,(HL)              
7700   35EB 77                                 LD      (HL),A              
7701   35EC 2D                                 DEC     L                   
7702   35ED 2D                                 DEC     L                   
7703   35EE 78                                 LD      A,B                 
7704   35EF 86                                 ADD     A,(HL)              
7705   35F0 77                                 LD      (HL),A              
7706   35F1 FE 08                              CP      $08                 
7707   35F3 DA 6A 36                           JP      C,L366A             ; 
7708   35F6 E6 07                              AND     $07                 
7709   35F8 77                                 LD      (HL),A              
7710   35F9 2D                                 DEC     L                   
7711   35FA 7E                                 LD      A,(HL)              
7712   35FB D6 20                              SUB     $20                 
7713   35FD 77                                 LD      (HL),A              
7714   35FE D2 04 36                           JP      NC,L3604            ; 
7715   3601 2D                                 DEC     L                   
7716   3602 35                                 DEC     (HL)                
7717   3603 2C                                 INC     L                   
7718   3604             L3604:
7719   3604 2C                                 INC     L                   
7720   3605 2C                                 INC     L                   
7721   3606 2C                                 INC     L                   
7722   3607 4E                                 LD      C,(HL)              
7723   3608 2C                                 INC     L                   
7724   3609 2C                                 INC     L                   
7725   360A 7E                                 LD      A,(HL)              
7726   360B 2D                                 DEC     L                   
7727   360C 36 10                              LD      (HL),$10            
7728   360E 91                                 SUB     C                   
7729   360F CA 72 36                           JP      Z,L3672             ; 
7730   3612 3D                                 DEC     A                   
7731   3613 0F                                 RRCA                        
7732   3614 0F                                 RRCA                        
7733   3615 0F                                 RRCA                        
7734   3616 E6 1F                              AND     $1F                 
7735   3618 B8                                 CP      B                   
7736   3619 3C                                 INC     A                   
7737   361A 77                                 LD      (HL),A              
7738   361B D8                                 RET     C                   
7739   361C 3A 6E 43                           LD      A,(M436E)           ; 
7740   361F 77                                 LD      (HL),A              
7741   3620 B8                                 CP      B                   
7742   3621 C8                                 RET     Z                   
7743   3622 04                                 INC     B                   
7744   3623 70                                 LD      (HL),B              
7745   3624 C9                                 RET                         
7746   3625             
7747   3628                                    .ORG $3628
7748   3628             L3628:
7749   3628 E6 0F                              AND     $0F                 
7750   362A CA 44 37                           JP      Z,L3744             ; 
7751   362D 47                                 LD      B,A                 
7752   362E 2D                                 DEC     L                   
7753   362F 7E                                 LD      A,(HL)              
7754   3630 90                                 SUB     B                   
7755   3631 77                                 LD      (HL),A              
7756   3632 2D                                 DEC     L                   
7757   3633 2D                                 DEC     L                   
7758   3634 7E                                 LD      A,(HL)              
7759   3635 90                                 SUB     B                   
7760   3636 77                                 LD      (HL),A              
7761   3637 D2 95 36                           JP      NC,L3695            ; 
7762   363A E6 07                              AND     $07                 
7763   363C 77                                 LD      (HL),A              
7764   363D 2D                                 DEC     L                   
7765   363E 7E                                 LD      A,(HL)              
7766   363F C6 20                              ADD     $20                 
7767   3641 77                                 LD      (HL),A              
7768   3642 D2 48 36                           JP      NC,L3648            ; 
7769   3645 2D                                 DEC     L                   
7770   3646 34                                 INC     (HL)                
7771   3647 2C                                 INC     L                   
7772   3648             L3648:
7773   3648 2C                                 INC     L                   
7774   3649 2C                                 INC     L                   
7775   364A 2C                                 INC     L                   
7776   364B 7E                                 LD      A,(HL)              
7777   364C 2C                                 INC     L                   
7778   364D 2C                                 INC     L                   
7779   364E 96                                 SUB     (HL)                
7780   364F 0F                                 RRCA                        
7781   3650 0F                                 RRCA                        
7782   3651 0F                                 RRCA                        
7783   3652 E6 1F                              AND     $1F                 
7784   3654 B8                                 CP      B                   
7785   3655 3C                                 INC     A                   
7786   3656 2D                                 DEC     L                   
7787   3657 DA 63 36                           JP      C,L3663             ; 
7788   365A 3A 6E 43                           LD      A,(M436E)           ; 
7789   365D B8                                 CP      B                   
7790   365E CA 63 36                           JP      Z,L3663             ; 
7791   3661 78                                 LD      A,B                 
7792   3662 3C                                 INC     A                   
7793   3663             L3663:
7794   3663 F6 10                              OR      $10                 
7795   3665 77                                 LD      (HL),A              
7796   3666 C9                                 RET                         
7797   3667             
7798   366A                                    .ORG $366A
7799   366A             ;
7800   366A             L366A:
7801   366A 78                                 LD      A,B                 
7802   366B A7                                 AND     A                   ; updates the zero flag
7803   366C C0                                 RET     NZ                  
7804   366D 2C                                 INC     L                   
7805   366E 2C                                 INC     L                   
7806   366F 2C                                 INC     L                   
7807   3670 34                                 INC     (HL)                
7808   3671 C9                                 RET                         
7809   3672             ;
7810   3672             L3672:
7811   3672 2D                                 DEC     L                   
7812   3673 46                                 LD      B,(HL)              
7813   3674 2C                                 INC     L                   
7814   3675 2C                                 INC     L                   
7815   3676 3A C2 43                           LD      A,(PlayerShipX)     ; 
7816   3679 E6 F8                              AND     $F8                 
7817   367B B8                                 CP      B                   
7818   367C D2 80 36                           JP      NC,L3680            ; 
7819   367F 47                                 LD      B,A                 
7820   3680             L3680:
7821   3680 3A 6D 43                           LD      A,(M436D)           ; 
7822   3683 4F                                 LD      C,A                 
7823   3684 C6 08                              ADD     $08                 
7824   3686 32 6D 43                           LD      (M436D),A           ; 
7825   3689 78                                 LD      A,B                 
7826   368A 91                                 SUB     C                   
7827   368B 36 08                              LD      (HL),$08            
7828   368D D8                                 RET     C                   
7829   368E FE 08                              CP      $08                 
7830   3690 D8                                 RET     C                   
7831   3691 77                                 LD      (HL),A              
7832   3692 C9                                 RET                         
7833   3693             
7834   3695                                    .ORG $3695
7835   3695             ;
7836   3695             L3695:
7837   3695 2C                                 INC     L                   
7838   3696 2C                                 INC     L                   
7839   3697 46                                 LD      B,(HL)              
7840   3698 2C                                 INC     L                   
7841   3699 2C                                 INC     L                   
7842   369A 7E                                 LD      A,(HL)              
7843   369B B8                                 CP      B                   
7844   369C C0                                 RET     NZ                  
7845   369D 2D                                 DEC     L                   
7846   369E 36 00                              LD      (HL),$00            
7847   36A0 2C                                 INC     L                   
7848   36A1 3A C2 43                           LD      A,(PlayerShipX)     ; 
7849   36A4 E6 F8                              AND     $F8                 
7850   36A6 B8                                 CP      B                   
7851   36A7 DA AB 36                           JP      C,L36AB             ; 
7852   36AA 47                                 LD      B,A                 
7853   36AB             ; for the mirrored launch direction.
7854   36AB             L36AB:
7855   36AB 3A 6D 43                           LD      A,(M436D)           ; 
7856   36AE C6 08                              ADD     $08                 
7857   36B0 32 6D 43                           LD      (M436D),A           ; 
7858   36B3 80                                 ADD     A,B                 
7859   36B4 36 C8                              LD      (HL),$C8            
7860   36B6 D8                                 RET     C                   
7861   36B7 FE C8                              CP      $C8                 
7862   36B9 D0                                 RET     NC                  
7863   36BA 77                                 LD      (HL),A              
7864   36BB C9                                 RET                         
7865   36BC             
7866   36C0                                    .ORG $36C0
7867   36C0             ; called by $35B0
7868   36C0             L36C0:
7869   36C0 7E                                 LD      A,(HL)              ;
7870   36C1 0F                                 RRCA                        ;
7871   36C2 D8                                 RET     C                   ;
7872   36C3 2D                                 DEC     L                   
7873   36C4 7E                                 LD      A,(HL)              
7874   36C5 3C                                 INC     A                   
7875   36C6 E6 07                              AND     $07                 
7876   36C8 77                                 LD      (HL),A              
7877   36C9 C9                                 RET                         
7878   36CA             
7879   36CC                                    .ORG $36CC
7880   36CC             ; called by $35B0
7881   36CC             L36CC:
7882   36CC D1                                 POP     DE                  
7883   36CD C1                                 POP     BC                  
7884   36CE E1                                 POP     HL                  
7885   36CF C9                                 RET                         
7886   36D0             
7887   36D2                                    .ORG $36D2
7888   36D2             ; called by $35B0
7889   36D2             L36D2:
7890   36D2 D1                                 POP     DE                  ;
7891   36D3 C1                                 POP     BC                  ;
7892   36D4 E1                                 POP     HL                  ;
7893   36D5 7E                                 LD      A,(HL)              ;
7894   36D6 A7                                 AND     A                   ; updates the zero flag
7895   36D7 C0                                 RET     NZ                  ;
7896   36D8 70                                 LD      (HL),B              
7897   36D9 2D                                 DEC     L                   
7898   36DA 2D                                 DEC     L                   
7899   36DB 2D                                 DEC     L                   
7900   36DC 2D                                 DEC     L                   
7901   36DD 72                                 LD      (HL),D              
7902   36DE 3A 68 43                           LD      A,(M4368)           ; 
7903   36E1 F6 01                              OR      $01                 
7904   36E3 32 68 43                           LD      (M4368),A           ; 
7905   36E6 C9                                 RET                         
7906   36E7             
7907   36EA                                    .ORG $36EA
7908   36EA             ; called by $35B0
7909   36EA             L36EA:
7910   36EA D1                                 POP     DE                  
7911   36EB C1                                 POP     BC                  
7912   36EC E1                                 POP     HL                  
7913   36ED 7E                                 LD      A,(HL)              
7914   36EE A7                                 AND     A                   ; updates the zero flag
7915   36EF C0                                 RET     NZ                  
7916   36F0 2C                                 INC     L                   
7917   36F1 2C                                 INC     L                   
7918   36F2 7E                                 LD      A,(HL)              
7919   36F3 E6 0F                              AND     $0F                 
7920   36F5 C0                                 RET     NZ                  
7921   36F6 2D                                 DEC     L                   
7922   36F7 2D                                 DEC     L                   
7923   36F8 70                                 LD      (HL),B              
7924   36F9 2D                                 DEC     L                   
7925   36FA 2D                                 DEC     L                   
7926   36FB 2D                                 DEC     L                   
7927   36FC 2D                                 DEC     L                   
7928   36FD 72                                 LD      (HL),D              
7929   36FE 3A 68 43                           LD      A,(M4368)           ; 
7930   3701 F6 02                              OR      $02                 
7931   3703 32 68 43                           LD      (M4368),A           ; 
7932   3706 C9                                 RET                         
7933   3707             
7934   370A                                    .ORG $370A
7935   370A             ;*****************************************************************************
7936   370A             ; called by $35B0
7937   370A             ;* `L370A` is one of the four 1st address (state transition) handlers,
7938   370A             ;* selected by table entries `6`, `7`, `A`, and `F`.
7939   370A             ;* It runs after the frame's movement handler and decides whether the bird
7940   370A             ;* has finished its current growth phase; if so, it advances the bird to
7941   370A             ;* its next state and records progress in the global bird maturity flags `$4368`.
7942   370A             ;* Bird record fields it touches (relative to the +4 pointer it receives):
7943   370A             ;* offset +0 (via `-4`) = state index (the `T3F00` selector / character block shape),
7944   370A             ;* offset +4 = phase timer, offset +6 = sub counter.
7945   370A             ;* Step by step:
7946   370A             ;* 1. Recover parameters (`$370A`–`$370C`): pops the two `T3F00` constants for this state
7947   370A             ;*    into `DE`/`BC` and the bird pointer into `HL`.
7948   370A             ;* 2. Gate on completion (`$370D`–`$3715`): if the phase timer (offset +4) is still non zero,
7949   370A             ;*    or the low nibble of the sub counter (offset +6) is non zero,
7950   370A             ;*    the bird hasn't finished this growth phase yet, so it returns and leaves the state unchanged.
7951   370A             ;* 3. Default transition (`$3716`–`$371D`): once idle, it programs the *next* state
7952   370A             ;*    — new phase timer = `B` (table byte +0), new state index = `D` (table byte +2).
7953   370A             ;* 4. Record maturity (`$371E`–`$3723`): sets bit 2 (`$04`) of the global bird maturity flags at `$4368`.
7954   370A             ;* 5. Optional randomized branch (`$3726`–`$373E`): it samples the per wave random seed `$436F`,
7955   370A             ;*    masks it with table byte +3 (`E`) and tests the high nibble. If that misses (`RET NZ` not taken),
7956   370A             ;*    it *overrides* the transition — state index becomes `E & $0F`, phase timer becomes `C` (table byte +1)
7957   370A             ;*    — and sets an additional maturity bit 3 (`$08`).
7958   370A             ;* In other words, `L370A` is the "this bird has finished growing one stage" handler:
7959   370A             ;* it either promotes the bird to a fixed next shape or, with a seed driven probability,
7960   370A             ;* diverts it to an alternate shape, and it ticks up the flock's maturity progress in `$4368`
7961   370A             ;* so the wave logic knows how far the birds have developed. The sibling handlers work the same way
7962   370A             ;* but set different maturity bits: `L36D2` sets bit 0 (`$01`), `L36EA` sets bit 1 (`$02`),
7963   370A             ;* and `L36CC` is the plain "pop and return" terminator with no transition.
7964   370A             ;*****************************************************************************
7965   370A             L370A:
7966   370A D1                                 POP     DE                  
7967   370B C1                                 POP     BC                  
7968   370C E1                                 POP     HL                  
7969   370D 7E                                 LD      A,(HL)              
7970   370E A7                                 AND     A                   ; updates the zero flag
7971   370F C0                                 RET     NZ                  
7972   3710 2C                                 INC     L                   
7973   3711 2C                                 INC     L                   
7974   3712 7E                                 LD      A,(HL)              
7975   3713 E6 0F                              AND     $0F                 
7976   3715 C0                                 RET     NZ                  
7977   3716 2D                                 DEC     L                   
7978   3717 2D                                 DEC     L                   
7979   3718 70                                 LD      (HL),B              
7980   3719 2D                                 DEC     L                   
7981   371A 2D                                 DEC     L                   
7982   371B 2D                                 DEC     L                   
7983   371C 2D                                 DEC     L                   
7984   371D 72                                 LD      (HL),D              
7985   371E 3A 68 43                           LD      A,(M4368)           ; 
7986   3721 F6 04                              OR      $04                 
7987   3723 32 68 43                           LD      (M4368),A           ; 
7988   3726 3A 6F 43                           LD      A,(M436F)           ; 
7989   3729 A3                                 AND     E                   
7990   372A E6 F0                              AND     $F0                 
7991   372C C0                                 RET     NZ                  
7992   372D 7B                                 LD      A,E                 
7993   372E E6 0F                              AND     $0F                 
7994   3730 77                                 LD      (HL),A              
7995   3731 2C                                 INC     L                   
7996   3732 2C                                 INC     L                   
7997   3733 2C                                 INC     L                   
7998   3734 2C                                 INC     L                   
7999   3735 71                                 LD      (HL),C              
8000   3736 3A 68 43                           LD      A,(M4368)           ; 
8001   3739 F6 08                              OR      $08                 
8002   373B 32 68 43                           LD      (M4368),A           ; 
8003   373E C9                                 RET                         
8004   373F             
8005   3744                                    .ORG $3744
8006   3744             L3744:
8007   3744 36 11                              LD      (HL),$11            
8008   3746 2D                                 DEC     L                   
8009   3747 35                                 DEC     (HL)                
8010   3748 2D                                 DEC     L                   
8011   3749 2D                                 DEC     L                   
8012   374A 36 07                              LD      (HL),$07            
8013   374C 2D                                 DEC     L                   
8014   374D 7E                                 LD      A,(HL)              
8015   374E C6 20                              ADD     $20                 
8016   3750 77                                 LD      (HL),A              
8017   3751 D0                                 RET     NC                  
8018   3752 2D                                 DEC     L                   
8019   3753 34                                 INC     (HL)                
8020   3754 C9                                 RET                         
8021   3755             
8022   3758                                    .ORG $3758
8023   3758             ;
8024   3758             L3758:
8025   3758 7E                                 LD      A,(HL)              
8026   3759 A7                                 AND     A                   ; updates the zero flag
8027   375A C8                                 RET     Z                   ; if 0
8028   375B 35                                 DEC     (HL)                
8029   375C CA CC 37                           JP      Z,L37CC             ; 
8030   375F 7E                                 LD      A,(HL)              
8031   3760 0F                                 RRCA                        
8032   3761 D2 B0 37                           JP      NC,L37B0            ; Prints the score value in the middle of the bonus explosion
8033   3764 3E 0F                              LD      A,$0F               
8034   3766 96                                 SUB     (HL)                
8035   3767 E6 0E                              AND     $0E                 ; mask out 0000_1110
8036   3769 07                                 RLCA                        ; Multiply by 16 ..
8037   376A 07                                 RLCA                        ; ..
8038   376B 07                                 RLCA                        ; ..
8039   376C 07                                 RLCA                        ; ..
8040   376D 2C                                 INC     L                   
8041   376E 2C                                 INC     L                   
8042   376F 56                                 LD      D,(HL)              
8043   3770 2C                                 INC     L                   
8044   3771 5E                                 LD      E,(HL)              
8045   3772 F5                                 PUSH    AF                  
8046   3773 D5                                 PUSH    DE                  
8047   3774 01 DF FF                           LD      BC,$FFDF            ; Screen offset constant -33 right one column (-1), up one row (-32)
8048   3777 CD 96 37                           CALL    L3796               ; left part of bonus explosion animation
8049   377A D1                                 POP     DE                  
8050   377B F1                                 POP     AF                  
8051   377C 2F                                 CPL                         
8052   377D 6F                                 LD      L,A                 
8053   377E 26 FF                              LD      H,$FF               
8054   3780 23                                 INC     HL                  
8055   3781 19                                 ADD     HL,DE               
8056   3782 EB                                 EX      DE,HL               
8057   3783 21 A0 BF                           LD      HL,$BFA0            
8058   3786 19                                 ADD     HL,DE               
8059   3787 D0                                 RET     NC                  
8060   3788 EB                                 EX      DE,HL               
8061   3789 11 D6 17                           LD      DE,T17D6            ; (Bonus explosion right part)
8062   378C 36 00                              LD      (HL),$00            
8063   378E 23                                 INC     HL                  
8064   378F 36 00                              LD      (HL),$00            
8065   3791 09                                 ADD     HL,BC               
8066   3792 C3 40 35                           JP      Draw3x2             ; 
8067   3795             
8068   3796                                    .ORG $3796
8069   3796             ;*****************************************************************************
8070   3796             ;* Draws the left part of bonus explosion animation.
8071   3796             ;*****************************************************************************
8072   3796             L3796:
8073   3796 C6 60                              ADD     $60                 
8074   3798 6F                                 LD      L,A                 
8075   3799 26 00                              LD      H,$00               
8076   379B D2 9F 37                           JP      NC,L379F            ; 
8077   379E 24                                 INC     H                   
8078   379F             L379F:
8079   379F 19                                 ADD     HL,DE               
8080   37A0 EB                                 EX      DE,HL               
8081   37A1 21 C0 BC                           LD      HL,$BCC0            
8082   37A4 19                                 ADD     HL,DE               
8083   37A5 D8                                 RET     C                   
8084   37A6 EB                                 EX      DE,HL               
8085   37A7 11 D0 17                           LD      DE,T17D0            ; (Bonus explosion left part)
8086   37AA C3 40 35                           JP      Draw3x2             ; 
8087   37AD             
8088   37B0                                    .ORG $37B0
8089   37B0             ;*****************************************************************************
8090   37B0             ;* Prints the score value in the middle of the bonus explosion animation.
8091   37B0             ;* First two digits are from $4379. Last digit is ever 0.
8092   37B0             ;*****************************************************************************
8093   37B0             L37B0:
8094   37B0 2C                                 INC     L                   ;
8095   37B1 7E                                 LD      A,(HL)              ;
8096   37B2 27                                 DAA                         ;
8097   37B3 77                                 LD      (HL),A              ;
8098   37B4 2C                                 INC     L                   ;
8099   37B5 56                                 LD      D,(HL)              ;
8100   37B6 2C                                 INC     L                   ;
8101   37B7 5E                                 LD      E,(HL)              ;
8102   37B8 2D                                 DEC     L                   ;
8103   37B9 2D                                 DEC     L                   ;
8104   37BA 00                                 NOP                         ;
8105   37BB CD 17 02                           CALL    RightOneColumn      ; 
8106   37BE 3E 20                              LD      A,$20               ; character code for '0' (the right digit of bonus score)
8107   37C0 12                                 LD      (DE),A              ; write to screen ram (upper left corner of object 17D6)
8108   37C1 CD 10 02                           CALL    LeftOneColumn       ; 
8109   37C4 06 02                              LD      B,$02               ; for the left two digits
8110   37C6 C3 C4 00                           JP      PrintNumber         ; score value for bonus explosion
8111   37C9             
8112   37CC                                    .ORG $37CC
8113   37CC             ;
8114   37CC             L37CC:
8115   37CC 2C                                 INC     L                   
8116   37CD 2C                                 INC     L                   
8117   37CE 2C                                 INC     L                   
8118   37CF 7E                                 LD      A,(HL)              
8119   37D0 E6 1F                              AND     $1F                 
8120   37D2 C6 20                              ADD     $20                 
8121   37D4 6F                                 LD      L,A                 
8122   37D5 26 43                              LD      H,$43               
8123   37D7 01 DF FF                           LD      BC,$FFDF            ; Screen offset constant -33 right one column (-1), up one row (-32)
8124   37DA 11 1A 00                           LD      DE,$001A            
8125   37DD             L37DD:
8126   37DD 72                                 LD      (HL),D              
8127   37DE 23                                 INC     HL                  
8128   37DF 72                                 LD      (HL),D              
8129   37E0 09                                 ADD     HL,BC               
8130   37E1 1D                                 DEC     E                   
8131   37E2 C2 DD 37                           JP      NZ,L37DD            ; 
8132   37E5 C9                                 RET                         
8133   37E6             
8134   37E6             ;*****************************************************************************
8135   37E6             ; h8-ic52.8a
8136   37E6             ;*****************************************************************************
8137   37E6             
8138   3800                                    .ORG $3800
8139   3800             ;*****************************************************************************
8140   3800             ;* Collision detection for birds.
8141   3800             ;* The routine computes a shape index `B = displayedChar − $90`,
8142   3800             ;* and loads the bullet's pixel column bit into `C` from `T3E00[PlayerBulletX & 7]`.
8143   3800             ;* It then does two mask tests against the same `C`.
8144   3800             ;*****************************************************************************
8145   3800             L3800:
8146   3800 3A C4 43                           LD      A,(PlayerBulletState)
8147   3803 E6 08                              AND     $08                 
8148   3805 C8                                 RET     Z                   
8149   3806 3A E6 43                           LD      A,(AbovePlayerBulletMSB)
8150   3809 C6 08                              ADD     $08                 
8151   380B 57                                 LD      D,A                 
8152   380C 3A D2 4B                           LD      A,(M4BD2)           ; 
8153   380F 5F                                 LD      E,A                 
8154   3810 3A E7 43                           LD      A,(AbovePlayerBulletLSB)
8155   3813 E6 E0                              AND     $E0                 
8156   3815 47                                 LD      B,A                 
8157   3816 3A E7 43                           LD      A,(AbovePlayerBulletLSB)
8158   3819 93                                 SUB     E                   
8159   381A 00                                 NOP                         
8160   381B E6 1F                              AND     $1F                 
8161   381D B0                                 OR      B                   
8162   381E 5F                                 LD      E,A                 
8163   381F 1A                                 LD      A,(DE)              
8164   3820 D6 90                              SUB     $90                 
8165   3822 D8                                 RET     C                   
8166   3823 47                                 LD      B,A                 
8167   3824 3A C6 43                           LD      A,(PlayerBulletX)   ; 
8168   3827 E6 07                              AND     $07                 
8169   3829 C6 00                              ADD     $00                 
8170   382B 6F                                 LD      L,A                 
8171   382C 26 3E                              LD      H,$3E               
8172   382E 4E                                 LD      C,(HL)              
8173   382F 7B                                 LD      A,E                 
8174   3830 E6 0E                              AND     $0E                 
8175   3832 07                                 RLCA                        ; Multiply by 4 ..
8176   3833 07                                 RLCA                        ; ..
8177   3834 5F                                 LD      E,A                 
8178   3835 3E A8                              LD      A,$A8               
8179   3837 93                                 SUB     E                   
8180   3838 5F                                 LD      E,A                 
8181   3839 16 4B                              LD      D,$4B               
8182   383B 78                                 LD      A,B                 
8183   383C FE 50                              CP      $50                 
8184   383E DC 44 38                           CALL    C,L3844             ; 
8185   3841 C3 1C 39                           JP      L391C               ; 
8186   3844             
8187   3844             ;*****************************************************************************
8188   3844             ;* A bird has been hit
8189   3844             ;*****************************************************************************
8190   3844             L3844:
8191   3844 C6 60                              ADD     $60                 ; LSB of table T3B60
8192   3846 6F                                 LD      L,A                 
8193   3847 26 3B                              LD      H,$3B               ; MSB of table T3B60
8194   3849 7E                                 LD      A,(HL)              
8195   384A A1                                 AND     C                   
8196   384B C8                                 RET     Z                   
8197   384C CD A1 38                           CALL    L38A1               ; 
8198   384F EB                                 EX      DE,HL               
8199   3850 7E                                 LD      A,(HL)              
8200   3851 36 00                              LD      (HL),$00            
8201   3853 2C                                 INC     L                   
8202   3854 2C                                 INC     L                   
8203   3855 2C                                 INC     L                   
8204   3856 2C                                 INC     L                   
8205   3857 56                                 LD      D,(HL)              
8206   3858 E1                                 POP     HL                  
8207   3859 21 BB 43                           LD      HL,BirdsLeft        ; 
8208   385C 35                                 DEC     (HL)                ; decrement number of BirdsLeft
8209   385D FE 0B                              CP      $0B                 
8210   385F DA 94 38                           JP      C,L3894             ; 
8211   3862 5F                                 LD      E,A                 
8212   3863 3E FF                              LD      A,$FF               ; set bonus explosion flag
8213   3865 32 69 43                           LD      (M4369),A           ; 
8214   3868 21 78 43                           LD      HL,M4378            ; 
8215   386B 01 10 10                           LD      BC,$1010            ; C reg. set to: 'bonus explosion score 100'.
8216   386E 7B                                 LD      A,E                 
8217   386F FE 0F                              CP      $0F                 
8218   3871 CA FB 38                           JP      Z,L38FB             ; 
8219   3874 7A                                 LD      A,D                 
8220   3875 0F                                 RRCA                        
8221   3876 E6 7C                              AND     $7C                 
8222   3878 C6 30                              ADD     $30                 
8223   387A 4F                                 LD      C,A                 
8224   387B 7B                                 LD      A,E                 
8225   387C FE 0E                              CP      $0E                 
8226   387E CA FB 38                           JP      Z,L38FB             ; 
8227   3881 79                                 LD      A,C                 
8228   3882 0F                                 RRCA                        
8229   3883 4F                                 LD      C,A                 
8230   3884 7B                                 LD      A,E                 
8231   3885 FE 0C                              CP      $0C                 
8232   3887 D2 FB 38                           JP      NC,L38FB            ; 
8233   388A 79                                 LD      A,C                 
8234   388B 0F                                 RRCA                        
8235   388C 4F                                 LD      C,A                 
8236   388D C3 FB 38                           JP      L38FB               ; 
8237   3890             
8238   3894                                    .ORG $3894
8239   3894             ;
8240   3894             L3894:
8241   3894 01 05 0D                           LD      BC,$0D05            
8242   3897 3E FF                              LD      A,$FF               
8243   3899 32 64 43                           LD      (M4364),A           ; 
8244   389C C3 F8 38                           JP      L38F8               ; 
8245   389F             
8246   38A1                                    .ORG $38A1
8247   38A1             ;*****************************************************************************
8248   38A1             ;* Clears the hit cell and even contains the game's copy protection check that
8249   38A1             ;* reads the "R" of "AMSTAR ELECTRONICS CORP." — corrupting the bird graphics if patched.
8250   38A1             ;*****************************************************************************
8251   38A1             L38A1:
8252   38A1 D5                                 PUSH    DE                  
8253   38A2 0E 20                              LD      C,$20               
8254   38A4 EB                                 EX      DE,HL               
8255   38A5 23                                 INC     HL                  
8256   38A6 56                                 LD      D,(HL)              
8257   38A7 23                                 INC     HL                  
8258   38A8 5E                                 LD      E,(HL)              
8259   38A9             ;*****************************************************************************
8260   38A9             ;* This is a simple protection against piracy !
8261   38A9             ;* Changing this single letter will result in a disturbing graphics garbage,
8262   38A9             ;* when you hit a bird.
8263   38A9             ;*****************************************************************************
8264   38A9 3A 8C 19                           LD      A,(L198C)           ; First letter 'R' from: " AMSTAR ELECTRONICS CORP. "
8265   38AC C6 DE                              ADD     $DE                 ; 1101_1110
8266   38AE 6F                                 LD      L,A                 
8267   38AF 26 17                              LD      H,$17               ; HL=$17F0 (FourByFourEmpty:)
8268   38B1 CD DE 34                           CALL    L34DE               ; 
8269   38B4 D1                                 POP     DE                  
8270   38B5 C9                                 RET                         
8271   38B6             
8272   38BC                                    .ORG $38BC
8273   38BC             ;*****************************************************************************
8274   38BC             ;* Test the wing mask
8275   38BC             ;*****************************************************************************
8276   38BC             L38BC:
8277   38BC C6 B0                              ADD     $B0                 
8278   38BE 6F                                 LD      L,A                 
8279   38BF 26 3B                              LD      H,$3B               
8280   38C1 7E                                 LD      A,(HL)              
8281   38C2 A1                                 AND     C                   
8282   38C3 C8                                 RET     Z                   
8283   38C4 CD A1 38                           CALL    L38A1               ; 
8284   38C7 1A                                 LD      A,(DE)              
8285   38C8 D6 0B                              SUB     $0B                 
8286   38CA DA E9 38                           JP      C,L38E9             ; 
8287   38CD FE 03                              CP      $03                 
8288   38CF D2 E9 38                           JP      NC,L38E9            ; 
8289   38D2 47                                 LD      B,A                 
8290   38D3 62                                 LD      H,D                 
8291   38D4 7B                                 LD      A,E                 
8292   38D5 C6 05                              ADD     $05                 
8293   38D7 6F                                 LD      L,A                 
8294   38D8 3A C6 43                           LD      A,(PlayerBulletX)   ; 
8295   38DB BE                                 CP      (HL)                
8296   38DC 17                                 RLA                         
8297   38DD 07                                 RLCA                        ; Multiply by 4 ..
8298   38DE 07                                 RLCA                        ; ..
8299   38DF E6 04                              AND     $04                 
8300   38E1 B0                                 OR      B                   
8301   38E2 C6 B8                              ADD     $B8                 
8302   38E4 6F                                 LD      L,A                 
8303   38E5 26 3D                              LD      H,$3D               
8304   38E7 7E                                 LD      A,(HL)              
8305   38E8 12                                 LD      (DE),A              
8306   38E9             ;*****************************************************************************
8307   38E9             ;* A bird's wing was hit
8308   38E9             ;*****************************************************************************
8309   38E9             L38E9:
8310   38E9 3E FF                              LD      A,$FF               
8311   38EB 32 66 43                           LD      (M4366),A           ; 
8312   38EE 01 02 07                           LD      BC,$0702            
8313   38F1 C3 F8 38                           JP      L38F8               ; 
8314   38F4             
8315   38F8                                    .ORG $38F8
8316   38F8             ;
8317   38F8             L38F8:
8318   38F8 21 70 43                           LD      HL,M4370            ; 
8319   38FB             L38FB:
8320   38FB AF                                 XOR     A                   ; A=0
8321   38FC BE                                 CP      (HL)                
8322   38FD CA 06 39                           JP      Z,L3906             ; 
8323   3900 2C                                 INC     L                   
8324   3901 2C                                 INC     L                   
8325   3902 2C                                 INC     L                   
8326   3903 2C                                 INC     L                   
8327   3904 BE                                 CP      (HL)                
8328   3905 C0                                 RET     NZ                  
8329   3906             L3906:
8330   3906 70                                 LD      (HL),B              
8331   3907 2C                                 INC     L                   
8332   3908 71                                 LD      (HL),C              
8333   3909 2C                                 INC     L                   
8334   390A 3A E6 43                           LD      A,(AbovePlayerBulletMSB)
8335   390D 77                                 LD      (HL),A              
8336   390E 2C                                 INC     L                   
8337   390F 3A E7 43                           LD      A,(AbovePlayerBulletLSB)
8338   3912 77                                 LD      (HL),A              
8339   3913 3A C4 43                           LD      A,(PlayerBulletState)
8340   3916 E6 F7                              AND     $F7                 
8341   3918 32 C4 43                           LD      (PlayerBulletState),A
8342   391B C9                                 RET                         
8343   391C             
8344   391C             ;*****************************************************************************
8345   391C             ;* Wing mask (`$3BB0`+B) — `L38BC`, reached from `L391C` when `B >= $20`.
8346   391C             ;*****************************************************************************
8347   391C             L391C:
8348   391C 78                                 LD      A,B                 
8349   391D FE 20                              CP      $20                 
8350   391F D2 BC 38                           JP      NC,L38BC            ; 
8351   3922 C9                                 RET                         
8352   3923             
8353   3923             ;*****************************************************************************
8354   3923             ;* Trigger the melody chip for 'Elise',
8355   3923             ;* if flag for: 'mother ship score display' is set.
8356   3923             ;*****************************************************************************
8357   3923             L3923:
8358   3923 C8                                 RET     Z                   
8359   3924 35                                 DEC     (HL)                
8360   3925 2E 8D                              LD      L,$8D               
8361   3927 7E                                 LD      A,(HL)              
8362   3928 E6 3F                              AND     $3F                 
8363   392A F6 80                              OR      $80                 
8364   392C 77                                 LD      (HL),A              
8365   392D C9                                 RET                         
8366   392E             
8367   3930                                    .ORG $3930
8368   3930             ;*****************************************************************************
8369   3930             ;* Bird bomb-drop dispatcher:
8370   3930             ;* For the birds currently in the active scroll band (from T3DC0),
8371   3930             ;* check which sit over the player and have them drop a bomb.
8372   3930             ;* The active-object window (start index + count) comes from `T3DC0`
8373   3930             ;* indexed by the scroll phase; the player danger window `(B,C)`
8374   3930             ;* is the player's mapped X position widened by `D` (from `L3A00`).
8375   3930             ;*****************************************************************************
8376   3930             L3930:
8377   3930 3A D2 4B                           LD      A,(M4BD2)           ; 
8378   3933 E6 1E                              AND     $1E                 
8379   3935 C6 C0                              ADD     T3DC0 & $FF         ; LSB of table T3DC0
8380   3937 6F                                 LD      L,A                 
8381   3938 26 3D                              LD      H,T3DC0 >> 8        ; MSB of table T3DC0
8382   393A 5E                                 LD      E,(HL)              
8383   393B 2C                                 INC     L                   
8384   393C 6E                                 LD      L,(HL)              
8385   393D 26 4B                              LD      H,$4B               
8386   393F CD 00 3A                           CALL    L3A00               ; 
8387   3942 3A 9F 43                           LD      A,(M439F)           ; 
8388   3945 82                                 ADD     A,D                 
8389   3946 4F                                 LD      C,A                 
8390   3947 3A 9E 43                           LD      A,(M439E)           ; 
8391   394A 92                                 SUB     D                   
8392   394B 47                                 LD      B,A                 
8393   394C             L394C:
8394   394C E5                                 PUSH    HL                  
8395   394D CD 5C 39                           CALL    L395C               ; 
8396   3950 E1                                 POP     HL                  
8397   3951 7D                                 LD      A,L                 
8398   3952 C6 08                              ADD     $08                 
8399   3954 6F                                 LD      L,A                 
8400   3955 1D                                 DEC     E                   
8401   3956 C2 4C 39                           JP      NZ,L394C            ; 
8402   3959 C9                                 RET                         
8403   395A             
8404   395C                                    .ORG $395C
8405   395C             ;*****************************************************************************
8406   395C             ;* Per-bird bomb test:
8407   395C             ;* HL -> bird object.  B/C = player danger window (left/right).
8408   395C             ;*****************************************************************************
8409   395C             L395C:
8410   395C 7E                                 LD      A,(HL)              
8411   395D FE 05                              CP      $05                 
8412   395F D8                                 RET     C                   
8413   3960 7D                                 LD      A,L                 
8414   3961 C6 05                              ADD     $05                 
8415   3963 6F                                 LD      L,A                 
8416   3964 7E                                 LD      A,(HL)              
8417   3965 B8                                 CP      B                   
8418   3966 D8                                 RET     C                   
8419   3967 B9                                 CP      C                   
8420   3968 D0                                 RET     NC                  
8421   3969 D6 04                              SUB     $04                 
8422   396B 47                                 LD      B,A                 
8423   396C 2D                                 DEC     L                   
8424   396D 2D                                 DEC     L                   
8425   396E 2D                                 DEC     L                   
8426   396F 3A D2 4B                           LD      A,(M4BD2)           ; 
8427   3972 86                                 ADD     A,(HL)              
8428   3973 E6 1F                              AND     $1F                 
8429   3975 07                                 RLCA                        ; Multiply by 8 ..
8430   3976 07                                 RLCA                        ; ..
8431   3977 07                                 RLCA                        ; ..
8432   3978 C6 08                              ADD     $08                 
8433   397A 4F                                 LD      C,A                 
8434   397B C3 B7 25                           JP      L25B7               ; 
8435   397E             
8436   3980                                    .ORG $3980
8437   3980             ;*****************************************************************************
8438   3980             ;* Player shield vs. bird collision sweep:
8439   3980             ;* Active while the formation is in a vertical band.
8440   3980             ;* Borrows the player-bullet vars to probe a column above the ship,
8441   3980             ;* destroying birds the shield touches, then ticks the shield timer.
8442   3980             ;*****************************************************************************
8443   3980             L3980:
8444   3980 3A D2 4B                           LD      A,(M4BD2)           ; 
8445   3983 D6 0C                              SUB     $0C                 
8446   3985 D8                                 RET     C                   
8447   3986 FE 10                              CP      $10                 
8448   3988 D0                                 RET     NC                  
8449   3989             ;*****************************************************************************
8450   3989             ;* --- save the real player bullet state into the $4BC0 buffer ---
8451   3989             ;*****************************************************************************
8452   3989 21 C4 43                           LD      HL,PlayerBulletState
8453   398C 11 C0 4B                           LD      DE,M4BC0            ; 
8454   398F 06 04                              LD      B,$04               
8455   3991 CD E0 05                           CALL    CopyBbytesHLtoDE    ; 
8456   3994 2E E6                              LD      L,$E6               
8457   3996 06 02                              LD      B,$02               
8458   3998 CD E0 05                           CALL    CopyBbytesHLtoDE    ; 
8459   399B             ;*****************************************************************************
8460   399B             ;* --- aim the probe at the player ship and force it "active" ---
8461   399B             ;*****************************************************************************
8462   399B 2E E2                              LD      L,$E2               
8463   399D 11 E6 43                           LD      DE,AbovePlayerBulletMSB
8464   39A0 06 02                              LD      B,$02               
8465   39A2 CD E0 05                           CALL    CopyBbytesHLtoDE    ; 
8466   39A5 2E C4                              LD      L,$C4               
8467   39A7 36 08                              LD      (HL),$08            
8468   39A9 11 9E 43                           LD      DE,M439E            ; 
8469   39AC 3A 9B 43                           LD      A,(Counter9A+$1)    ; 
8470   39AF 0F                                 RRCA                        
8471   39B0 DA BF 39                           JP      C,L39BF             ; 
8472   39B3 1C                                 INC     E                   
8473   39B4 2E E7                              LD      L,$E7               
8474   39B6 7E                                 LD      A,(HL)              
8475   39B7 D6 20                              SUB     $20                 
8476   39B9 77                                 LD      (HL),A              
8477   39BA 2D                                 DEC     L                   
8478   39BB 7E                                 LD      A,(HL)              
8479   39BC DE 00                              SBC     $00                 
8480   39BE 77                                 LD      (HL),A              
8481   39BF             L39BF:
8482   39BF 1A                                 LD      A,(DE)              
8483   39C0 32 C6 43                           LD      (PlayerBulletX),A   ; 
8484   39C3             ;*****************************************************************************
8485   39C3             ;* --- Use (the sweep)
8486   39C3             ;* After saving, the routine forces `PlayerBulletState` active (`$39A7: LD (HL),$08`),
8487   39C3             ;* seeds the aim X, and repeatedly calls the bird collision routine `L3800`
8488   39C3             ;* while stepping the "above-player bullet" address down one row at a time — checking up to ~`$1D` rows for a hit.
8489   39C3             ;*****************************************************************************
8490   39C3             L39C3:
8491   39C3 CD 00 38                           CALL    L3800               ; Collision detection for birds
8492   39C6 21 C4 43                           LD      HL,PlayerBulletState
8493   39C9 7E                                 LD      A,(HL)              
8494   39CA E6 08                              AND     $08                 
8495   39CC CA F0 39                           JP      Z,L39F0             ; 
8496   39CF 21 E7 43                           LD      HL,AbovePlayerBulletLSB
8497   39D2 34                                 INC     (HL)                
8498   39D3 7E                                 LD      A,(HL)              
8499   39D4 E6 1F                              AND     $1F                 
8500   39D6 FE 1D                              CP      $1D                 
8501   39D8 DA C3 39                           JP      C,L39C3             ; 
8502   39DB             ;*****************************************************************************
8503   39DB             ;* --- Restore buffer
8504   39DB             ;* When the sweep finishes (or the shield branch at `L39F0` completes),
8505   39DB             ;* the saved bytes are copied back, returning the player bullet to exactly its previous state
8506   39DB             ;*****************************************************************************
8507   39DB             L39DB:
8508   39DB 21 C0 4B                           LD      HL,M4BC0            ; 
8509   39DE 11 C4 43                           LD      DE,PlayerBulletState
8510   39E1 06 04                              LD      B,$04               
8511   39E3 CD E0 05                           CALL    CopyBbytesHLtoDE    ; 
8512   39E6 1E E6                              LD      E,$E6               
8513   39E8 06 02                              LD      B,$02               
8514   39EA C3 E0 05                           JP      CopyBbytesHLtoDE    ; 
8515   39ED             
8516   39F0                                    .ORG $39F0
8517   39F0             ;*****************************************************************************
8518   39F0             ;* Shield timer upkeep (entered on a hit):
8519   39F0             ;*****************************************************************************
8520   39F0             L39F0:
8521   39F0 2E A6                              LD      L,$A6               
8522   39F2 7E                                 LD      A,(HL)              
8523   39F3 FE C0                              CP      $C0                 
8524   39F5 DA C4 0C                           JP      C,L0CC4             ; 
8525   39F8 D6 01                              SUB     $01                 
8526   39FA 77                                 LD      (HL),A              
8527   39FB C3 DB 39                           JP      L39DB               ; 
8528   39FE             
8529   3A00                                    .ORG $3A00
8530   3A00             ;*****************************************************************************
8531   3A00             ;* Frame gate + danger-window width:
8532   3A00             ;* Returns D = half-width of the player "danger" window
8533   3A00             ;* (wider when fewer birds remain -> more aggressive bombing).
8534   3A00             ;* On alternate frames, pops L3930's return address so the
8535   3A00             ;* whole bomb scan is skipped this frame (throttles bombing).
8536   3A00             ;* The `POP HL` / `RET` trick at `$3A0E` is the key detail:
8537   3A00             ;* when the gate "fails", it removes `L3930`'s own continuation (`$3942`)
8538   3A00             ;* from the stack and returns one level higher, so on those frames `L3930`
8539   3A00             ;* performs no bomb-drop scan at all.
8540   3A00             ;*****************************************************************************
8541   3A00             L3A00:
8542   3A00 3A BB 43                           LD      A,(BirdsLeft)       ; 
8543   3A03 D6 0C                              SUB     $0C                 
8544   3A05 2F                                 CPL                         
8545   3A06 3C                                 INC     A                   
8546   3A07 57                                 LD      D,A                 
8547   3A08 3A 9B 43                           LD      A,(Counter9A+$1)    ; 
8548   3A0B 0F                                 RRCA                        
8549   3A0C 0F                                 RRCA                        
8550   3A0D D8                                 RET     C                   
8551   3A0E E1                                 POP     HL                  
8552   3A0F C9                                 RET                         
8553   3A10             
8554   3A10             ;*****************************************************************************
8555   3A10             ;* Update all synth sounds and melody trigger data.
8556   3A10             ;*****************************************************************************
8557   3A10             L3A10:
8558   3A10 21 B8 43                           LD      HL,LevelAndRound    ; 
8559   3A13 7E                                 LD      A,(HL)              ; get it
8560   3A14 A7                                 AND     A                   ; updates the zero flag
8561   3A15 C2 43 3B                           JP      NZ,L3B43            ; if LevelAndRound is not 0.
8562   3A18 2E 8D                              LD      L,$8D               ; set SoundControlB for...
8563   3A1A 36 CF                              LD      (HL),$CF            ; ... 1100_1111 triggers Tune3 -- ESTUDIO (Phoenix theme song)
8564   3A1C C9                                 RET                         ;
8565   3A1D             ;
8566   3A1D             L3A1D:
8567   3A1D 21 69 43                           LD      HL,M4369            ; 
8568   3A20 7E                                 LD      A,(HL)              ;
8569   3A21 A7                                 AND     A                   ; updates the zero flag
8570   3A22 CA 40 3A                           JP      Z,L3A40             ; if $4369 is 0.
8571   3A25 FE 20                              CP      $20                 
8572   3A27 DA 2C 3A                           JP      C,L3A2C             ; 
8573   3A2A 36 20                              LD      (HL),$20            
8574   3A2C             L3A2C:
8575   3A2C 35                                 DEC     (HL)                
8576   3A2D 7E                                 LD      A,(HL)              
8577   3A2E 07                                 RLCA                        ; Multiply by 4 ..
8578   3A2F 07                                 RLCA                        ; ..
8579   3A30 00                                 NOP                         
8580   3A31 2F                                 CPL                         
8581   3A32 E6 0E                              AND     $0E                 
8582   3A34 2E 8D                              LD      L,$8D               
8583   3A36 77                                 LD      (HL),A              
8584   3A37 2E 68                              LD      L,$68               
8585   3A39 36 00                              LD      (HL),$00            
8586   3A3B 2E 66                              LD      L,$66               
8587   3A3D 36 00                              LD      (HL),$00            
8588   3A3F C9                                 RET                         
8589   3A40             
8590   3A40             ;*****************************************************************************
8591   3A40             ;* Enemy hit sound during explosion animation.
8592   3A40             ;*****************************************************************************
8593   3A40             L3A40:
8594   3A40 2E 64                              LD      L,$64               
8595   3A42 7E                                 LD      A,(HL)              
8596   3A43 A7                                 AND     A                   ; updates the zero flag
8597   3A44 CA 62 3A                           JP      Z,L3A62             ; 
8598   3A47 FE 10                              CP      $10                 
8599   3A49 DA 4E 3A                           JP      C,L3A4E             ; 
8600   3A4C 36 10                              LD      (HL),$10            
8601   3A4E             L3A4E:
8602   3A4E 35                                 DEC     (HL)                
8603   3A4F 7E                                 LD      A,(HL)              
8604   3A50 0F                                 RRCA                        
8605   3A51 00                                 NOP                         
8606   3A52 00                                 NOP                         
8607   3A53 2F                                 CPL                         
8608   3A54 E6 07                              AND     $07                 
8609   3A56 F6 10                              OR      $10                 
8610   3A58 2E 8C                              LD      L,$8C               
8611   3A5A 77                                 LD      (HL),A              
8612   3A5B 2E 66                              LD      L,$66               
8613   3A5D 36 00                              LD      (HL),$00            
8614   3A5F C9                                 RET                         
8615   3A60             
8616   3A62                                    .ORG $3A62
8617   3A62             ;*****************************************************************************
8618   3A62             ;* Bird wing hit sound.
8619   3A62             ;*****************************************************************************
8620   3A62             L3A62:
8621   3A62 2E 66                              LD      L,$66               
8622   3A64 7E                                 LD      A,(HL)              
8623   3A65 A7                                 AND     A                   ; updates the zero flag
8624   3A66 C8                                 RET     Z                   
8625   3A67 FE 10                              CP      $10                 
8626   3A69 DA 78 3A                           JP      C,L3A78             ; 
8627   3A6C 36 10                              LD      (HL),$10            
8628   3A6E 3A B8 43                           LD      A,(LevelAndRound)   ; 
8629   3A71 E6 08                              AND     $08                 
8630   3A73 CA 78 3A                           JP      Z,L3A78             ; 
8631   3A76 36 05                              LD      (HL),$05            
8632   3A78             L3A78:
8633   3A78 35                                 DEC     (HL)                
8634   3A79 2E 8C                              LD      L,$8C               
8635   3A7B 7E                                 LD      A,(HL)              
8636   3A7C E6 08                              AND     $08                 
8637   3A7E F6 04                              OR      $04                 
8638   3A80 77                                 LD      (HL),A              
8639   3A81 C9                                 RET                         
8640   3A82             ;
8641   3A82             L3A82:
8642   3A82 21 9A 43                           LD      HL,Counter9A        ; 
8643   3A85 7E                                 LD      A,(HL)              
8644   3A86 FE 03                              CP      $03                 
8645   3A88 D8                                 RET     C                   
8646   3A89 2E 8D                              LD      L,$8D               
8647   3A8B 7E                                 LD      A,(HL)              
8648   3A8C E6 3F                              AND     $3F                 
8649   3A8E 77                                 LD      (HL),A              
8650   3A8F C9                                 RET                         
8651   3A90             ;
8652   3A90             L3A90:
8653   3A90 21 6B 43                           LD      HL,M436B            ; 
8654   3A93 7E                                 LD      A,(HL)              
8655   3A94 A7                                 AND     A                   ; updates the zero flag
8656   3A95 C3 23 39                           JP      L3923               ; 
8657   3A98             
8658   3A98             ;*****************************************************************************
8659   3A98             ;* Background sound for the alien waves.
8660   3A98             ;* At least one of the aliens is doing a closed loop pattern.
8661   3A98             ;* Sound data is derived from alien control state B.
8662   3A98             ;*****************************************************************************
8663   3A98             L3A98:
8664   3A98 21 70 4B                           LD      HL,M4B70            ; 
8665   3A9B 01 00 08                           LD      BC,$0800            
8666   3A9E 11 B0 03                           LD      DE,$03B0            
8667   3AA1             L3AA1:
8668   3AA1 7E                                 LD      A,(HL)              
8669   3AA2 2C                                 INC     L                   
8670   3AA3 A0                                 AND     B                   
8671   3AA4 CA AE 3A                           JP      Z,L3AAE             ; 
8672   3AA7 7E                                 LD      A,(HL)              
8673   3AA8 FE 28                              CP      $28                 
8674   3AAA DA AE 3A                           JP      C,L3AAE             ; 
8675   3AAD 0C                                 INC     C                   
8676   3AAE             L3AAE:
8677   3AAE 7D                                 LD      A,L                 
8678   3AAF 82                                 ADD     A,D                 
8679   3AB0 6F                                 LD      L,A                 
8680   3AB1 BB                                 CP      E                   
8681   3AB2 C2 A1 3A                           JP      NZ,L3AA1            ; 
8682   3AB5 79                                 LD      A,C                 
8683   3AB6 A7                                 AND     A                   ; updates the zero flag
8684   3AB7 C8                                 RET     Z                   
8685   3AB8 FE 08                              CP      $08                 
8686   3ABA DA BF 3A                           JP      C,L3ABF             ; 
8687   3ABD 3E 08                              LD      A,$08               
8688   3ABF             L3ABF:
8689   3ABF C6 25                              ADD     $25                 
8690   3AC1 4F                                 LD      C,A                 
8691   3AC2 21 8C 43                           LD      HL,SoundControlA    ; 
8692   3AC5 7E                                 LD      A,(HL)              
8693   3AC6 E6 C0                              AND     $C0                 ; mask out 1100_0000
8694   3AC8 B1                                 OR      C                   
8695   3AC9 77                                 LD      (HL),A              ; trigger sound control A
8696   3ACA C9                                 RET                         
8697   3ACB             
8698   3AD0                                    .ORG $3AD0
8699   3AD0             ;*****************************************************************************
8700   3AD0             ;* Background sound for the bird waves:
8701   3AD0             ;* Counts frames for the current tone;
8702   3AD0             ;* it's compared against a per-phase duration taken from `T3DE0`
8703   3AD0             ;* (indexed by the formation scroll phase `B4BD6`),
8704   3AD0             ;* and when the duration is reached it resets to 0, which advances `$438E` to the next note.
8705   3AD0             ;*****************************************************************************
8706   3AD0             L3AD0:
8707   3AD0 21 8E 43                           LD      HL,M438E            ; Bird-wave background-sound phase
8708   3AD3 7E                                 LD      A,(HL)              ; 
8709   3AD4 E6 01                              AND     $01                 ; 0000_0001 phase bit
8710   3AD6 07                                 RLCA                        ; Multiply by 4 ..
8711   3AD7 07                                 RLCA                        ; ..
8712   3AD8 F6 20                              OR      $20                 ; 0010_0000
8713   3ADA 47                                 LD      B,A                 ; 
8714   3ADB 2D                                 DEC     L                   ; 
8715   3ADC 7E                                 LD      A,(HL)              ; $438D SoundControlB
8716   3ADD E6 C0                              AND     $C0                 ; 1100_0000
8717   3ADF B0                                 OR      B                   ; set bits
8718   3AE0 77                                 LD      (HL),A              ; at SoundControlB
8719   3AE1 2E 96                              LD      L,$96               ; $4396 bird-wave background-sound step timer
8720   3AE3 7E                                 LD      A,(HL)              ; 
8721   3AE4 34                                 INC     (HL)                ; 
8722   3AE5 A7                                 AND     A                   ; updates the zero flag
8723   3AE6 CA F8 3A                           JP      Z,L3AF8             ; 
8724   3AE9 3A D6 4B                           LD      A,(M4BD6)           ; 
8725   3AEC C6 E0                              ADD     $E0                 ; LSB of table T3DE0 Background sound data for the bird waves.
8726   3AEE 5F                                 LD      E,A                 ; 
8727   3AEF 16 3D                              LD      D,$3D               ; MSB of table T3DE0 Background sound data for the bird waves.
8728   3AF1 1A                                 LD      A,(DE)              ; 
8729   3AF2 BE                                 CP      (HL)                ; 
8730   3AF3 D0                                 RET     NC                  ; 
8731   3AF4 36 00                              LD      (HL),$00            ; 
8732   3AF6 C9                                 RET                         ; 
8733   3AF7             
8734   3AF8                                    .ORG $3AF8
8735   3AF8             ;
8736   3AF8             L3AF8:
8737   3AF8 2E 8E                              LD      L,$8E               ; $438E Bird-wave background-sound phase/state
8738   3AFA 34                                 INC     (HL)                ; advance the tone phase
8739   3AFB 2D                                 DEC     L                   ; SoundControlB
8740   3AFC 7E                                 LD      A,(HL)              ; 
8741   3AFD F6 10                              OR      $10                 ; set 0001_0000
8742   3AFF 77                                 LD      (HL),A              ; at SoundControlB
8743   3B00 C9                                 RET                         ; 
8744   3B01             
8745   3B02                                    .ORG $3B02
8746   3B02             ;*****************************************************************************
8747   3B02             ;* Background sound for level B (mothership).
8748   3B02             ;* Sound data is derived from Counter9A+1.
8749   3B02             ;*****************************************************************************
8750   3B02             L3B02:
8751   3B02 21 9A 43                           LD      HL,Counter9A        ; 
8752   3B05 7E                                 LD      A,(HL)              
8753   3B06 FE 02                              CP      $02                 
8754   3B08 D0                                 RET     NC                  
8755   3B09 2C                                 INC     L                   
8756   3B0A 7E                                 LD      A,(HL)              
8757   3B0B 47                                 LD      B,A                 
8758   3B0C E6 60                              AND     $60                 
8759   3B0E 2E 8D                              LD      L,$8D               
8760   3B10 36 0A                              LD      (HL),$0A            
8761   3B12 C0                                 RET     NZ                  
8762   3B13 78                                 LD      A,B                 
8763   3B14 E6 02                              AND     $02                 
8764   3B16 C6 1C                              ADD     $1C                 
8765   3B18 77                                 LD      (HL),A              
8766   3B19 C9                                 RET                         
8767   3B1A             
8768   3B1B                                    .ORG $3B1B
8769   3B1B             ;*****************************************************************************
8770   3B1B             ;* Ringtone sound for the player shield.
8771   3B1B             ;* Sound data is derived from player shield animation counter.
8772   3B1B             ;*****************************************************************************
8773   3B1B             L3B1B:
8774   3B1B 21 62 43                           LD      HL,M4362            ; 
8775   3B1E 7E                                 LD      A,(HL)              
8776   3B1F A7                                 AND     A                   ; updates the zero flag
8777   3B20 C8                                 RET     Z                   ; if $4362 is 0.
8778   3B21 FE 40                              CP      $40                 
8779   3B23 DA 28 3B                           JP      C,L3B28             ; 
8780   3B26 36 40                              LD      (HL),$40            
8781   3B28             L3B28:
8782   3B28 35                                 DEC     (HL)                
8783   3B29 7E                                 LD      A,(HL)              
8784   3B2A E6 06                              AND     $06                 
8785   3B2C 07                                 RLCA                        ; Multiply by 2
8786   3B2D 00                                 NOP                         
8787   3B2E 2E 8D                              LD      L,$8D               
8788   3B30 77                                 LD      (HL),A              
8789   3B31 C9                                 RET                         
8790   3B32             
8791   3B33                                    .ORG $3B33
8792   3B33             ;*****************************************************************************
8793   3B33             ;* Play the sound for 'Bonus live added'.
8794   3B33             ;*****************************************************************************
8795   3B33             L3B33:
8796   3B33 21 6A 43                           LD      HL,M436A            ; 
8797   3B36 7E                                 LD      A,(HL)              
8798   3B37 A7                                 AND     A                   ; updates the zero flag
8799   3B38 C8                                 RET     Z                   ; if $436A is 0.
8800   3B39 35                                 DEC     (HL)                
8801   3B3A E6 08                              AND     $08                 
8802   3B3C F6 07                              OR      $07                 
8803   3B3E 2E 8D                              LD      L,$8D               
8804   3B40 77                                 LD      (HL),A              
8805   3B41 C9                                 RET                         
8806   3B42             
8807   3B43                                    .ORG $3B43
8808   3B43             ;*****************************************************************************
8809   3B43             ;* Update all synth sounds and melody triggers.
8810   3B43             ;*****************************************************************************
8811   3B43             L3B43:
8812   3B43 21 A4 43                           LD      HL,GameState        ; 
8813   3B46 7E                                 LD      A,(HL)              ;
8814   3B47 FE 03                              CP      $03                 ; is 'normal game play' ?
8815   3B49 CC D6 23                           CALL    Z,L23D6             ; if yes, do the background sound.
8816   3B4C CD 33 3B                           CALL    L3B33               ; Sound for 'Bonus live added'.
8817   3B4F CD 1B 3B                           CALL    L3B1B               ; Ringtone sound for the player shield.
8818   3B52 CD 1D 3A                           CALL    L3A1D               ; 
8819   3B55 CD BD 27                           CALL    L27BD               ; Sound for player bullet or ship explosion.
8820   3B58 CD 82 3A                           CALL    L3A82               ; 
8821   3B5B C3 90 3A                           JP      L3A90               ; Trigger melody
8822   3B5E             
8823   3B60                                    .ORG $3B60
8824   3B60             ; Per-character horizontal hit-mask table for bird collision used at $3844.
8825   3B60             ; It's the lookup that lets the player's bullet hit a bird only
8826   3B60             ; where the bird's graphic tile actually has solid pixels, rather than treating the whole 8-pixel character cell as solid.
8827   3B60             ; Body mask table:
8828   3B60             T3B60:
8829   3B60 1F 7C F0 01                        .DB $1F, $7C, $F0, $01, $C0
8829   3B64 C0 
8830   3B65 07 7F FC F0                        .DB $07, $7F, $FC, $F0, $07, $C0, $1F, $FF, $FC, $03, $F0
8830   3B69 07 C0 1F FF 
8830   3B6D FC 03 F0 
8831   3B70 0F C0 3F FC                        .DB $0F, $C0, $3F, $FC, $1F, $F0, $07, $FE, $3F, $F8, $0F, $FF, $FF, $FC, $1F, $FF
8831   3B74 1F F0 07 FE 
8831   3B78 3F F8 0F FF 
8831   3B7C FF FC 1F FF 
8832   3B80 FC 1F FC 1F                        .DB $FC, $1F, $FC, $1F, $F0, $7F, $F0, $7F, $C0, $FF, $01, $C0, $FF, $01, $00, $FF
8832   3B84 F0 7F F0 7F 
8832   3B88 C0 FF 01 C0 
8832   3B8C FF 01 00 FF 
8833   3B90 07 00 FF 07                        .DB $07, $00, $FF, $07, $FC, $1F, $FC, $1F, $F0, $7F, $F0, $7F, $C0, $FF, $01, $C0
8833   3B94 FC 1F FC 1F 
8833   3B98 F0 7F F0 7F 
8833   3B9C C0 FF 01 C0 
8834   3BA0 FF 01 00 FF                        .DB $FF, $01, $00, $FF, $07, $FF, $07, $FC, $1F, $F8, $0F, $F0, $C0, $03, $FF, $FF
8834   3BA4 07 FF 07 FC 
8834   3BA8 1F F8 0F F0 
8834   3BAC C0 03 FF FF 
8835   3BB0 03 E0 03 E0                        .DB $03, $E0, $03, $E0, $0F, $80, $0F, $00, $3C, $00, $1E, $3F, $00, $FC, $F0, $00
8835   3BB4 0F 80 0F 00 
8835   3BB8 3C 00 1E 3F 
8835   3BBC 00 FC F0 00 
8836   3BC0 7F FE 00 F0                        .DB $7F, $FE, $00, $F0, $03, $E0, $00, $00, $0F, $80, $00, $00, $3F, $00, $FE, $30
8836   3BC4 03 E0 00 00 
8836   3BC8 0F 80 00 00 
8836   3BCC 3F 00 FE 30 
8837   3BD0 00 06 FF 00                        .DB $00, $06, $FF, $00, $F8, $00, $00, $03, $E0, $00, $E0, $08, $20, $04, $C0, $01
8837   3BD4 F8 00 00 03 
8837   3BD8 E0 00 E0 08 
8837   3BDC 20 04 C0 01 
8838   3BE0 E0 03 F8 0F                        .DB $E0, $03, $F8, $0F, $07, $E0, $3F, $03, $FF, $FF, $FF, $3F, $FC, $FF, $F8, $FF
8838   3BE4 07 E0 3F 03 
8838   3BE8 FF FF FF 3F 
8838   3BEC FC FF F8 FF 
8839   3BF0 FF 07 E0 1F                        .DB $FF, $07, $E0, $1F, $F0, $FF, $FC, $FF, $07, $1E, $FC, $1F, $1F, $7F, $FF, $FF
8839   3BF4 F0 FF FC FF 
8839   3BF8 07 1E FC 1F 
8839   3BFC 1F 7F FF FF 
8840   3C00             ;bird character block shapes table (using character set B)
8841   3C00             T3C00:
8842   3C00 E8 00 E9 00                        .DB $E8, $00, $E9, $00, $C4, $C6, $C5, $C7, $EA, $00, $EB, $00, $00, $00       ;bird shape #24 Object 3C00
8842   3C04 C4 C6 C5 C7 
8842   3C08 EA 00 EB 00 
8842   3C0C 00 00 
8843   3C0E EC 00 E9 00                        .DB $EC, $00, $E9, $00, $C8, $CA, $C9, $CB, $EA, $00, $ED, $00, $00, $00       ;#28 Object 3C0E
8843   3C12 C8 CA C9 CB 
8843   3C16 EA 00 ED 00 
8843   3C1A 00 00 
8844   3C1C EE 00 EF 00                        .DB $EE, $00, $EF, $00, $CC, $CF, $CD, $D0, $CE, $D1, $F0, $00, $F1, $00       ;#29 Object 3C1C
8844   3C20 CC CF CD D0 
8844   3C24 CE D1 F0 00 
8844   3C28 F1 00 
8845   3C2A F2 00 EF 00                        .DB $F2, $00, $EF, $00, $D2, $00, $D3, $D5, $D4, $D6, $F0, $00, $F3, $00       ;#30 Object 3C2A
8845   3C2E D2 00 D3 D5 
8845   3C32 D4 D6 F0 00 
8845   3C36 F3 00 
8846   3C38 E8 00 E9 00                        .DB $E8, $00, $E9, $00, $C4, $C6, $C5, $C7, $00, $00                   ;#24 without right wing Object 3C38
8846   3C3C C4 C6 C5 C7 
8846   3C40 00 00 
8847   3C42 EC 00 E9 00                        .DB $EC, $00, $E9, $00, $C8, $CA, $C9, $CB, $00, $00                   ;#28 without right wing Object 3C42
8847   3C46 C8 CA C9 CB 
8847   3C4A 00 00 
8848   3C4C EE 00 EF 00                        .DB $EE, $00, $EF, $00, $CC, $CF, $CD, $D0, $DD, $D1                   ;#29 without right wing and regrowing ($DD) Object 3C4C
8848   3C50 CC CF CD D0 
8848   3C54 DD D1 
8849   3C56 F2 00 EF 00                        .DB $F2, $00, $EF, $00, $D2, $00, $D3, $D5, $DD, $D6                   ;#30 without right wing and regrowing ($DD) Object 3C56
8849   3C5A D2 00 D3 D5 
8849   3C5E DD D6 
8850   3C60 00 00 00 00                        .DB $00, $00, $00, $00, $C4, $C6, $C5, $C7, $EA, $00, $EB, $00, $00, $00       ;#24 without left wing Object 3C60
8850   3C64 C4 C6 C5 C7 
8850   3C68 EA 00 EB 00 
8850   3C6C 00 00 
8851   3C6E 00 00 00 00                        .DB $00, $00, $00, $00, $DB, $CA, $C9, $CB, $EA, $00, $ED, $00, $00, $00       ;#28 without left wing and regrowing ($DB) Object 3C6E
8851   3C72 DB CA C9 CB 
8851   3C76 EA 00 ED 00 
8851   3C7A 00 00 
8852   3C7C 00 00 00 00                        .DB $00, $00, $00, $00, $DC, $CF, $CD, $D0, $CE, $D1, $F0, $00, $F1, $00       ;#29 without left wing and regrowing ($DC) Object 3C7C
8852   3C80 DC CF CD D0 
8852   3C84 CE D1 F0 00 
8852   3C88 F1 00 
8853   3C8A 00 00 00 00                        .DB $00, $00, $00, $00, $00, $00, $D3, $D5, $D4, $D6, $F0, $00, $F3, $00       ;#30 without left wing Object 3C8A
8853   3C8E 00 00 D3 D5 
8853   3C92 D4 D6 F0 00 
8853   3C96 F3 00 
8854   3C98 00 00 00 00                        .DB $00, $00, $00, $00, $C4, $C6, $C5, $C7, $00, $00                   ;#24 without left and right wing Object 3C98
8854   3C9C C4 C6 C5 C7 
8854   3CA0 00 00 
8855   3CA2 00 00 00 00                        .DB $00, $00, $00, $00, $DB, $CA, $C9, $CB, $00, $00                   ;#28 without left and right wing and regrowing ($DB) Object 3CA2
8855   3CA6 DB CA C9 CB 
8855   3CAA 00 00 
8856   3CAC 00 00 00 00                        .DB $00, $00, $00, $00, $DC, $CF, $CD, $D0, $DD, $D1                   ;#29 without left and right wing and regrowing ($DC,$DD) Object 3CAC
8856   3CB0 DC CF CD D0 
8856   3CB4 DD D1 
8857   3CB6 00 00 00 00                        .DB $00, $00, $00, $00, $00, $00, $D3, $D5, $DD, $D6                   ;#30 without left and right wing and regrowing ($DD) Object 3CB6
8857   3CBA 00 00 D3 D5 
8857   3CBE DD D6 
8858   3CC0 00 00 DE E2                        .DB $00, $00, $DE, $E2, $AB, $B2, $AC, $B3, $DF, $E3, $00, $00             ;#21 Object 3CC0
8858   3CC4 AB B2 AC B3 
8858   3CC8 DF E3 00 00 
8859   3CCC 00 00 00 E5                        .DB $00, $00, $00, $E5, $B4, $B6, $B5, $B7, $E4, $E6, $00, $00             ;#25 Object 3CCC
8859   3CD0 B4 B6 B5 B7 
8859   3CD4 E4 E6 00 00 
8860   3CD8 00 00 00 00                        .DB $00, $00, $00, $00, $B8, $BB, $B9, $BC, $BA, $BD, $00, $00             ;#26 Object 3CD8
8860   3CDC B8 BB B9 BC 
8860   3CE0 BA BD 00 00 
8861   3CE4 00 00 00 00                        .DB $00, $00, $00, $00, $BE, $C1, $BF, $C2, $C0, $C3, $00, $E7             ;#27 Object 3CE4
8861   3CE8 BE C1 BF C2 
8861   3CEC C0 C3 00 E7 
8862   3CF0 FF FF FF FF                        .DB $FF, $FF, $FF, $FF, $FF, $FF, $FF, $FF, $FF, $FF, $FF, $FF, $FF, $FF, $FF, $FF ;not used
8862   3CF4 FF FF FF FF 
8862   3CF8 FF FF FF FF 
8862   3CFC FF FF FF FF 
8863   3D00 00 00 FA FC                        .DB $00, $00, $FA, $FC, $D7, $D9, $D8, $DA, $FB, $FD, $00, $00             ;#22 Object 3D00
8863   3D04 D7 D9 D8 DA 
8863   3D08 FB FD 00 00 
8864   3D0C F4 F6 F5 00                        .DB $F4, $F6, $F5, $00, $C4, $C6, $C5, $C7, $F7, $00, $F8, $F9             ;#23 Object 3D0C
8864   3D10 C4 C6 C5 C7 
8864   3D14 F7 00 F8 F9 
8865   3D18 00 00 00 00                        .DB $00, $00, $00, $00, $A7, $A9, $A8, $AA, $00, $00                   ;#17 Object 3D18
8865   3D1C A7 A9 A8 AA 
8865   3D20 00 00 
8866   3D22 00 00 00 00                        .DB $00, $00, $00, $00, $AB, $AD, $AC, $AE, $00, $00                   ;#18 Object 3D22
8866   3D26 AB AD AC AE 
8866   3D2A 00 00 
8867   3D2C 00 00 DE 00                        .DB $00, $00, $DE, $00, $AB, $B0, $AC, $B1, $DF, $00                   ;#19 Object 3D2C
8867   3D30 AB B0 AC B1 
8867   3D34 DF 00 
8868   3D36 00 00 DE E0                        .DB $00, $00, $DE, $E0, $AB, $B2, $AC, $B3, $DF, $E1                   ;#20 Object 3D36
8868   3D3A AB B2 AC B3 
8868   3D3E DF E1 
8869   3D40 00 00 9D 00                        .DB $00, $00, $9D, $00, $9E, $00, $00, $00                         ;#12 Object 3D40
8869   3D44 9E 00 00 00 
8870   3D48 00 00 9F 00                        .DB $00, $00, $9F, $00, $A0, $00, $00, $00                         ;#13 Object 3D48
8870   3D4C A0 00 00 00 
8871   3D50 00 00 00 00                        .DB $00, $00, $00, $00, $9C, $00, $00, $00                         ;#11 Object 3D50
8871   3D54 9C 00 00 00 
8872   3D58 00 00 00 00                        .DB $00, $00, $00, $00, $A3, $A5, $A4, $A6                         ;#16 Object 3D58
8872   3D5C A3 A5 A4 A6 
8873   3D60 00 00 9C 00                        .DB $00, $00, $9C, $00, $00, $00                               ;#11 one pos moved to the left Object 3D60
8873   3D64 00 00 
8874   3D66 00 00 9D 00                        .DB $00, $00, $9D, $00, $9E, $00                               ;#12 (but 3x2) Object 3D66
8874   3D6A 9E 00 
8875   3D6C 00 00 9F 00                        .DB $00, $00, $9F, $00, $A0, $00                               ;#13 Object 3D6C
8875   3D70 A0 00 
8876   3D72 00 00 A1 00                        .DB $00, $00, $A1, $00, $A2, $00                               ;#14 Object 3D72
8876   3D76 A2 00 
8877   3D78 00 00 96 00                        .DB $00, $00, $96, $00, $00, $00                               ;#7 Object 3D78
8877   3D7C 00 00 
8878   3D7E 00 00 97 00                        .DB $00, $00, $97, $00, $93, $00                               ;#8 Object 3D7E
8878   3D82 93 00 
8879   3D84 00 00 98 00                        .DB $00, $00, $98, $00, $99, $00                               ;#9 Object 3D84
8879   3D88 99 00 
8880   3D8A 00 00 9A 00                        .DB $00, $00, $9A, $00, $9B, $00                               ;#10 Object 3D8A
8880   3D8E 9B 00 
8881   3D90 00 00 90 00                        .DB $00, $00, $90, $00, $00, $00                               ;#3 Object 3D90
8881   3D94 00 00 
8882   3D96 00 00 91 00                        .DB $00, $00, $91, $00, $00, $00                               ;#4 Object 3D96
8882   3D9A 00 00 
8883   3D9C 00 00 92 00                        .DB $00, $00, $92, $00, $93, $00                               ;#5 Object 3D9C
8883   3DA0 93 00 
8884   3DA2 00 00 94 00                        .DB $00, $00, $94, $00, $95, $00                               ;#6 Object 3DA2
8884   3DA6 95 00 
8885   3DA8 00 00 01 00                        .DB $00, $00, $01, $00                                     ;like small star Object 3DA8
8886   3DAC 00 00 08 00                        .DB $00, $00, $08, $00                                     ;like medium star Object 3DAC
8887   3DB0 00 00 0A 00                        .DB $00, $00, $0A, $00                                     ;like big star Object 3DB0
8888   3DB4 00 00 0B 00                        .DB $00, $00, $0B, $00, $0C, $0C, $0E, $FF                         ;group of stars Object 3DB4
8888   3DB8 0C 0C 0E FF 
8889   3DBC 0D 0E 0D FF                        .DB $0D, $0E, $0D, $FF                                     ;group of stars Object 3DBC
8890   3DC0             
8891   3DC0             ; Scroll-phase -> active-object-window table for the bird wave.
8892   3DC0             ; Used by `L3930`, which runs every frame during the bird attack waves (it's called from the wave loop at `$3431` and `$3448`).
8893   3DC0             ; It defines a sliding, resizing window over the column of bird objects as a function of how far the wave has scrolled down.
8894   3DC0             ; - Phases 0–8: the window starts at the top object (`$4B70`) and grows `6 -> 7 -> 8` as more rows enter the play field.
8895   3DC0             ; - Phases 10–22: the start pointer slides down one object at a time (`$4B78 -> $4B80 -> ... -> $4BA8`),
8896   3DC0             ;                 while the count shrinks `7 -> 6 -> ... -> 1`, modeling the top rows scrolling out / fewer rows remaining active.
8897   3DC0             ; - Phases 24–30: it wraps back to the top (`$4B70`) and grows again `2 -> 3 -> 4 -> 5`.
8898   3DC0             T3DC0:
8899   3DC0 06 70                              .DB $06, $70         ; phase  0 : count=6, ptr=$4B70
8900   3DC2 07 70                              .DB $07, $70         ; phase  2 : count=7, ptr=$4B70
8901   3DC4 08 70                              .DB $08, $70         ; phase  4 : count=8, ptr=$4B70
8902   3DC6 08 70                              .DB $08, $70         ; phase  6 : count=8, ptr=$4B70
8903   3DC8 08 70                              .DB $08, $70         ; phase  8 : count=8, ptr=$4B70
8904   3DCA 07 78                              .DB $07, $78         ; phase 10 : count=7, ptr=$4B78
8905   3DCC 06 80                              .DB $06, $80         ; phase 12 : count=6, ptr=$4B80
8906   3DCE 05 88                              .DB $05, $88         ; phase 14 : count=5, ptr=$4B88
8907   3DD0 04 90                              .DB $04, $90         ; phase 16 : count=4, ptr=$4B90
8908   3DD2 03 98                              .DB $03, $98         ; phase 18 : count=3, ptr=$4B98
8909   3DD4 02 A0                              .DB $02, $A0         ; phase 20 : count=2, ptr=$4BA0
8910   3DD6 01 A8                              .DB $01, $A8         ; phase 22 : count=1, ptr=$4BA8
8911   3DD8 02 70                              .DB $02, $70         ; phase 24 : count=2, ptr=$4B70
8912   3DDA 03 70                              .DB $03, $70         ; phase 26 : count=3, ptr=$4B70
8913   3DDC 04 70                              .DB $04, $70         ; phase 28 : count=4, ptr=$4B70
8914   3DDE 05 70                              .DB $05, $70         ; phase 30 : count=5, ptr=$4B70
8915   3DE0             
8916   3DE0             ; Background sound data for the bird waves.
8917   3DE0             ; Slowly ascending and descending tones.
8918   3DE0             T3DE0:
8919   3DE0 40 40 40 40                        .DB $40, $40, $40, $40, $40, $40, $40, $34, $2C, $26, $20, $1C, $18, $14, $12, $0F
8919   3DE4 40 40 40 34 
8919   3DE8 2C 26 20 1C 
8919   3DEC 18 14 12 0F 
8920   3DF0 0D 0B 09 08                        .DB $0D, $0B, $09, $08, $07, $06, $05, $04, $03, $02, $02, $02, $02, $02, $02, $02
8920   3DF4 07 06 05 04 
8920   3DF8 03 02 02 02 
8920   3DFC 02 02 02 02 
8921   3E00             
8922   3E00             ; Column bit `C` look up table for `PlayerBulletX & 7`
8923   3E00             T3E00:
8924   3E00 01 02 04 08                        .DB $01, $02, $04, $08, $10, $20, $40, $80
8924   3E04 10 20 40 80 
8925   3E08             
8926   3E08             ;address table for bird character block shapes (grouped by animation pattern)
8927   3E08             T3E08:
8928   3E08 3D A8                              .DB $3D, $A8 ;like small star                  2x2
8929   3E0A 3D AC                              .DB $3D, $AC ;like medium star                 2x2
8930   3E0C 3D B0                              .DB $3D, $B0 ;like big star                    2x2
8931   3E0E             
8932   3E0E 3D B4                              .DB $3D, $B4 ;group of stars
8933   3E10             
8934   3E10             ;growing up
8935   3E10 3D 90                              .DB $3D, $90 ;#3                               3x2
8936   3E12 3D 96                              .DB $3D, $96 ;#4                               3x2
8937   3E14 3D 9C                              .DB $3D, $9C ;#5                               3x2
8938   3E16 3D A2                              .DB $3D, $A2 ;#6                               3x2
8939   3E18 3D 78                              .DB $3D, $78 ;#7                               3x2
8940   3E1A 3D 7E                              .DB $3D, $7E ;#8                               3x2
8941   3E1C 3D 84                              .DB $3D, $84 ;#9                               3x2
8942   3E1E 3D 8A                              .DB $3D, $8A ;#10                              3x2
8943   3E20 3D 60                              .DB $3D, $60 ;#11 one pos moved to the left    3x2
8944   3E22 3D 66                              .DB $3D, $66 ;#12 (but 3x2)                    3x2
8945   3E24 3D 6C                              .DB $3D, $6C ;#13                              3x2
8946   3E26 3D 72                              .DB $3D, $72 ;#14                              3x2
8947   3E28             
8948   3E28 3D 40                              .DB $3D, $40 ;#12                              4x2
8949   3E2A 3D 48                              .DB $3D, $48 ;#13                              4x2
8950   3E2C 3D 50                              .DB $3D, $50 ;#11                              4x2
8951   3E2E 3D 58                              .DB $3D, $58 ;#16                              4x2
8952   3E30             
8953   3E30 3D 18                              .DB $3D, $18 ;#17                              5x2
8954   3E32 3D 22                              .DB $3D, $22 ;#18                              5x2
8955   3E34 3D 2C                              .DB $3D, $2C ;#19                              5x2
8956   3E36 3D 36                              .DB $3D, $36 ;#20                              5x2
8957   3E38             
8958   3E38 3C C0                              .DB $3C, $C0 ;#21                              6x2
8959   3E3A 3D 00                              .DB $3D, $00 ;#22                              6x2
8960   3E3C 3D 0C                              .DB $3D, $0C ;#23                              6x2
8961   3E3E             
8962   3E3E 3C 00                              .DB $3C, $00 ;#24                              7x2
8963   3E40             
8964   3E40             ;get smaller and move to left
8965   3E40 3D 58                              .DB $3D, $58 ;#16                              4x2
8966   3E42 3D 50                              .DB $3D, $50 ;#11                              4x2
8967   3E44 3D 48                              .DB $3D, $48 ;#13                              4x2
8968   3E46 3D 40                              .DB $3D, $40 ;#12                              4x2
8969   3E48             
8970   3E48             ;get smaller
8971   3E48 3D 36                              .DB $3D, $36 ;#20                              5x2
8972   3E4A 3D 2C                              .DB $3D, $2C ;#19                              5x2
8973   3E4C 3D 22                              .DB $3D, $22 ;#18                              5x2
8974   3E4E 3D 18                              .DB $3D, $18 ;#17                              5x2
8975   3E50             
8976   3E50             ;wings going down
8977   3E50 3C 00                              .DB $3C, $00 ;#24                              7x2
8978   3E52 3D 0C                              .DB $3D, $0C ;#23                              6x2
8979   3E54 3D 00                              .DB $3D, $00 ;#22                              6x2
8980   3E56 3C C0                              .DB $3C, $C0 ;#21                              6x2
8981   3E58             
8982   3E58             ;wings up and move to right
8983   3E58 3C 00                              .DB $3C, $00 ;#24                              7x2
8984   3E5A 3C 0E                              .DB $3C, $0E ;#28                              7x2
8985   3E5C 3C 1C                              .DB $3C, $1C ;#29                              7x2
8986   3E5E 3C 2A                              .DB $3C, $2A ;#30                              7x2
8987   3E60             
8988   3E60             ;wings up and move to right
8989   3E60 3C 38                              .DB $3C, $38 ;#24 without right wing           5x2
8990   3E62 3C 42                              .DB $3C, $42 ;#28 without right wing           5x2
8991   3E64 3C 4C                              .DB $3C, $4C ;#29 without right wing reg.      5x2
8992   3E66 3C 56                              .DB $3C, $56 ;#30 without right wing reg.      5x2
8993   3E68             
8994   3E68             ;wings up and move to right
8995   3E68 3C 60                              .DB $3C, $60 ;#24 without left wing            7x2
8996   3E6A 3C 6E                              .DB $3C, $6E ;#28 without left wing reg.       7x2
8997   3E6C 3C 7C                              .DB $3C, $7C ;#29 without left wing reg.       7x2
8998   3E6E 3C 8A                              .DB $3C, $8A ;#30 without left wing            7x2
8999   3E70             
9000   3E70             ;wings up and move to right
9001   3E70 3C 98                              .DB $3C, $98 ;#24 without left/right wing      5x2
9002   3E72 3C A2                              .DB $3C, $A2 ;#28 without left/right wing reg  5x2
9003   3E74 3C AC                              .DB $3C, $AC ;#29 without left/right wing reg  5x2
9004   3E76 3C B6                              .DB $3C, $B6 ;#30 without left/right wing reg  5x2
9005   3E78             
9006   3E78             ;wings down and move to right
9007   3E78 3C C0                              .DB $3C, $C0 ;#21                              6x2
9008   3E7A 3C CC                              .DB $3C, $CC ;#25                              6x2
9009   3E7C 3C D8                              .DB $3C, $D8 ;#26                              6x2
9010   3E7E 3C E4                              .DB $3C, $E4 ;#27                              6x2
9011   3E80             
9012   3E80             ; Bird-wave launch/spawn configuration table:
9013   3E80             ; It's read by `L3560`, the routine that sets up a new diving bird group.
9014   3E80             ; Byte 0:   -> $436E Bird count / formation-size for this dive (values `4`–`8`).
9015   3E80             ;           It's later used as a target/limit when the bird objects are populated and stepped.
9016   3E80             ; Byte 1:   (+ random, grid aligned) -> $436D Horizontal start position of the bird group.
9017   3E80             ;           (base values `$10`–`$60`). As each bird in the group is launched, the code reads $436D,
9018   3E80             ;           uses it as the X position, and advances it by 8 for the next bird.
9019   3E80             T3E80:
9020   3E80 05 40                              .DB $05, $40
9021   3E82 05 20                              .DB $05, $20
9022   3E84 04 30                              .DB $04, $30
9023   3E86 04 10                              .DB $04, $10
9024   3E88             ; 
9025   3E88 06 48                              .DB $06, $48
9026   3E8A 06 28                              .DB $06, $28
9027   3E8C 05 38                              .DB $05, $38
9028   3E8E 05 18                              .DB $05, $18
9029   3E90             ; 
9030   3E90 07 50                              .DB $07, $50
9031   3E92 07 30                              .DB $07, $30
9032   3E94 06 40                              .DB $06, $40
9033   3E96 06 20                              .DB $06, $20
9034   3E98             ; 
9035   3E98 08 58                              .DB $08, $58
9036   3E9A 08 38                              .DB $08, $38
9037   3E9C 07 48                              .DB $07, $48
9038   3E9E 07 28                              .DB $07, $28
9039   3EA0             ; 
9040   3EA0 06 10                              .DB $06, $10
9041   3EA2 05 20                              .DB $05, $20
9042   3EA4 05 30                              .DB $05, $30
9043   3EA6 05 40                              .DB $05, $40
9044   3EA8             ; 
9045   3EA8 08 18                              .DB $08, $18
9046   3EAA 07 28                              .DB $07, $28
9047   3EAC 07 38                              .DB $07, $38
9048   3EAE 06 48                              .DB $06, $48
9049   3EB0             ; 
9050   3EB0 08 20                              .DB $08, $20
9051   3EB2 07 30                              .DB $07, $30
9052   3EB4 07 40                              .DB $07, $40
9053   3EB6 07 50                              .DB $07, $50
9054   3EB8             ; 
9055   3EB8 08 30                              .DB $08, $30
9056   3EBA 08 40                              .DB $08, $40
9057   3EBC 08 50                              .DB $08, $50
9058   3EBE 08 60                              .DB $08, $60
9059   3EC0             
9060   3EC0             ; LSB table for draw routine ($3520) entry.
9061   3EC0             ; $3548, $3540, aso...
9062   3EC0             ; for: 7x2, 7x3, 7x3, 7x3, 7x4, 7x5, 7x6, 7x4, 7x5, 7x6, 7x7, 7x5, 7x7, 7x5, 7x4.
9063   3EC0             T3EC0:
9064   3EC0 FF                                 .DB $FF
9065   3EC1 48 40 40 40                        .DB $48, $40, $40, $40, $38, $30, $28, $38, $30, $28, $20, $30, $20, $30, $28
9065   3EC5 38 30 28 38 
9065   3EC9 30 28 20 30 
9065   3ECD 20 30 28 
9066   3ED0             
9067   3ED0             ; Vertical scrolling/descent motion of the birds attack formation.
9068   3ED0             ; Consumed by the bird vertical-movement routine `L2600` and its helper `L2668`.
9069   3ED0             ; Dithered vertical-scroll increment table:
9070   3ED0             ; Used to generate fractional (sub-pixel) scroll speeds for the formation's descent. In `L2600`.
9071   3ED0             ; - The index is `row + column`, where the *row* (`0/4/8/12`) is the animation-frame parity from `Counter9A+1`,
9072   3ED0             ;   and the column (`0–3`) is the descent sub-phase `B4BD5 & 3`.
9073   3ED0             ; - The value (only ever `0` or `1`) is added to the coarse speed `(B4BD5>>2)&7`
9074   3ED0             ;   to form the per-frame scroll delta, which is then subtracted from `CounterB9` and written to the hardware scroll register `$5800`.
9075   3ED0             ; This lets the game realise non-integer average descent rates (e.g. an effective 3 1/2 px/frame) by alternating between `n` and `n+1` across frames/sub-phases,
9076   3ED0             ; giving smooth variable-speed scrolling. (The alternate path `L2650` reuses the same table but adds to `CounterB9` for the return/upward motion.)
9077   3ED0             T3ED0:
9078   3ED0 01 01 01 01                        .DB $01, $01, $01, $01
9079   3ED4 00 00 01 01                        .DB $00, $00, $01, $01
9080   3ED8 00 01 01 01                        .DB $00, $01, $01, $01
9081   3EDC 00 00 00 01                        .DB $00, $00, $00, $01
9082   3EE0             
9083   3EE0             ; Descent-speed clamp curve table:
9084   3EE0             ; This 32-byte block is indexed by `B4BD6` (a 0–31 value) and acts as a per-position speed limit on the computed descent step in `L2668`.
9085   3EE0             ; `B4BD6` is computed in `L26D0`/`$26EE` as `(B4BD2 + D + E) & $1F` after scanning the live bird objects (`M4BA8…`).
9086   3EE0             ; So it encodes the formation's current vertical scroll phase combined with how many birds remain and where they are.
9087   3EE0             ; The table value caps `B` (a step candidate derived from `M436E`, the wave timer `Counter9A`, and `AliensLeft`),
9088   3EE0             ; and the clamped result becomes `B4BD5` — which is exactly the value Part 1 uses to pick the scroll increment.
9089   3EE0             ; The values trace a speed envelope across the descent: `5->4->3->2->1->0`, a flat `0` hold, 
9090   3EE0             ; then a gradual rise `1->2->...->8` and back to `6`.
9091   3EE0             ; In effect it makes the swooping formation decelerate to a stop, pause, then accelerate again as it moves through the screen.
9092   3EE0             T3EE0:
9093   3EE0 05 04 03 02                        .DB $05, $04, $03, $02, $01, $00
9093   3EE4 01 00 
9094   3EE6 00 00 00 00                        .DB $00, $00, $00, $00, $01, $01
9094   3EEA 01 01 
9095   3EEC 01 01 02 02                        .DB $01, $01, $02, $02
9096   3EF0 02 02 03 03                        .DB $02, $02, $03, $03
9097   3EF4 03 04 04 04                        .DB $03, $04, $04, $04
9098   3EF8 05 05 06 06                        .DB $05, $05, $06, $06
9099   3EFC 07 08 07 06                        .DB $07, $08, $07, $06
9100   3F00             
9101   3F00             ; A stack built coroutine dispatcher:
9102   3F00             ; Register contents and address for stack manipulation 
9103   3F00             ; used at level 3,4,8,9.
9104   3F00             ; T3F00 is a 16 * 8 byte per state descriptor table for the level 3/4/8/9 birds.
9105   3F00             ; Each entry holds two register constant words plus two routine addresses
9106   3F00             ; (a movement handler and a transition handler).
9107   3F00             ; `L35B0` dispatches it with a stack trick: it pushes the bird pointer, the two constants,
9108   3F00             ; and both addresses, then `RET`s — running the movement routine first,
9109   3F00             ; which `RET`s into the transition routine, which pops the constants and returns to the caller.
9110   3F00             ; It's an indirect double call built entirely on the stack.
9111   3F00             T3F00:
9112   3F00                                    .MSFIRST
9113   3F00             ; for bird index to character block shape (0)
9114   3F00 FF FF FF FF                        .DB $FF, $FF, $FF, $FF   ; not used
9115   3F04 FF FF                              .DB $FF, $FF         ; not used
9116   3F06 FF FF                              .DB $FF, $FF,        ; not used
9117   3F08             ; for bird index to character block shape (1)
9118   3F08 20 FF 02 FF                        .DB $20, $FF, $02, $FF   ;BC and DE register contents
9119   3F0C 36 D2                              .DW L36D2         ;address to call
9120   3F0E 36 C0                              .DW L36C0         ;address to call
9121   3F10             ; for bird index to character block shape (2)
9122   3F10 20 FF 03 FF                        .DB $20, $FF, $03, $FF   ;
9123   3F14 36 D2                              .DW L36D2         ;address
9124   3F16 35 E0                              .DW L35E0         ;address
9125   3F18             ; for bird index to character block shape (3)
9126   3F18 30 FF 04 FF                        .DB $30, $FF, $04, $FF   ;
9127   3F1C 36 D2                              .DW L36D2         ;address
9128   3F1E 35 E0                              .DW L35E0         ;address
9129   3F20             ; for bird index to character block shape (4)
9130   3F20 10 FF 05 FF                        .DB $10, $FF, $05, $FF   ;
9131   3F24 36 EA                              .DW L36EA         ;address
9132   3F26 35 E0                              .DW L35E0         ;address
9133   3F28             ; for bird index to character block shape (5)
9134   3F28 10 FF 06 FF                        .DB $10, $FF, $06, $FF   ;
9135   3F2C 36 EA                              .DW L36EA         ;address
9136   3F2E 36 C0                              .DW L36C0         ;address
9137   3F30             ; for bird index to character block shape (6)
9138   3F30 10 60 07 1F                        .DB $10, $60, $07, $1F   ;
9139   3F34 37 0A                              .DW L370A         ;address
9140   3F36 36 C0                              .DW L36C0         ;address
9141   3F38             ; for bird index to character block shape (7)
9142   3F38 F0 10 0B 1A                        .DB $F0, $10, $0B, $1A   ;
9143   3F3C 37 0A                              .DW L370A         ;address
9144   3F3E 36 C0                              .DW L36C0         ;address
9145   3F40             ; for bird index to character block shape (8)
9146   3F40 40 FF 04 FF                        .DB $40, $FF, $04, $FF   ;
9147   3F44 36 EA                              .DW L36EA,        ;address
9148   3F46 36 C0                              .DW L36C0         ;address
9149   3F48             ; for bird index to character block shape (9)
9150   3F48 10 FF 08 FF                        .DB $10, $FF, $08, $FF   ;
9151   3F4C 36 EA                              .DW L36EA         ;address
9152   3F4E 36 C0                              .DW L36C0         ;address
9153   3F50             ; for bird index to character block shape (A)
9154   3F50 40 10 0F 17                        .DB $40, $10, $0F, $17   ;
9155   3F54 37 0A                              .DW L370A         ;address
9156   3F56 36 C0                              .DW L36C0         ;address
9157   3F58             ; for bird index to character block shape (B)
9158   3F58 10 FF 0A FF                        .DB $10, $FF, $0A, $FF   ;
9159   3F5C 36 EA                              .DW L36EA         ;address
9160   3F5E 35 E0                              .DW L35E0         ;address
9161   3F60             ; for bird index to character block shape (C)
9162   3F60 FF FF FF FF                        .DB $FF, $FF, $FF, $FF   ;
9163   3F64 36 CC                              .DW L36CC         ;address
9164   3F66 35 E0                              .DW L35E0         ;address
9165   3F68             ; for bird index to character block shape (D)
9166   3F68 FF FF FF FF                        .DB $FF, $FF, $FF, $FF   ;
9167   3F6C 36 CC                              .DW L36CC         ;address
9168   3F6E 35 E0                              .DW L35E0         ;address
9169   3F70             ; for bird index to character block shape (E)
9170   3F70 10 FF 06 FF                        .DB $10, $FF, $06, $FF   ;
9171   3F74 36 EA                              .DW L36EA         ;address
9172   3F76 35 E0                              .DW L35E0         ;address
9173   3F78             ; for bird index to character block shape (F)
9174   3F78 10 10 07 79                        .DB $10, $10, $07, $79   ;
9175   3F7C 37 0A                              .DW L370A         ;address
9176   3F7E 35 E0                              .DW L35E0         ;address
9177   3F80             
9178   3F80             ;
9179   3F80             ;level 3 and 8 initial data for the 8 birds.
9180   3F80             ;data will be copied to $4B70-$4BAF
9181   3F80             ;..........................:index to first character block shape
9182   3F80             ;...............................:MSB of initial screen address
9183   3F80             ;....................................:LSB of the initial screen address
9184   3F80             ;.........................................:animation phase / current shape frame
9185   3F80             ;..............................................:movement-step countdown timer
9186   3F80             ;...................................................: grid coordinate x
9187   3F80             ;........................................................:horizontal movement step (velocity)
9188   3F80             ;.............................................................: grid coordinate y
9189   3F80             T3F80:
9190   3F80 01 48 EE 00                        .DB $01, $48, $EE, $00, $10, $B0, $10, $20       ; 0
9190   3F84 10 B0 10 20 
9191   3F88 01 49 2C 00                        .DB $01, $49, $2C, $00, $10, $A0, $00, $B0       ; 1
9191   3F8C 10 A0 00 B0 
9192   3F90 01 49 6A 00                        .DB $01, $49, $6A, $00, $10, $90, $00, $B8       ; 2
9192   3F94 10 90 00 B8 
9193   3F98 01 49 A8 00                        .DB $01, $49, $A8, $00, $10, $80, $00, $C0       ; 3
9193   3F9C 10 80 00 C0 
9194   3FA0 01 49 E6 00                        .DB $01, $49, $E6, $00, $10, $70, $00, $C8       ; 4
9194   3FA4 10 70 00 C8 
9195   3FA8 01 4A 24 00                        .DB $01, $4A, $24, $00, $10, $60, $00, $C8       ; 5
9195   3FAC 10 60 00 C8 
9196   3FB0 01 4A 62 00                        .DB $01, $4A, $62, $00, $10, $50, $00, $C8       ; 6
9196   3FB4 10 50 00 C8 
9197   3FB8 01 4A A0 00                        .DB $01, $4A, $A0, $00, $10, $40, $00, $C8       ; 7
9197   3FBC 10 40 00 C8 
9198   3FC0             
9199   3FC0             ;level 4 and 9 initial data for the 8 birds.
9200   3FC0 01 4A CE 00                        .DB $01, $4A, $CE, $00, $10, $38, $00, $B0       ; 0
9200   3FC4 10 38 00 B0 
9201   3FC8 01 48 CC 00                        .DB $01, $48, $CC, $00, $10, $B8, $10, $20       ; 1
9201   3FCC 10 B8 10 20 
9202   3FD0 01 4A CA 00                        .DB $01, $4A, $CA, $00, $10, $38, $00, $B8       ; 2
9202   3FD4 10 38 00 B8 
9203   3FD8 01 48 C8 00                        .DB $01, $48, $C8, $00, $10, $B8, $10, $18       ; 3
9203   3FDC 10 B8 10 18 
9204   3FE0 01 4A C6 00                        .DB $01, $4A, $C6, $00, $10, $38, $00, $C0       ; 4
9204   3FE4 10 38 00 C0 
9205   3FE8 01 48 C4 00                        .DB $01, $48, $C4, $00, $10, $B8, $10, $10       ; 5
9205   3FEC 10 B8 10 10 
9206   3FF0 01 4A C2 00                        .DB $01, $4A, $C2, $00, $10, $38, $00, $C8       ; 6
9206   3FF4 10 38 00 C8 
9207   3FF8 01 48 C0 00                        .DB $01, $48, $C0, $00, $10, $B8, $10, $08       ; 7
9207   3FFC 10 B8 10 08 
9208   4000             ;********************************************************************
9209   4000             ;* End                                                              *
9210   4000             ;********************************************************************
9211   4000             .END
